date,return,nav,gross
2021-08-11,0.0,100000.0,0.0
2021-08-12,0.0,100000.0,0.0
2021-08-13,0.0,100000.0,0.0
2021-08-16,0.0,100000.0,0.0
2021-08-17,0.0,100000.0,0.0
2021-08-18,0.0,100000.0,0.0
2021-08-19,0.0,100000.0,0.0
2021-08-20,0.0,100000.0,0.0
2021-08-23,0.0,100000.0,0.0
2021-08-24,0.0,100000.0,0.0
2021-08-25,0.0,100000.0,0.0
2021-08-26,0.0,100000.0,0.0
2021-08-27,0.0,100000.0,0.0
2021-08-30,0.0,100000.0,0.0
2021-08-31,0.0,100000.0,0.0
2021-09-01,0.0,100000.0,0.0
2021-09-02,0.0,100000.0,0.0
2021-09-03,0.0,100000.0,0.0
2021-09-07,0.0,100000.0,0.0
2021-09-08,0.0,100000.0,0.0
2021-09-09,0.0,100000.0,0.0
2021-09-10,0.0,100000.0,0.0
2021-09-13,0.0,100000.0,0.0
2021-09-14,0.0,100000.0,0.0
2021-09-15,0.0,100000.0,0.0
2021-09-16,0.0,100000.0,0.0
2021-09-17,0.0,100000.0,0.0
2021-09-20,0.0,100000.0,0.0
2021-09-21,0.0,100000.0,0.0
2021-09-22,0.0,100000.0,0.0
2021-09-23,-2.03444496446048e-05,99997.96555503554,0.040689727099320616
2021-09-24,-0.00044724349344360537,99953.24211558345,0.04026048984800444
2021-09-27,-0.0005601799469683311,99897.25031371582,0.039722561683533386
2021-09-28,-0.001223106987741418,99775.06528880096,0.03854660131321187
2021-09-29,-8.084543843367431e-05,99766.99892990294,0.038468865907108435
2021-09-30,-0.00042924353312445707,99724.17459079305,0.038055957647701116
2021-10-01,0.0005876362592895923,99782.77613171031,0.0386208988664504
2021-10-04,-0.0006384014099105606,99719.07466674304,0.03800676102636517
2021-10-05,0.0006697363341798823,99785.86015425815,0.038650611641590234
2021-10-06,8.319743453277795e-06,99786.6903470149,0.03865860975532812
2021-10-07,0.00012602079742407568,99799.26554530475,0.038779743498552836
2021-10-08,-0.00012600491818393067,99786.6903470149,0.03865860975532812
2021-10-11,0.00015574855808764276,99802.23198015278,0.03880831397447245
2021-10-12,0.00014143213968487167,99816.34722336706,0.03894423814722775
2021-10-13,0.0004124284338260509,99857.51432312264,0.039340441464394735
2021-10-14,0.0010420628949003863,99961.57213357576,0.06752034361370421
2021-10-15,0.0008291423542516885,100044.45450682928,0.06829286146402294
2021-10-18,-6.102942239460951e-05,100038.34885155695,0.0682359964450779
2021-10-19,0.0007476303413505025,100113.14055645697,0.10305848163117018
2021-10-20,0.0003562313768425973,100148.80399835744,0.10337788656114806
2021-10-21,0.00033331687200655047,100182.18528444138,0.10313252055223635
2021-10-22,0.0008856611943144355,100270.91275830942,0.14455019907550087
2021-10-25,0.0005757942386466208,100328.6481721795,0.14504247869055858
2021-10-26,7.138371314385772e-05,100335.81000362073,0.17533518259203465
2021-10-27,0.0003385102361024295,100369.7747023546,0.24669323294992776
2021-10-28,0.0011433418675126372,100484.53166800461,0.36373900785435753
2021-10-29,0.0051148972129919645,100998.49971898209,0.5370605395407975
2021-11-01,0.0050238391261709925,101505.89993355487,0.5414670781884817
2021-11-02,0.0036290569190766675,101874.27062203585,0.5429232864122373
2021-11-03,0.0013306350193076355,102009.82809409195,0.5493234726105235
2021-11-04,0.0029162397998403478,102307.3132147548,0.5560632689249291
2021-11-05,0.0004134028958298064,102349.60735430234,0.5671339263938079
2021-11-08,0.0005861468835521855,102409.59925768586,0.5640334009836843
2021-11-09,0.001535575859928251,102566.85696613089,0.5684644056341329
2021-11-10,-0.0020921799086702775,102352.2686486909,0.5607870605373081
2021-11-11,0.010009234556027646,103376.73651293719,0.5367173277758666
2021-11-12,0.0029432186459179555,103680.99685139621,0.5426181679702994
2021-11-15,-0.007269795210919194,102927.2572370226,0.5482138068596998
2021-11-16,0.004503511576429808,103390.7913315197,0.5101768201321601
2021-11-17,-0.006098545374360609,102760.25789929337,0.5082793024062023
2021-11-18,-0.004661425299115951,102281.24863337792,0.49639197541162056
2021-11-19,0.004706130309116929,102762.59751762579,0.4608174069256875
2021-11-22,0.0014011587929265712,102906.58423472158,0.45295297236070364
2021-11-23,0.006076973962946264,103531.94486773173,0.4442047105626014
2021-11-24,-0.0005179168053698335,103478.32393359211,0.3889117820519898
2021-11-26,-0.005865024985287182,102871.42097828595,0.07738390670887932
2021-11-29,0.0004507603102366087,102917.7913319206,0.07975133461698355
2021-11-30,-0.0005477015120642914,102861.42310198979,0.07825791401790008
2021-12-01,-0.0005997967378513769,102799.72715596246,0.07880959413433532
2021-12-02,0.0016117981879715249,102965.41956991641,0.09417096130839525
2021-12-03,-0.00040868278057526464,102923.33937594348,0.09364047848481635
2021-12-06,9.85605256624833e-05,102933.48355437531,0.09411296911726676
2021-12-07,0.0006866855227016799,103004.16648733335,0.09707289827028312
2021-12-08,-0.00039773366845985425,102963.1982623297,0.09681422239407719
2021-12-09,-0.0001966802531082612,102942.94743443462,0.09549834642728823
2021-12-10,0.0006016337005592121,103004.88138084608,0.09606408587412561
2021-12-13,-0.000612858920243764,102941.75392046318,0.09412814394542604
2021-12-14,-0.0010000473573904545,102838.80729148988,0.09337848530929342
2021-12-15,0.0019083412030533875,103035.0588247171,0.09656376475342467
2021-12-16,-0.0007505781521225385,102957.7229606606,0.16456468963858595
2021-12-17,-0.0016072073772676054,102792.24854877155,0.14510655357595326
2021-12-20,-0.001587835355200795,102629.03138228522,0.1437469647335592
2021-12-21,0.0025246753975027847,102888.13637288562,0.12851184678940947
2021-12-22,0.0009211648310731846,102982.91330564699,0.1149158219903227
2021-12-23,0.0012825487492913457,103114.99391230552,0.11604953155805837
2021-12-27,0.0012901282469859332,103248.02547863957,0.11718847164755065
2021-12-28,-0.0016438496246226064,103078.30125071348,0.11573487275005404
2021-12-29,-3.8399630295726794e-05,103074.34308205395,0.11570091599215739
2021-12-30,0.00036220401364062127,103111.67702282165,0.10093686859894947
2021-12-31,-0.000613910082932434,103048.37572462927,0.10038458562530342
2022-01-03,-0.00047620142766946483,102999.30394099018,0.09995598337962347
2022-01-04,-0.00183663743386131,102810.1315637105,0.09829988719833493
2022-01-05,-0.007021168332866368,102088.28432367755,0.09192413368190207
2022-01-06,-5.5393848381601885e-05,102082.62926073419,0.09187382907847867
2022-01-07,-0.0006111548438558767,102020.24096738794,0.09131848396843371
2022-01-10,0.0027054025363393297,102296.24678605907,0.09377020036686748
2022-01-11,0.000724011129424218,102370.3104072305,0.09442584613278618
2022-01-12,0.00044192992447666946,102415.55091077741,0.09482586966784207
2022-01-13,-0.0028015500244427116,102128.62862162001,0.0
2022-01-14,0.0,102128.62862162001,0.0
2022-01-18,0.0,102128.62862162001,0.0
2022-01-19,0.0,102128.62862162001,0.0
2022-01-20,0.0,102128.62862162001,0.0
2022-01-21,0.0,102128.62862162001,0.0
2022-01-24,0.0,102128.62862162001,0.0
2022-01-25,0.0,102128.62862162001,0.0
2022-01-26,-8.61239229583699e-05,102119.83290347675,0.17226268185491803
2022-01-27,0.0019174736412435056,102315.64499131736,0.6001689924072946
2022-01-28,0.020327722942219628,104395.48907535535,0.6081347212249103
2022-01-31,0.020829711796166217,106570.01702561483,0.6161306099862663
2022-02-01,0.00025074712627937146,106596.73915113154,0.6162268400032787
2022-02-02,0.003423040435021507,106961.6240994873,0.6175360296387641
2022-02-03,-0.0146627642909809,105393.27101713601,0.6118445984779756
2022-02-04,0.005788225548521986,106003.3110410797,0.6140783997443021
2022-02-07,-0.002778118877424851,105708.82124160693,0.6130032768421958
2022-02-08,0.009682536522845453,106732.35076406572,0.6167144531482665
2022-02-09,0.014176778429630055,108245.47165212143,0.622072251106735
2022-02-10,-0.012462638781314817,106896.44743920799,0.6173028345713649
2022-02-11,-0.01912103108044272,104852.47714533398,0.6098426232441524
2022-02-14,-0.0036124483587041123,104473.70298636425,0.6084280899403428
2022-02-15,0.020511522904909762,106616.6177381298,0.6162983942160313
2022-02-16,0.0034586777193317264,106985.37025841119,0.6176209202196062
2022-02-17,-0.016665431478195436,105202.41290120027,0.6111404073232123
2022-02-18,-0.006097670455972759,104560.92325615557,0.6087547225538903
2022-02-22,-0.009463191810250682,103571.44318352567,0.6050169219242564
2022-02-23,-0.01900233265552087,101603.34416653993,0.4243102473847868
2022-02-24,0.01770491766420368,103402.22300941627,0.0
2022-02-25,0.0,103402.22300941627,0.0
2022-02-28,-1.6842359352953196e-05,103400.48147201845,0.02720734642154015
2022-03-01,0.0005734387714875222,103459.77531708499,0.02661547497890607
2022-03-02,-0.001988358088868436,103254.06023596076,0.02865740944676659
2022-03-03,0.0005366546880127832,103309.47201144275,0.02810232620324218
2022-03-04,0.00028789142004148616,103339.21392204385,0.1186402877453748
2022-03-07,-0.001941423301934031,103138.58876413206,0.11411359549114636
2022-03-08,0.003485184038552136,103498.04572745161,0.11816432131292237
2022-03-09,0.002047307231512141,103709.9380249168,0.12182171504262143
2022-03-10,-0.0018130457683013246,103521.90716064993,0.22034141379284208
2022-03-11,-0.0030404041743073984,103207.15872198643,0.21800981373542672
2022-03-14,-0.006776376518863425,102507.78815504415,0.21130996130569116
2022-03-15,0.009332051456521162,103464.39610880119,0.22003526248171107
2022-03-16,0.004599348981578988,103940.26497367388,0.22349260220203068
2022-03-17,0.008749732069710747,104849.71444344826,0.22869363752207206
2022-03-18,0.0037283625864950043,105240.6321959839,0.232946757114266
2022-03-21,-0.0031342814969570476,104910.77842976396,0.2310539920464899
2022-03-22,0.007392087761063149,105686.28811099823,0.23739964535389735
2022-03-23,-0.0016433961906958672,105512.60366770782,0.2357394904007322
2022-03-24,0.007746739215490406,106329.98229226895,0.2425627429976751
2022-03-25,-0.0006576286004036369,106260.05665483314,0.24339767824446887
2022-03-28,0.00038381578273782857,106300.84094165187,0.2149935621688877
2022-03-29,0.002765443449321392,106594.8099058913,0.21715846616050066
2022-03-30,-0.00280270306480368,106296.0563054759,0.21495822717781307
2022-03-31,-0.0004007341043844592,106253.45985055272,0.21464350804738785
2022-04-01,-0.0004475663672385277,106205.90437552088,0.11635011455334221
2022-04-04,0.0006025555379483016,106269.89933136517,0.11688224204905615
2022-04-05,-0.004628743018927128,105778.00327671303,0.11277550787491092
2022-04-06,-0.004481080779395019,105304.00349934697,0.1087818875208319
2022-04-07,0.0029363603393282034,105613.21399879493,0.0
2022-04-08,0.0,105613.21399879493,0.0
2022-04-11,0.0,105613.21399879493,0.0
2022-04-12,0.0,105613.21399879493,0.0
2022-04-13,-2.038779471758012e-05,105611.06077826847,0.04077642077629388
2022-04-14,-0.00041405486853862694,105567.3320043817,0.11262473126825959
2022-04-18,0.002706443058871244,105853.0439773285,0.11501987957242973
2022-04-19,0.001712635933891038,106034.33170415583,0.11653293701091419
2022-04-20,0.0004008548493001918,106076.83608021174,0.11688693716463197
2022-04-21,-0.0009884953023622245,105971.979626057,0.11601312028668552
2022-04-22,-0.003174463743078171,105635.57541895186,0.11319799948877339
2022-04-25,-0.00015450136840644557,105619.25457799723,0.11306096619435725
2022-04-26,-0.0024764916696118355,105357.6893738842,0.11085901595425746
2022-04-27,-0.001472622407008295,105202.5372797616,0.23753587817631153
2022-04-28,0.0015152753673126629,105361.94809308041,0.5580984534361564
2022-04-29,-0.0182012363159616,103444.23037712817,0.5777044008404767
2022-05-02,0.011216623967371664,104604.52541086258,0.5977228704769059
2022-05-03,0.003918594915348184,105014.42817226,0.5992930785817203
2022-05-04,0.023913169247726573,107525.65596659649,0.6086514623962882
2022-05-05,-0.02892976743390463,104414.96374630481,0.5969925506113433
2022-05-06,-0.007284227974352908,103654.38134644294,0.5940354120028579
2022-05-09,-0.027590992062504927,100794.45413346938,0.5825166317019177
2022-05-10,-0.00899337440993786,99887.97186900178,0.5787279746495078
2022-05-11,-0.011784303620989589,98710.86168041259,0.5332370140674395
2022-05-12,0.0034776495746413616,99054.14346654796,0.46381112158006055
2022-05-13,0.018740742067700822,100910.49161999158,0.47367484554347306
2022-05-16,-0.007876183590778796,100115.70206175678,0.46949650260241954
2022-05-17,0.011887540344302616,101305.8315091141,0.4757287976714561
2022-05-18,-0.02248956587984985,99027.50733737691,0.4636668990644214
2022-05-19,0.0014213250915937614,99168.25761831351,0.5406872982598565
2022-05-20,0.004107936438634496,99575.63451733967,0.5425664063873135
2022-05-23,0.004210872596810411,99994.93482803875,0.5444845240225301
2022-05-24,-0.01571233509977199,98423.78090374074,0.5372130605500953
2022-05-25,0.010415090739273047,99448.87351275554,0.5323897806165461
2022-05-26,0.014541174457318284,100894.97693208829,0.341101234387408
2022-05-27,0.01304160348045924,102210.80921440668,0.5191500074638299
2022-05-31,-0.007602850552204332,101433.71570712967,0.4997780709705642
2022-06-01,-0.006645205203677507,100759.66785168431,0.4964317566595113
2022-06-02,0.021173955830463997,102893.1486082681,0.5068732017054188
2022-06-03,-0.015514986818706333,101296.76276387562,0.4991017723052209
2022-06-06,0.0005011143148805353,101347.52402174765,0.4993526538570801
2022-06-07,0.0062100172437060674,101976.89389352962,0.5024424945456868
2022-06-08,-0.006811584468968679,101282.26966689079,0.4990300957263155
2022-06-09,-0.011171156847192942,100150.82954660225,0.4933704576452489
2022-06-10,-0.018383640992443717,98309.6926511221,0.4838823357966764
2022-06-13,-0.020883881768061663,96256.60465314158,0.4728738965759086
2022-06-14,0.0004608255355007529,96300.96215452635,0.47311669785576566
2022-06-15,0.010033781087039895,97267.22492725619,0.4783508116162404
2022-06-16,-0.020831502979218652,95241.00244140372,0.3848863743992084
2022-06-17,0.004216419877054234,95642.57849720823,0.4926420157866214
2022-06-21,0.011056571958592887,96700.05754866799,0.49819031072560294
2022-06-22,-0.0017678867982682256,96529.10279353592,0.39301942028430575
2022-06-23,0.006053796264855693,97113.4703154773,0.2907732108406134
2022-06-24,0.008467355889203443,97935.76463027403,0.11032162222083597
2022-06-27,-0.0018921853711674208,97750.45200912653,0.10863499439686321
2022-06-28,-0.004401617934949642,97320.19186641372,0.104694200331779
2022-06-29,0.0008217920841764315,97400.16882972006,0.10542935140952715
2022-06-30,-0.0006980946399868238,97332.17429392622,0.10480442017351045
2022-07-01,0.0006928593831541097,97399.61180416855,0.10542423538596546
2022-07-05,0.0022917008046716703,97622.82257291487,0.10746964791203933
2022-07-06,0.0018097617250660836,97799.49662070026,0.1090819972136545
2022-07-07,0.0022965911526917626,98024.10207937707,0.11112338338720198
2022-07-08,-0.0004122138104321049,97983.69519074475,0.1107568250696633
2022-07-11,-0.0015016328510181198,97836.55965518218,0.1094195001345892
2022-07-12,-0.0024552153995575088,97596.34982727705,0.10722755147065936
2022-07-13,-0.0010279060312511357,97496.0299506615,0.10630892102050105
2022-07-14,0.0002915360831976521,97524.45356136063,0.10656938828165012
2022-07-15,0.0019173300674149019,97711.44012848203,0.0
2022-07-18,0.0,97711.44012848203,0.0
2022-07-19,0.0,97711.44012848203,0.0
2022-07-20,0.0,97711.44012848203,0.0
2022-07-21,0.0,97711.44012848203,0.0
2022-07-22,0.0,97711.44012848203,0.0
2022-07-25,0.0,97711.44012848203,0.0
2022-07-26,0.0,97711.44012848203,0.0
2022-07-27,-6.212262567439897e-05,97705.37003726282,0.10035816829485585
2022-07-28,-0.001991208131313593,97510.81830997163,0.20304950243094955
2022-07-29,0.0020870371020729195,97714.32700563803,0.373534255365989
2022-08-01,-0.008183705150764498,96914.6617644185,0.3862474303412704
2022-08-02,0.006764305329350684,97570.22212748378,0.3773111143917001
2022-08-03,-3.162152239533089e-05,97567.13680851966,0.38562091098093126
2022-08-04,0.005803258845051618,98133.34415819007,0.38617261731702957
2022-08-05,0.0018179823840012155,98311.74884915279,0.38397729982855644
2022-08-08,2.293117683915824e-05,98314.00325325102,0.38526436467660574
2022-08-09,0.0013527697330510957,98446.99946118711,0.37989666852491083
2022-08-10,0.0014421113260740803,98588.9709941281,0.3913679622763927
2022-08-11,-0.003203002916363551,98273.19023251263,0.38879826622695013
2022-08-12,-0.0013345151510859576,98142.04317120179,0.39415237955758053
2022-08-15,-0.0019904575437935668,97946.69560100835,0.3956091786142686
2022-08-16,-0.002518933938325474,97699.97434531213,0.3958820386407851
2022-08-17,0.0022390087540609116,97918.72544314282,0.3884437222859224
2022-08-18,-0.0021079615054281353,97712.31653924809,0.39164911815592673
2022-08-19,0.003071298144742718,98012.42019575358,0.3815631766249284
2022-08-22,0.0026411790584650596,98271.28854744408,0.3694763350648828
2022-08-23,-0.0007765681158070636,98194.97419805886,0.36989450377274463
2022-08-24,-0.0028315527169610055,97916.92995207643,0.26699421082783326
2022-08-25,-0.0006035084102878896,97857.83626134078,0.23769043226684058
2022-08-26,0.01063510707799531,98898.56482840107,0.13681945475587617
2022-08-29,0.0001354705648812793,98911.96267284431,0.13327756549912315
2022-08-30,-9.550785505552106e-05,98902.5158034501,0.13054205895897328
2022-08-31,-0.00020372939473123353,98882.36645376806,0.1273838371218996
2022-09-01,0.0033976760156217978,99218.33669863595,0.12113220888377667
2022-09-02,0.0008280379556577788,99300.49324731965,0.16001693895127125
2022-09-06,-0.00040157384641392735,99260.61676629553,0.15823722938964477
2022-09-07,0.0019304250154692504,99452.2319439521,0.1618760214642659
2022-09-08,0.0014258442202874644,99594.03533406407,0.1652660729824186
2022-09-09,0.0015238521235581004,99745.80191630161,0.16968841769816942
2022-09-12,0.0007860757819637687,99824.20967554058,0.17128162200764127
2022-09-13,0.00022434848956143227,99846.60508620295,0.16059830334536074
2022-09-14,0.0011298986952359424,99959.4216350136,0.16152813097477392
2022-09-15,-0.002587065402583577,99700.82007363939,0.25681640857110877
2022-09-16,-0.00442063917275759,99260.0787228658,0.25566446672586157
2022-09-19,-0.0021840871701628295,99043.28605841784,0.25550977361470734
2022-09-20,-0.0027378664805152164,98772.11876539842,0.2518238897049909
2022-09-21,-0.00219997635630953,98554.82243945195,0.25086222750856496
2022-09-22,-0.00018445909377928782,98536.64310621719,0.2971127804599071
2022-09-23,-0.0028686199739992313,98253.97892363186,0.3343506900920956
2022-09-26,-0.000924619163155671,98163.13141186278,0.3337346483802414
2022-09-27,-0.0005021167297901696,98113.8420613323,0.3333999373366991
2022-09-28,0.005714724622921885,98674.53565040967,0.33718772695385074
2022-09-29,-0.005762510350798555,98105.92261736395,0.3333461271109275
2022-09-30,-0.0033596434665659203,97776.3216954111,0.29435786747687553
2022-10-03,0.007456263062131541,98505.36767121968,0.2995803804143839
2022-10-04,0.008653334746208774,99357.76759197711,0.30558934823543576
2022-10-05,-0.00046562131129646023,99311.50449794345,0.3052658652165954
2022-10-06,-0.0010855911991680678,99203.69280268434,0.30451084831440867
2022-10-07,-0.009976729160113496,98213.96442790885,0.29750221820990846
2022-10-10,-0.0021201281535068173,98005.73823685772,0.2960096684882737
2022-10-11,-0.0009523867818197473,97912.39886721845,0.2953385582454887
2022-10-12,-0.001508114667920335,97764.73574231553,0.29427424287964643
2022-10-13,0.006026944538169543,98353.95838242327,0.20288041428747589
2022-10-14,-0.004832223524663726,97878.69007098392,0.33784029197362214
2022-10-17,0.007782153848203466,98640.39709557695,0.342953528698708
2022-10-18,0.0044575334764098695,99080.08996775685,0.43644877088129225
2022-10-19,-0.003400043621323956,98743.21333986177,0.5347816103522419
2022-10-20,-0.004934037683918313,98256.01060421171,0.5032021479068163
2022-10-21,0.014470108382065527,99677.78572684404,0.40766073304398065
2022-10-24,0.0027498004359802763,99951.87974549326,0.4092850811852774
2022-10-25,0.0058454448381661805,100536.14294501657,0.42094156462173576
2022-10-26,0.0031443464144742528,100852.2634056108,0.5645654161722692
2022-10-27,-0.0008152538845230817,100770.04320610643,0.6123458356120334
2022-10-28,0.002406663056998104,101012.56274634268,0.6253537747270018
2022-10-31,0.0022501934155791936,101239.86054992527,0.6202017072056073
2022-11-01,0.003768399495347019,101621.3727893306,0.6184456324563965
2022-11-02,-0.006101469697701978,101001.33306261763,0.6135269053663844
2022-11-03,-0.005507080017834065,100445.11063953389,0.6146093985800153
2022-11-04,0.0011488577627341012,100560.5077846208,0.6260474761679796
2022-11-07,-0.0006364815539987578,100496.50287635514,0.6358073799117444
2022-11-08,-0.00029619566535521447,100466.7362478198,0.6409638098846518
2022-11-09,-0.003224065847387325,100142.82487468474,0.6332121145332814
2022-11-10,0.01055310288293776,101199.6424085753,0.6617535565357697
2022-11-11,0.0027833628421467527,101481.31773289386,0.5144951063213328
2022-11-14,0.00040469892245620365,101522.38711282979,0.5092973051184849
2022-11-15,-0.0013069259132575395,101389.70487433627,0.40977964287631097
2022-11-16,0.0013616471647803774,101527.76187851632,0.2961861201250003
2022-11-17,-0.00021510872755126087,101505.9223708475,0.2925000117219945
2022-11-18,0.0009253612791555454,101599.85202101446,0.2912870931944737
2022-11-21,0.0026722080613015287,101871.34796461207,0.2870254484325309
2022-11-22,-0.003933712357493513,101470.61538424915,0.28466411106487916
2022-11-23,-0.004915713011387823,100971.81495993126,0.12545493826850132
2022-11-25,0.0007937778952282759,101051.96415468754,0.07742354214238134
2022-11-28,0.0020991341303728817,101264.08578158586,0.07515767584544743
2022-11-29,0.0008839148967114685,101353.59461551008,0.07419933399020451
2022-11-30,-0.006122041244670862,100733.10372897828,0.08080651512302219
2022-12-01,-0.0010220336520284645,100630.15110709399,0.08190251556780864
2022-12-02,0.0012231470652308563,100753.23658109436,0.0889930077277841
2022-12-05,0.0015892555192895674,100913.35921841714,0.0872546782594585
2022-12-06,0.003313185554382647,101247.70390242383,0.08365433851381007
2022-12-07,-0.0005143359935428915,101195.62856404325,0.08420196372044754
2022-12-08,-0.005238702202517542,100665.49480179965,0.08990098397483055
2022-12-09,0.0008298543962885763,100749.0325052155,0.08898668114627509
2022-12-12,-0.002763891085648895,100470.57315238658,0.09199391199822442
2022-12-13,-0.002757848318886702,100193.49055112069,0.09500248412948521
2022-12-14,0.0020625588601153044,100400.14552278278,0.092737585580766
2022-12-15,0.003914764925964098,100793.18849103707,0.007538352943435995
2022-12-16,0.00014328339306057813,100807.63048108146,0.1070399376186062
2022-12-19,-0.00291841806683657,100513.43167101049,0.10420424963887562
2022-12-20,0.0028124384055798757,100796.11950651866,0.10649514014496474
2022-12-21,0.001199963195611664,100917.07114018695,0.10796574011369116
2022-12-22,-0.0011293100321396743,100803.10447933419,0.10628000802959488
2022-12-23,0.0005266168520496883,100856.18909289193,0.10679641585491349
2022-12-27,-0.0005848947695249462,100797.19883541728,0.10584503451064103
2022-12-28,-0.0015464855051129378,100641.31742846232,0.10420809952420473
2022-12-29,0.002264084528753596,100869.17787820548,0.10675198297660446
2022-12-30,-0.00043945057516514563,100824.85085997047,0.09949337709735305
2023-01-03,0.00043631644666008995,100868.84240063271,0.09988611159073305
2023-01-04,0.0008647401845787162,100956.06774202848,0.10066380373908605
2023-01-05,-0.0034251151392846735,100610.2815860026,0.09757288697215342
2023-01-06,0.0015677963424389763,100768.0180174849,0.0989854942188016
2023-01-09,0.002443451453352896,101014.23977756122,0.10118171306830522
2023-01-10,-0.0005784777459917345,100955.80528782163,0.10066146574012294
2023-01-11,0.0016555861576825759,101122.94632159384,0.10214793718696306
2023-01-12,0.0006283774399051811,101186.48969971907,0.1027117728659865
2023-01-13,-0.0002608532953184417,101160.09487043919,0.0
2023-01-17,0.0,101160.09487043919,0.0
2023-01-18,0.0,101160.09487043919,0.0
2023-01-19,0.0,101160.09487043919,0.0
2023-01-20,0.0,101160.09487043919,0.0
2023-01-23,0.0,101160.09487043919,0.0
2023-01-24,0.0,101160.09487043919,0.0
2023-01-25,0.0,101160.09487043919,0.0
2023-01-26,0.0,101160.09487043919,0.0
2023-01-27,0.0,101160.09487043919,0.0
2023-01-30,0.0,101160.09487043919,0.0
2023-01-31,0.0,101160.09487043919,0.0
2023-02-01,0.0,101160.09487043919,0.0
2023-02-02,-1.3663767869265264e-05,101158.71264238525,0.027327909140728256
2023-02-03,0.0005562897756252738,101214.98619994361,0.24789984787197972
2023-02-06,0.0036703850926347314,101586.4841764431,0.24307700007457675
2023-02-07,-0.009099043703792331,100662.14431720704,0.2548002035224794
2023-02-08,0.01610446372331742,102283.25416867484,0.23505955254115807
2023-02-09,0.008575037330476709,103160.33689145386,0.3233388989201072
2023-02-10,0.003402649117895118,103511.35532077933,0.32379712167556635
2023-02-13,0.0010084326138002364,103615.73954738346,0.3255121229462156
2023-02-14,-0.0008566624916008792,103526.97582977373,0.32484062622122806
2023-02-15,-0.006435352972597896,102860.74319812353,0.3293146006397152
2023-02-16,0.0009793595136009525,102961.48084555067,0.3956756722514492
2023-02-17,0.003394046188964106,103310.9368672246,0.39305634746978096
2023-02-21,0.004129673831503755,103737.57733971333,0.3850773628482642
2023-02-22,-0.001031259296538578,103630.59699868136,0.4546338129868997
2023-02-23,-0.002319983236194645,103390.17575088757,0.4593094343204942
2023-02-24,0.0054543105376185785,103954.09787597187,0.44923727086429655
2023-02-27,-0.0003778068803103052,103914.82330255788,0.4782913028848247
2023-02-28,-0.0037258063955185605,103527.65678930804,0.4815469689682025
2023-03-01,0.0013679642190911334,103669.27891948215,0.4815536670229077
2023-03-02,-0.0024949385236719968,103410.63044178464,0.4591546931719526
2023-03-03,-0.004596780735213746,102935.27444795353,0.37618109223393076
2023-03-06,0.0017069450197251257,103110.9793020265,0.37649400359174323
2023-03-07,0.0002738378122779661,103139.21498702042,0.372440929450502
2023-03-08,-0.001318625354328029,103003.21300311304,0.37075088958871305
2023-03-09,-0.0011302451458685692,102886.7941216074,0.2675930632025167
2023-03-10,0.0031912063228762833,103215.12710954873,0.2745286469574918
2023-03-13,0.0020608019283578916,103427.8330425318,0.27215418899300775
2023-03-14,0.002145499214877944,103649.73737712107,0.27524606201434737
2023-03-15,0.004030861941034525,104067.53515871274,0.27114689528985314
2023-03-16,0.0004052354295462912,104109.7070110246,0.3051455549697397
2023-03-17,0.004310724791063203,104558.49530602735,0.302325209814043
2023-03-20,0.0009852837584127805,104661.51509325646,0.3052340446996731
2023-03-21,0.000880768990196179,104753.69771021754,0.31130021335499397
2023-03-22,-0.002375261010598151,104504.88033633048,0.2452827409232506
2023-03-23,0.002176999702519833,104732.38742973453,0.27383570635508653
2023-03-24,0.0032614395197483326,105073.96577709547,0.27629441748574385
2023-03-27,-0.0006488031909686054,105005.79345281156,0.2502851869635649
2023-03-28,-0.0012208081600225684,104877.60152331472,0.24936881028198962
2023-03-29,0.0030515473528569537,105197.64049061717,0.32335704062955
2023-03-30,0.001640947578649854,105370.26430405992,0.3234606774085248
2023-03-31,0.005861563121178692,105987.89875937345,0.21883604799803175
2023-04-03,-0.0004759096205885216,105937.4580986879,0.2168369587783815
2023-04-04,0.0040313957024340485,106364.53391199373,0.21476894703732022
2023-04-05,-0.0008792471249859934,106271.01320135113,0.21352730675781714
2023-04-06,-0.0020335869254257677,106054.90185835311,0.21564282319152522
2023-04-10,-0.0068135327393094025,105332.29331237698,0.20419427622454062
2023-04-11,-0.0013172054828859414,105193.54903810096,0.20383127051598401
2023-04-12,0.001326107718699232,105333.04701543774,0.2012598372639736
2023-04-13,0.0013975906742818012,105480.2594996402,0.09940501269282843
2023-04-14,-0.0001907291325291549,105460.14134124688,0.0984074412250591
2023-04-17,0.00016574417294901167,105477.62074515257,0.09836236235904491
2023-04-18,0.0006772223251165777,105549.05254472137,0.09760675471710313
2023-04-19,0.001427576746963366,105699.73191779824,0.09602202621965227
2023-04-20,-0.001463424549872805,105545.04833519476,0.24219871503744445
2023-04-21,0.00023100235606077213,105569.42949003074,0.2393257588844505
2023-04-24,0.00037882540301170664,105609.42187170303,0.23806396375302166
2023-04-25,0.001127063549123175,105728.45040153859,0.23262474173935518
2023-04-26,-0.00410980634266922,105293.92694547775,0.2965686770886695
2023-04-27,0.002850591567221894,105594.0769257082,0.45660140638844826
2023-04-28,-0.0012644479467629477,105460.55871194915,0.4638518598212784
2023-05-01,0.0005862776961520488,105522.3878853457,0.4640560085868074
2023-05-02,-0.00038951397472763993,105481.28544061772,0.45744417782515284
2023-05-03,-0.0017034868396295089,105301.59945904242,0.4564205777441528
2023-05-04,-0.0005196937266124246,105246.8748784013,0.4518934636854886
2023-05-05,0.006185372273179723,105897.86598011298,0.5589542376966715
2023-05-08,-0.0025665187792638378,105626.07711839105,0.5594672716802656
2023-05-09,-0.002416526367594818,105370.82891792885,0.5626568874453602
2023-05-10,0.008583468127332239,106275.27606949647,0.5670294702705513
2023-05-11,-0.004034309536739,105846.52870972973,0.5638604131274385
2023-05-12,-0.006102671002207405,105200.58216828854,0.5636161015051344
2023-05-15,0.008577182808927386,106102.90679315153,0.5801445343012346
2023-05-16,-0.004154982665218854,105662.05105469665,0.5772861632356212
2023-05-17,0.009779331976884853,106695.35532931908,0.58429938240659
2023-05-18,0.0032467462354195398,107041.7680725713,0.5445633878477475
2023-05-19,-0.007410590853864085,106248.52532511126,0.5413285397756903
2023-05-22,0.007241250930707599,107017.89755800803,0.5435808219936177
2023-05-23,-0.004985666821282209,106484.34197686969,0.5389130183671962
2023-05-24,-0.00692762907616129,105746.65795323483,0.4090571757617636
2023-05-25,0.003786289780692398,106147.04544358554,0.2414766306682334
2023-05-26,0.0027910800766957067,106443.31034732325,0.2846663438135916
2023-05-30,0.0075861412037199205,107250.80432980941,0.290180660348348
2023-05-31,-0.0009476852599512586,107149.16432342814,0.2900798293497074
2023-06-01,0.003557188846796011,107530.31413570294,0.2927677328449878
2023-06-02,0.003856463266839416,107945.00084223898,0.1862830497093131
2023-06-05,-0.0008647955571763344,107851.65048509122,0.18648785707301124
2023-06-06,0.0002675345805476237,107880.50453116512,0.186392524011489
2023-06-07,0.0017343424532472174,108067.60627005126,0.1870040770560191
2023-06-08,-0.001005945789453233,107958.8961165476,0.18760434003771584
2023-06-09,-0.0007161167396381174,107881.5849438457,0.18657830573325085
2023-06-12,0.0017598023265790186,108071.43520802491,0.1886004611522336
2023-06-13,0.00019338776067079344,108092.33490087226,0.18892968516219588
2023-06-14,-0.0002719858418845922,108062.93531616297,0.18953988925740525
2023-06-15,0.001748646612096394,108251.89920189677,0.04211156965637127
2023-06-16,0.0004351060773972737,108299.00026112932,0.04165337904742924
2023-06-20,0.0003092791259722283,108332.49488127376,0.0413263971986672
2023-06-21,1.4437192346061778e-06,108332.65128298034,0.04131997477327269
2023-06-22,-0.0003691754885548626,108292.65752351651,0.04169958232218727
2023-06-23,-3.994454515665602e-05,108288.33182256792,0.0
2023-06-26,0.0,108288.33182256792,0.0
2023-06-27,0.0,108288.33182256792,0.0
2023-06-28,0.0,108288.33182256792,0.0
2023-06-29,0.0,108288.33182256792,0.0
2023-06-30,0.0,108288.33182256792,0.0
2023-07-03,0.0,108288.33182256792,0.0
2023-07-05,0.0,108288.33182256792,0.0
2023-07-06,0.0,108288.33182256792,0.0
2023-07-07,0.0,108288.33182256792,0.0
2023-07-10,0.0,108288.33182256792,0.0
2023-07-11,0.0,108288.33182256792,0.0
2023-07-12,0.0,108288.33182256792,0.0
2023-07-13,0.0,108288.33182256792,0.0
2023-07-14,0.0,108288.33182256792,0.0
2023-07-17,0.0,108288.33182256792,0.0
2023-07-18,0.0,108288.33182256792,0.0
2023-07-19,0.0,108288.33182256792,0.0
2023-07-20,-7.639746011367521e-06,108287.5045272168,0.015279608755191259
2023-07-21,0.00016424541665482906,108305.29025351639,0.015441318006136436
2023-07-24,8.075147680353112e-05,108314.03606565,0.015520816154114459
2023-07-25,0.00011884639789738749,108326.90879867814,0.015637804055328948
2023-07-26,2.9935447644513502e-05,108330.15161318496,0.015667270496217675
2023-07-27,8.799072124787699e-05,108339.6836613583,0.015753875022639797
2023-07-28,6.226040364332164e-05,108346.42893379365,0.034608382559689524
2023-07-31,-0.0005222644606522886,108289.84344452294,0.0341039293693154
2023-08-01,0.00013554469301313432,108304.52155810907,0.034234833712302695
2023-08-02,-0.0004483766612605189,108255.96033833343,0.03380161290538192
2023-08-03,0.00016780277955064093,108274.12598938112,0.033963716478903526
2023-08-04,-0.00036076391482764425,108235.06459181465,0.033615079671815415
2023-08-07,0.0007354667542183169,108314.6678834626,0.0343253013080931
2023-08-08,-0.0002795432839739487,108284.3892454999,0.03405527794835348
2023-08-09,-0.0001637204666546932,108266.6608747612,0.03389710713189664
2023-08-10,-1.4367538152648685e-05,108265.10534938042,0.03388322641229206
2023-08-11,-0.0004842840971434059,108212.67428058416,0.03341512472865895
2023-08-14,0.0004502733384514901,108261.39956269524,0.033850156244251105
2023-08-15,-0.0003168747045780851,108227.0942636916,0.03354391075648441
2023-08-16,-0.0004109913975161028,108182.61385897106,0.051968231667166076
2023-08-17,0.0003181556648439443,108217.03277040792,0.1375132536563681
2023-08-18,0.004651787413800346,108720.43540140812,0.1415067816045331
2023-08-21,0.00264247648721172,109007.72659563576,0.16245803404028264
2023-08-22,0.005583834715413127,109616.40772364874,0.16710876105447023
2023-08-23,0.0050221370828311684,110166.9163497644,0.17127075293776803
2023-08-24,-0.004788395077479302,109639.39362981412,0.16728337675810143
2023-08-25,-0.0007289914220639515,109559.46745233769,0.16770112577546303
2023-08-28,-7.230639481747847e-05,109551.54560222809,0.16764094089270534
2023-08-29,0.005033511671315605,110102.97458562755,0.17180964670210128
2023-08-30,-0.0002333739615197894,110077.27941827339,0.1716163235218632
2023-08-31,0.004578462114148474,110581.26407171848,0.24653449005486563
2023-09-01,-0.0014962184491760233,110415.81034428117,0.24540545177015652
2023-09-05,-0.0010280174222936367,110302.30096755057,0.24462891713667606
2023-09-06,-0.0018551957018732024,110097.66861288885,0.24322495131907843
2023-09-07,-0.005964557585339647,109440.98472843564,0.23868403842562985
2023-09-08,3.73101583162061e-05,109445.06798890214,0.23871244218493615
2023-09-11,-0.00028026156989102713,109414.39474233074,0.23849902272557164
2023-09-12,-0.003487205450232511,109032.84426865139,0.23583421965145898
2023-09-13,-0.002320148226983787,108779.87190833848,0.21549927195550705
2023-09-14,0.0036716286572711088,109179.2712033714,0.11390571064945716
2023-09-15,-0.0032378758402102914,108825.76227889024,0.11102732751059655
2023-09-18,0.0007415694117562932,108906.46413540732,0.09307010442804842
2023-09-19,-0.000891905328644027,108809.32987972118,0.0922604867191325
2023-09-20,-0.0011154940315746265,108687.95372166071,0.09124677792373227
2023-09-21,-0.0009883083923613034,108580.53650484902,0.09034776098178023
2023-09-22,0.00016968957134499973,108598.96148954495,0.07220083249781173
2023-09-25,-0.0011769259919880426,108471.148549065,0.07110759488246858
2023-09-26,0.0002489999999222281,108498.15786504529,0.07133883151334969
2023-09-27,0.0011380062273753655,108621.62944435446,0.0723944524030629
2023-09-28,0.0009082510777784769,108720.28515636735,0.07266933716166687
2023-09-29,0.001531810802431366,108886.8240636133,0.07408765968666346
2023-10-02,0.00027742980039313636,108917.03251347871,0.07434446411721632
2023-10-03,-0.0004895865950803602,108863.70819438418,0.07389105359147063
2023-10-04,0.0007624853712580038,108946.71517934329,0.07459666010065708
2023-10-05,6.510914347179764e-05,108953.80860665269,0.07465690839676907
2023-10-06,0.0006099718760494977,109020.26736569124,0.07522099757980658
2023-10-09,-4.3374222330250234e-05,109015.53869637601,0.0751808842698655
2023-10-10,7.469077701349747e-05,109023.6811516678,0.07524995456930207
2023-10-11,0.0003653261014968656,109063.51034807377,0.07558766652326683
2023-10-12,-0.00197833795308755,108847.74586625522,0.07375524136340766
2023-10-13,-0.0006207192968537001,108780.18196997701,0.0884627035675112
2023-10-16,0.0011084312895122128,108900.75732735137,0.08947196133554514
2023-10-17,0.000777398317923339,108985.41659291823,0.1908791264774683
2023-10-18,-0.0036593576942175465,108586.59997015144,0.18790738913347663
2023-10-19,-0.0013237828596535106,108442.8548903229,0.3609262992233743
2023-10-20,-0.0008554819473904907,108350.08398564074,0.3603791151031712
2023-10-23,-0.002854468960276191,108040.80203406041,0.35854811059535513
2023-10-24,0.005286609103634543,108611.97152165766,0.39957547619253053
2023-10-25,-0.004722884846198316,108099.0096872423,0.5447384222589265
2023-10-26,0.00046806465939908115,108149.60701339295,0.5939315739843413
2023-10-27,-0.00851158036414168,107229.08294194812,0.5918119192105503
2023-10-30,0.00991822714691426,108292.60534332166,0.5959488997068465
2023-10-31,0.005552804831159053,108893.93304545086,0.5980856884394035
2023-11-01,0.004939297464607417,109431.79257285337,0.6017567807601208
2023-11-02,0.009269404685555926,110446.16014367697,0.605736585951722
2023-11-03,0.01057303418267197,111613.91117022092,0.6101248953681994
2023-11-06,-0.001996276607823755,111391.09893024409,0.6087075827192727
2023-11-07,0.0001517867961844388,111408.00662827416,0.6086079924269993
2023-11-08,-0.001462180883098907,111245.10797075814,0.6086054725065733
2023-11-09,-0.0036186119533390126,110842.55509330466,0.6072646931383594
2023-11-10,0.009698167099005728,111917.52471428027,0.596325678214139
2023-11-13,-0.0017351053223336743,111723.33602148612,0.5956541813140659
2023-11-14,0.010174167772511344,112860.02798627339,0.5925400924327591
2023-11-15,0.007248433221696882,113678.08636253074,0.5954419872980612
2023-11-16,0.00160909476488591,113861.00517617894,0.4158515743779851
2023-11-17,0.002269240971646491,114119.38323419758,0.41733408214815404
2023-11-20,0.0022373212918000984,114374.70496011456,0.41927665378419793
2023-11-21,-0.002120522622678478,114132.17081078446,0.37994845918361125
2023-11-22,0.002338458029895518,114399.06410208635,0.22359686073973983
2023-11-24,0.000575805939116103,114464.93576262565,0.09882758010759692
2023-11-27,6.997845293077454e-05,114472.94584174515,0.09889063834664692
2023-11-28,0.0007696987126486476,114561.05552079265,0.09958368762313131
2023-11-29,-7.361121854376762e-05,114552.6225418981,0.09951740200181522
2023-11-30,0.0007903363239833983,114643.15764050053,0.10022852408251695
2023-12-01,0.0019598836139962383,114867.84488661693,0.10198852206330555
2023-12-04,0.0014040143728459853,115029.1209918156,0.10324757535638972
2023-12-05,-0.00016570988854014423,115010.05952899717,0.10309894998335994
2023-12-06,0.0008318252192582865,115105.72779698178,0.1038443948161316
2023-12-07,1.9104860134566692e-05,115107.92687581203,0.10386151541654076
2023-12-08,8.408916908630992e-05,115117.60620573827,0.12681298757922305
2023-12-11,0.003604113576240353,115532.50313312866,0.12994875109741771
2023-12-12,0.0015788221622441423,115714.90840953478,0.025829497238956528
2023-12-13,0.0004193817340176764,115763.43712847527,0.026237875287339316
2023-12-14,0.00040451841425759305,115810.2655704915,0.026631620720613914
2023-12-15,0.0005595925093051513,115875.07212760538,0.027176005740673703
2023-12-18,0.0004151876519413733,115923.18202672058,0.027579742624033846
2023-12-19,-5.241554382418023e-05,115917.10585009282,0.02752877001566091
2023-12-20,-0.0007053863826865792,115835.33950210572,0.02684231783845728
2023-12-21,0.0004087897175202304,115882.69179781966,0.027239972135463097
2023-12-22,-0.0001283163042655744,115867.82215907982,0.02711513514512898
2023-12-26,0.00023949886783514174,115895.57237130543,0.027348084177766057
2023-12-27,-0.0001382049055013157,115879.55503467783,0.027213640330854997
2023-12-28,-9.08562762576004e-05,115869.026649813,0.027125248553673476
2023-12-29,-0.00014887408107366884,115851.7767549456,0.026980391153539805
2024-01-02,-0.0007461411730922407,115765.33497433284,0.02625383905071504
2024-01-03,-0.0006482553333723162,115690.2894785161,0.0256221934408935
2024-01-04,-0.0002316385339927729,115663.4911494641,0.02539643770049836
2024-01-05,-6.1646928625203046e-06,115662.77811956576,0.0
2024-01-08,0.0,115662.77811956576,0.0
2024-01-09,0.0,115662.77811956576,0.0
2024-01-10,0.0,115662.77811956576,0.0
2024-01-11,0.0,115662.77811956576,0.0
2024-01-12,0.0,115662.77811956576,0.0
2024-01-16,0.0,115662.77811956576,0.0
2024-01-17,0.0,115662.77811956576,0.0
2024-01-18,0.0,115662.77811956576,0.0
2024-01-19,0.0,115662.77811956576,0.0
2024-01-22,0.0,115662.77811956576,0.0
2024-01-23,0.0,115662.77811956576,0.0
2024-01-24,0.0,115662.77811956576,0.0
2024-01-25,0.0,115662.77811956576,0.0
2024-01-26,0.0,115662.77811956576,0.0
2024-01-29,0.0,115662.77811956576,0.0
2024-01-30,0.0,115662.77811956576,0.0
2024-01-31,0.0,115662.77811956576,0.0
2024-02-01,0.0,115662.77811956576,0.0
2024-02-02,-2.134656476571184e-05,115660.30911658164,0.04269404090260693
2024-02-05,0.0002788944251694847,115692.56613200763,0.04296095375727357
2024-02-06,0.0002408407562053405,115720.42961712221,0.04319139226590404
2024-02-07,-5.867553305893836e-06,115719.75062133285,0.04318577810745322
2024-02-08,3.305006625153872e-05,115723.5751667575,0.043217399835777
2024-02-09,-0.00018946970116240358,115701.64905555321,0.043036084168621216
2024-02-12,-0.0001465215379493623,115684.69627199031,0.0428958477962627
2024-02-13,-0.0004600684655051701,115631.47339129403,0.04245531168085513
2024-02-14,-9.026205289419664e-05,115621.03625712654,0.042368873929500506
2024-02-15,0.00043667456992158016,115671.52502340802,0.11550525729416779
2024-02-16,-0.0011301181030594076,115540.80253897057,0.11450454284786324
2024-02-20,-0.0004121793148831321,115493.179010139,0.11413940943656277
2024-02-21,0.0005049868860627083,115551.50155096882,0.21565450839862357
2024-02-22,-0.0005083991222822881,115492.75526900191,0.21525554500648894
2024-02-23,-0.0008606426296015046,115393.35728040728,0.2145795787097671
2024-02-26,-0.0014853800897050018,115221.95428501874,0.22185351981914614
2024-02-27,-0.00011421850351467366,115208.79380582827,0.22175614745675887
2024-02-28,-0.0012856584932421367,115060.67464157564,0.22088871920573264
2024-02-29,0.0025103492450218035,115349.51711929381,0.2227277850338018
2024-03-01,0.0022568037376662353,115609.83834066663,0.18234781223533997
2024-03-04,0.0008538178765622462,115708.54808734835,0.18289355093110765
2024-03-05,-0.0027559364828905197,115389.66267829214,0.18052728022279038
2024-03-06,0.0012562881327240483,115534.62534215391,0.1816889148057945
2024-03-07,0.00305772941988125,115887.89896507758,0.18412006458250932
2024-03-08,-0.00033082731998201886,115849.56008204461,0.18388221833295074
2024-03-11,0.002217252242306289,116106.42777890671,0.18575463629190792
2024-03-12,0.0002893228918394719,116140.02002635287,0.1860001361294942
2024-03-13,-0.0003191687549493061,116102.95176076127,0.18587017390187466
2024-03-14,-0.0026557678573092547,115794.6092733363,0.10999752727124144
2024-03-15,0.00035234298444830614,115835.40869155069,0.1514094569208425
2024-03-18,-0.00030433827965892224,115800.15554254592,0.1511636076890301
2024-03-19,0.0001854909007714678,115821.63541770699,0.15145948480615348
2024-03-20,0.0016640040924211785,116014.36309303297,0.05169735134653628
2024-03-21,-0.0006094750746138411,115943.65523043057,0.0510245438176075
2024-03-22,-0.0009324696265253785,115835.54129353986,0.05005039882597724
2024-03-25,0.0006724627955403406,115913.43638546106,0.042221343159742984
2024-03-26,3.079804126682184e-05,115917.00629225824,0.042250839957897364
2024-03-27,-0.0002663577659511862,115886.13089742648,0.0419956680642713
2024-03-28,1.6652748526801986e-05,115888.06072002207,0.042011621203835
2024-04-01,-0.00020897657196961017,115863.84283036059,0.04181138223119337
2024-04-02,-0.00023983147615225242,115836.05503390191,0.041581523313158016
2024-04-03,-0.0001832467127548254,115814.82845759846,0.041405864088886225
2024-04-04,-0.0008247702406609658,115719.30783365938,0.040614591554676116
2024-04-05,-0.00016592277513804987,115700.10736496656,0.04045538124866421
2024-04-08,-7.004941548249821e-05,115692.00264007438,0.04038816100025216
2024-04-09,0.0006897035776749494,115771.79582820363,0.04104955255466819
2024-04-10,-0.000444205805169684,115720.36932442182,0.0406233918960044
2024-04-11,-0.0002451312980855658,115692.00264007438,0.04038816100025216
2024-04-12,-0.0008695987276127193,115591.3970217836,0.0
2024-04-15,0.0,115591.3970217836,0.0
2024-04-16,0.0,115591.3970217836,0.0
2024-04-17,0.0,115591.3970217836,0.0
2024-04-18,0.0,115591.3970217836,0.0
2024-04-19,-7.645889993579402e-06,115590.51322267776,0.0152918969073587
2024-04-22,0.00023207131178493157,115617.33846471125,0.015520366387356783
2024-04-23,9.280949295353835e-05,115628.0688512708,0.015611726963846667
2024-04-24,6.059287499349253e-05,115635.07508839245,0.10720011429168544
2024-04-25,-0.000773622854300382,115545.61715154533,0.22285429356078718
2024-04-26,0.003106263984318458,115904.53234064902,0.3661472052341928
2024-04-29,0.0030770354260929444,116261.17469270594,0.3680916097370772
2024-04-30,-0.006773079247838654,115473.72854306543,0.4366014787559966
2024-05-01,-0.003756706797841791,115039.92760207556,0.5359610400353689
2024-05-02,0.0020962479904493847,115281.07981913285,0.578138116356267
2024-05-03,0.0070574698775141,116094.67256740367,0.5810945290986789
2024-05-06,0.010586851920384444,117323.7496746203,0.5854829596236196
2024-05-07,-0.0017063063479326734,117123.55941578723,0.5847744576448752
2024-05-08,-0.0010129632485867957,117004.91755455536,0.5843534229379105
2024-05-09,-0.0015815075817567914,116819.87339034,0.5836950334770313
2024-05-10,0.00032713244970872246,116858.08896169685,0.583831175803983
2024-05-13,-0.0016616790807378878,116663.90831985419,0.5831384857461828
2024-05-14,0.00592205325510986,117354.79819787362,0.5855926282708728
2024-05-15,0.014582037331259956,119066.07024619749,0.5915486806575271
2024-05-16,0.00012335690653708653,119080.75786829658,0.5915990597341451
2024-05-17,-0.000693409625879049,118998.18612453373,0.6082813463459904
2024-05-20,0.007373737499955624,119875.64751198691,0.6111486342435775
2024-05-21,0.001990303433255125,120114.23642479371,0.6119210291516312
2024-05-22,0.0007100383498839236,120199.52213902235,0.518947884196562
2024-05-23,-0.005861539846652053,119494.96785045593,0.39728687235087307
2024-05-24,0.005885571888054386,120198.26407400053,0.26104935794042317
2024-05-28,0.004470131920247811,120735.5661709961,0.19225574625523376
2024-05-29,-0.005703243504328159,120046.98183748998,0.0764142731041659
2024-05-30,-0.00012539772427921925,120031.92821916097,0.13230531570985632
2024-05-31,0.008158570812046184,121011.21720524345,0.13932717589135057
2024-06-03,0.0003576993097089698,121054.50283410482,0.13963492788374438
2024-06-04,-0.0007857747145100236,120959.38126670019,0.1389583431216294
2024-06-05,0.0009566351516159255,121075.09526273764,0.1397812586077242
2024-06-06,0.0029260088952105523,121429.36206846486,0.17643377488983092
2024-06-07,-0.002773279276035656,121092.60453513816,0.17414344401814827
2024-06-10,0.0005714391066915514,121161.80158490066,0.17461510122737944
2024-06-11,-3.0342234555447156e-05,121158.12526509781,0.1745900564452677
2024-06-12,0.0004207856469744531,121209.1068652237,0.17493723101630912
2024-06-13,-0.0030676555388988724,120837.27907718362,0.17239843448987055
2024-06-14,4.7594901486647245e-05,120843.0303155772,0.18069341334200018
2024-06-17,-0.0009295559773998541,120730.69995442024,0.1799311134065877
2024-06-18,0.0005473248037530798,120796.77886107977,0.18037971191991314
2024-06-20,0.004926313251980563,121391.86163357967,0.18439762470965282
2024-06-21,0.003354891666064841,121799.11817850225,0.18712473316789802
2024-06-24,-0.003994436621752362,121312.59932035289,0.1838647325673614
2024-06-25,0.001221023552565148,121460.72486134595,0.18486003766001563
2024-06-26,0.000985590994253105,121580.43545792474,0.18566264122710602
2024-06-27,0.006126946450419668,122325.35227539417,0.07562242866011665
2024-06-28,0.0006958945422390617,122410.47782042008,0.07626525063067928
2024-07-01,3.666537276902915e-05,122414.9660462202,0.0762991184678277
2024-07-02,0.00024993264014816496,122445.56154187779,0.0765299237820748
2024-07-03,-2.1683299874397655e-05,122442.90651804859,0.07650989946929394
2024-07-05,0.000487261657318383,122502.56825160545,0.04439603975561785
2024-07-08,-0.00022568810597456412,122474.92087899972,0.04418032262297742
2024-07-09,-0.0007202148493993255,122386.71262230366,0.043491430947968424
2024-07-10,-0.00011295322008175734,122372.88864901775,0.043383378020132084
2024-07-11,-0.000531772634798644,122307.81409559294,0.04287440482055037
2024-07-12,8.768619685906032e-05,122318.53880265712,0.0
2024-07-15,0.0,122318.53880265712,0.0
2024-07-16,0.0,122318.53880265712,0.0
2024-07-17,0.0,122318.53880265712,0.0
2024-07-18,0.0,122318.53880265712,0.0
2024-07-19,0.0,122318.53880265712,0.0
2024-07-22,0.0,122318.53880265712,0.0
2024-07-23,0.0,122318.53880265712,0.0
2024-07-24,-1.7116605889211378e-05,122316.44512443549,0.03059190436766993
2024-07-25,-9.193549355901443e-05,122305.19990168259,0.04937780955767354
2024-07-26,0.0012664328268747749,122460.09122173557,0.05029492810558243
2024-07-29,-0.00024794315745269024,122429.7280800561,0.049885723076464966
2024-07-30,-0.0009072637936272665,122318.65202050543,0.04915246175660138
2024-07-31,0.0019263510843481324,122554.28068846112,0.0702019743949001
2024-08-01,-0.0012574976333662446,122400.16897053648,0.296294419804484
2024-08-02,-0.013952200597683428,120692.41725986921,0.41094337092990413
2024-08-05,0.007605470563844863,121610.33988661843,0.40068868496312865
2024-08-06,0.0027773039916607623,121948.08876901276,0.5072034138178692
2024-08-07,-0.0015095541579688287,121764.00152455515,0.4993241230663329
2024-08-08,0.012320101752345547,123264.14641311043,0.5821799272673613
2024-08-09,0.006014083798645986,124005.46731900744,0.5774245088581114
2024-08-12,0.0029158811050105093,124367.05251808092,0.5745867369506618
2024-08-13,0.007906826253625931,125350.40119401694,0.5891241534387394
2024-08-14,0.004225205921408071,125880.03245139278,0.5859899168984575
2024-08-15,0.010740502782287997,127232.04729017147,0.5983134233805999
2024-08-16,-0.00495842382926126,126601.17687504219,0.5990932612065584
2024-08-19,0.003050063072491005,126987.31844956265,0.6065479707671828
2024-08-20,-0.0015412970159085493,126791.5932745781,0.5994466742745537
2024-08-21,0.002700434140823438,127133.98562182618,0.607039932347489
2024-08-22,-0.004299409458179082,126587.3845615877,0.574242320438862
2024-08-23,0.0067979831832165605,127447.92347304475,0.5817511133317846
2024-08-26,-0.0069061151042328905,126567.75344374444,0.5749224824623925
2024-08-27,0.005267263922980492,127234.41920527138,0.5763655724237398
2024-08-28,-0.004634071583234811,126644.80579882284,0.5533833450650293
2024-08-29,-0.003065041983438044,126256.63415206509,0.3343578071492507
2024-08-30,-0.006173635613069717,125477.17169907759,0.23896794837517182
2024-09-03,-0.008932770256352529,124356.31295187282,0.11753948208633022
2024-09-04,1.4052471057901528e-06,124356.48770322169,0.11754072215967641
2024-09-05,-0.0005058918230058662,124293.5767729549,0.04986926118330543
2024-09-06,-0.0017117762051049867,124080.81398578756,0.04824006116703893
2024-09-09,0.0014052510480597746,124255.17867968521,0.049575645986617844
2024-09-10,0.0006749633223022133,124339.04636790011,0.05021671486821757
2024-09-11,0.0017530443688240638,124557.01823296031,0.05187881337539255
2024-09-12,-0.000672983649013803,124473.19339631962,0.051240313619615216
2024-09-13,0.0006260374835329596,124551.11828108075,0.05183390113811787
2024-09-16,-0.0005827925511766585,124478.53081710581,0.05128099476870934
2024-09-17,0.00015648722181738073,124498.01011656929,0.0514294339412895
2024-09-18,-0.0007190629248472469,124408.4882132772,0.017423170250009053
2024-09-19,0.0008108902602426138,124509.36984466086,0.018219286668143885
2024-09-20,-0.00024574156176326856,124478.77271766108,0.017977963039095223
2024-09-23,-0.0005013490133365384,124416.36540777773,0.01748538030392183
2024-09-24,-0.00014853575641937677,124397.88512883094,0.017339420071378574
2024-09-25,-4.8663689928840625e-06,124397.27976281996,0.01733463805913085
2024-09-26,0.0005163782478740941,124461.51581218418,0.09071358540367949
2024-09-27,-0.0018581586380036486,124230.24657147874,0.07171789086951441
2024-09-30,0.0007752123704807268,124326.55139540881,0.07243694922087911
2024-10-01,-0.00030737988944196104,124288.33591378618,0.0721517473275537
2024-10-02,0.0008834882358152996,124398.14319641508,0.0729707667493876
2024-10-03,0.0010137932563150098,124524.25719508572,0.07390963092029887
2024-10-04,0.00020460539358224672,124549.73552973967,0.07409907524342703
2024-10-07,-0.0011128069640232718,124411.13571667492,0.0730675783894798
2024-10-08,0.0007331425440160189,124502.34681321817,0.07374665412387885
2024-10-09,0.0009617892688744689,124622.09183433281,0.0746366586553939
2024-10-10,-0.0005193378276026062,124557.37086788827,0.07415583275687926
2024-10-11,-6.77814028420265e-05,124548.92819455653,0.07409307348649898
2024-10-14,0.0007928242997143897,124647.67361133256,0.07482657346050958
2024-10-15,0.0008332297978794756,124751.53376722189,0.0755968137405558
2024-10-16,0.0007382096085832845,124843.62654813434,0.07627871366977752
2024-10-17,0.0005921788856499965,124917.55630778412,0.07682539817674568
2024-10-18,0.0003365130813757222,124959.59269957518,0.10446708629521435
2024-10-21,-0.0004474240775230731,124903.68276908391,0.10406622395194419
2024-10-22,-0.0008428484272593462,124798.4078965031,0.1033104505754719
2024-10-23,-0.00030085333023910366,124760.8618798789,0.19091568878080956
2024-10-24,-0.0017511942102090838,124542.38138089416,0.15242586634644398
2024-10-25,-0.00015750370683409454,124522.76549416872,0.15229234924913906
2024-10-28,-0.000798162032089822,124423.37615062045,0.15161520071374657
2024-10-29,-8.018094979789225e-05,124413.39976614363,0.15154717096005552
2024-10-30,-0.0012704260870516348,124255.34173750193,0.39799255287845614
2024-10-31,-0.0015455364801524318,124063.30057399282,0.5126497188505963
2024-11-01,-0.000601654693712872,123988.65730688497,0.5848748754973805
2024-11-04,-0.00172879835523998,123774.3059200644,0.5827096396151967
2024-11-05,0.0007475252378779107,123866.83033754048,0.5864213106674435
2024-11-06,-0.007085975478179574,122989.11301520884,0.6029973335349857
2024-11-07,0.0026984106407699215,123320.98814646795,0.608750135422179
2024-11-08,-0.007704144165004534,122370.90547521674,0.6206742753760096
2024-11-11,-0.024523215110964225,119369.97743692453,0.6322717519873741
2024-11-12,-0.0022475550901013275,119101.68683653089,0.6267712653156337
2024-11-13,0.0026958354278487917,119422.76538342136,0.6132191309108743
2024-11-14,0.004789371326430203,119994.72535167172,0.6073874226335162
2024-11-15,-0.009785794632451217,118820.48161240287,0.5742359528061517
2024-11-18,0.0019103307245631473,119047.46802913444,0.5810814294381474
2024-11-19,-0.001184022666040896,118906.51312865317,0.5813730973633349
2024-11-20,-0.0021423372475601887,118651.77527660015,0.49989074546958356
2024-11-21,0.009840392357526317,119819.35529923895,0.4570185046638415
2024-11-22,0.0009102182861793207,119928.41706747052,0.46265180391864774
2024-11-25,-0.0020539945422843875,119682.08475334913,0.4677275054275887
2024-11-26,-0.0007063221257044283,119597.55064883741,0.4674930552852114
2024-11-27,-0.0039960977896287275,119119.62714104458,0.23533391728515599
2024-11-29,0.0039589943764339885,119591.22107501888,0.0
2024-12-02,0.0,119591.22107501888,0.0
2024-12-03,0.0,119591.22107501888,0.0
2024-12-04,0.0,119591.22107501888,0.0
2024-12-05,0.0,119591.22107501888,0.0
2024-12-06,0.0,119591.22107501888,0.0
2024-12-09,0.0,119591.22107501888,0.0
2024-12-10,0.0,119591.22107501888,0.0
2024-12-11,0.0,119591.22107501888,0.0
2024-12-12,-9.49054682219952e-06,119590.08608893574,0.015331028828015833
2024-12-13,-0.0009451629584655841,119477.05396936477,0.01628965074974117
2024-12-16,-0.0002597861862430051,119446.01548117053,0.016551766919840286
2024-12-17,0.0005429188695011966,119510.864976862,0.01599825670650563
2024-12-18,0.0007641573984313865,119602.190088527,0.01522065496460007
2024-12-19,-0.0003504443492614584,119560.27617685118,0.034427283925920975
2024-12-20,-0.0005838189870728261,119490.47461751947,0.0344424211111828
2024-12-23,-0.00043087673606323484,119438.98895182562,0.0341152789698319
2024-12-24,8.689704874442761e-05,119449.36784747055,0.03431369821135399
2024-12-26,-0.00015540490183618694,119430.80483018582,0.034350779502605816
2024-12-27,0.00010579291921875011,119443.43976367346,0.033808262655449464
2024-12-30,0.00011062071585721256,119456.65268248458,0.033317715317646775
2024-12-31,-1.0209469903932344e-06,119456.53072357454,0.033245923288449476
2025-01-02,0.0001326435247113178,119472.3758588595,0.03280581553419439
2025-01-03,0.0001861312219832989,119494.61339817135,0.03312195035649678
2025-01-06,-0.00028936537130852535,119460.03579499602,0.03316350664721006
2025-01-07,0.0007197601991266733,119546.01837414749,0.03293161137762395
2025-01-08,1.1708968779444717e-05,119547.41813474435,0.03305358449755323
2025-01-10,-0.00041355423542288605,119497.97879364085,0.017737484475910927
2025-01-13,-3.296177758649321e-05,119494.03992784182,0.017705106290100026
2025-01-14,-7.606321867914545e-06,119493.13101771283,0.01769763458213713
2025-01-15,3.752886508512354e-05,119497.6154593054,0.01773449789164344
2025-01-16,0.00010870567543452836,119510.60552830671,0.0
2025-01-17,0.0,119510.60552830671,0.0
2025-01-21,0.0,119510.60552830671,0.0
2025-01-22,0.0,119510.60552830671,0.0
2025-01-23,0.0,119510.60552830671,0.0
2025-01-24,0.0,119510.60552830671,0.0
2025-01-27,0.0,119510.60552830671,0.0
2025-01-28,0.0,119510.60552830671,0.0
2025-01-29,0.0,119510.60552830671,0.0
2025-01-30,0.0,119510.60552830671,0.0
2025-01-31,0.0,119510.60552830671,0.0
2025-02-03,0.0,119510.60552830671,0.0
2025-02-04,0.0,119510.60552830671,0.0
2025-02-05,0.0,119510.60552830671,0.0
2025-02-06,0.0,119510.60552830671,0.0
2025-02-07,0.0,119510.60552830671,0.0
2025-02-10,0.0,119510.60552830671,0.0
2025-02-11,0.0,119510.60552830671,0.0
2025-02-12,0.0,119510.60552830671,0.0
2025-02-13,0.0,119510.60552830671,0.0
2025-02-14,0.0,119510.60552830671,0.0
2025-02-18,0.0,119510.60552830671,0.0
2025-02-19,0.0,119510.60552830671,0.0
2025-02-20,0.0,119510.60552830671,0.0
2025-02-21,0.0,119510.60552830671,0.0
2025-02-24,0.0,119510.60552830671,0.0
2025-02-25,0.0,119510.60552830671,0.0
2025-02-26,0.0,119510.60552830671,0.0
2025-02-27,-5.0607536955848964e-05,119504.55739092082,0.1012201964166898
2025-02-28,0.0010125514450483042,119625.56190319685,0.10212933665432691
2025-03-03,-0.0016424336229495795,119429.08485816281,0.10065221761781726
2025-03-04,-0.001964564537219271,119194.45871333791,0.09888191298021128
2025-03-05,0.0015933187560899231,119384.37348002785,0.10031539733220715
2025-03-06,-0.002084665603262259,119135.49698306702,0.2000204630574226
2025-03-07,-0.003128094796590486,118762.82985486506,0.2323080598400826
2025-03-10,-0.012610545430619458,117265.16579351136,0.22250340369016536
2025-03-11,0.004597073448824984,117804.24237365277,0.22606125693691764
2025-03-12,0.007187853193531213,118651.00197340974,0.2315845146373404
2025-03-13,-0.006509467674415403,117878.64711152684,0.2683240993732463
2025-03-14,0.005255891420946401,118498.20448159309,0.27214960203563965
2025-03-17,0.0031314115753662275,118869.27113076685,0.27442168636578845
2025-03-18,-0.005594234533812359,118204.28854919801,0.2703397960549304
2025-03-19,0.003248446705051311,118588.2688808586,0.2727023836005151
2025-03-20,0.00017734886046461007,118609.30037520909,0.37486653958627664
2025-03-21,0.0018459902372702786,118828.2519857512,0.37601840352161214
2025-03-24,0.006527432464543015,119603.8953754679,0.3800649874484481
2025-03-25,0.00042920204679974816,119655.22961216827,0.38033095067275774
2025-03-26,-0.010951510027313982,118344.82416525006,0.3734694955710865
2025-03-27,-0.006220462286375517,117608.66464974238,0.2727047917226398
2025-03-28,-0.0071232579507138905,116770.90779420326,0.26748691204486136
2025-03-31,0.001429867860043954,116937.87476224634,0.2685328134655637
2025-04-01,0.0022649616238139547,117202.73456095319,0.2701858145880368
2025-04-02,0.0026768637479854807,117516.47031226417,0.27213421212898753
2025-04-03,-0.021258456488106536,115018.25154149503,0.17540839654707618
2025-04-04,-0.009230644282289813,113956.55897554455,0.14045876339010444
2025-04-07,-0.0010767112055017902,113833.86067155516,0.1395322881627968
2025-04-08,-0.001256047299160068,113690.87995830568,0.1384501407890432
2025-04-09,0.009382082947585246,114757.53722445847,0.1464581413065413
2025-04-10,-0.00633688594453885,114030.3317997909,0.10104687641042975
2025-04-11,-0.0003117744664322686,113994.78005393693,0.10076651837149705
2025-04-14,0.0018947350478912828,114210.76995898178,0.17571554492400102
2025-04-15,0.001238328817787293,114352.20044672367,0.24216862752603877
2025-04-16,-0.0029561200147502076,114014.16161825239,0.23992174498360844
2025-04-17,0.0005997681913374464,114082.54368575301,0.1593025502987546
2025-04-21,-0.00021003847931488906,114058.58196176088,0.1567385036313336
2025-04-22,0.004169665578013904,114534.1681048439,0.16039508625191085
2025-04-23,0.0024182576213096496,114811.1412297638,0.28179071992113774
2025-04-24,0.011036891699246487,116078.2993613836,0.4343431812028659
2025-04-25,0.005674788170235923,116737.01912142069,0.5359889814930041
2025-04-28,0.0025839973233376945,117038.66726636486,0.5372969566502598
2025-04-29,0.002622739717160316,117345.62922744788,0.5376401407801493
2025-04-30,0.001034503706708989,117467.02371584976,0.5382980972779398
2025-05-01,0.009173405093240827,118544.59630949257,0.5597848008256391
2025-05-02,0.014826844277497253,120302.23857891219,0.5989322544993104
2025-05-05,-0.0035944017996626387,119869.8239960607,0.5978736781847648
2025-05-06,-0.008138939846385584,118894.21070915993,0.5937554085963802
2025-05-07,0.006744290582443746,119696.06781475281,0.5962057730289086
2025-05-08,0.00040641909600647175,119744.71458242962,0.5959358726054848
2025-05-09,-0.001819713400267764,119526.81352069273,0.5948120335049769
2025-05-12,0.03031012245791498,123149.68587550928,0.5940949447899964
2025-05-13,-0.004284426426788834,122622.0601068935,0.5522480659062498
2025-05-14,-0.0031452010216364013,122236.38907817015,0.5549184082182146
2025-05-15,0.005231194821438523,122875.83144370723,0.5315248534922196
2025-05-16,-0.005655592805221099,122180.89577545863,0.5435313610282554
2025-05-19,0.0007709779374891479,122275.09455048417,0.5422502544252288
2025-05-20,0.0009850314799431104,122395.53936782942,0.5409764138419484
2025-05-21,-0.007935755060165639,121424.23834694947,0.38866399148393044
2025-05-22,-0.005008947464316793,120816.03071617492,0.23668954974859183
2025-05-23,0.0020406737165210576,121062.57681459181,0.13850436139043998
2025-05-27,0.00011184552830112438,121076.11712245314,0.14078817048561754
2025-05-28,0.003955970116843899,121555.09062365306,0.1360797878956969
2025-05-29,0.0018264872887348016,121777.10945155818,0.11466231409073346
2025-05-30,0.000857832609924225,121881.57382718804,0.08229925075985527
2025-06-02,-4.3174414802948924e-05,121876.3116615628,0.08233617848816345
2025-06-03,-0.004078372359385352,121379.25468081844,0.08675809644807635
2025-06-04,0.0009649002301002074,121496.37355158936,0.08570029172677422
2025-06-05,0.003940516695445817,121975.13204000553,0.08142916987995785
2025-06-06,-0.0023674882605919656,121686.35734681666,0.08398551826391658
2025-06-09,-0.0018344371524606773,121463.13137195205,0.0
2025-06-10,0.0,121463.13137195205,0.0
2025-06-11,0.0,121463.13137195205,0.0
2025-06-12,0.0,121463.13137195205,0.0
2025-06-13,0.0,121463.13137195205,0.0
2025-06-16,0.0,121463.13137195205,0.0
2025-06-17,0.0,121463.13137195205,0.0
2025-06-18,0.0,121463.13137195205,0.0
2025-06-20,0.0,121463.13137195205,0.0
2025-06-23,0.0,121463.13137195205,0.0
2025-06-24,0.0,121463.13137195205,0.0
2025-06-25,0.0,121463.13137195205,0.0
2025-06-26,0.0,121463.13137195205,0.0
2025-06-27,0.0,121463.13137195205,0.0
