date,return,nav,gross,turnover,borrow
2021-08-11,0.0,1.0,0.0,0.0,0.0
2021-08-12,0.0,1.0,0.0,0.0,0.0
2021-08-13,0.0,1.0,0.0,0.0,0.0
2021-08-16,0.0,1.0,0.0,0.0,0.0
2021-08-17,0.0,1.0,0.0,0.0,0.0
2021-08-18,0.0,1.0,0.0,0.0,0.0
2021-08-19,0.0,1.0,0.0,0.0,0.0
2021-08-20,0.0,1.0,0.0,0.0,0.0
2021-08-23,0.0,1.0,0.0,0.0,0.0
2021-08-24,0.0,1.0,0.0,0.0,0.0
2021-08-25,0.0,1.0,0.0,0.0,0.0
2021-08-26,0.0,1.0,0.0,0.0,0.0
2021-08-27,0.0,1.0,0.0,0.0,0.0
2021-08-30,0.0,1.0,0.0,0.0,0.0
2021-08-31,0.0,1.0,0.0,0.0,0.0
2021-09-01,0.0,1.0,0.0,0.0,0.0
2021-09-02,-0.00047192876555812724,0.9995280712344419,0.5999311600170053,0.5998200539838048,0.0
2021-09-03,-0.00014549406469543946,0.9993826458325807,0.5998729439052194,0.0,0.0
2021-09-07,-0.0021449447308955483,0.9972390252922537,0.5990128486277266,0.0,0.0
2021-09-08,-0.0007297466805024078,0.9965112934238792,0.5987200158913712,0.0,0.0
2021-09-09,-0.002562655341611708,0.9939575784348101,0.5976890315390558,0.0,0.0
2021-09-10,-0.004712416629306215,0.9892736362133691,0.5957841982731701,0.0,0.0
2021-09-13,0.0015247438626333487,0.9907820251186504,0.5963995855280924,0.0,0.0
2021-09-14,-0.0032185721370083797,0.9875931216987548,0.5950963739992727,0.0,0.0
2021-09-15,0.004970663415377441,0.9925021146980612,0.5970990589668872,0.0,0.0
2021-09-16,-0.0009465295122215167,0.9915626821555572,0.596717340027456,0.0,0.0
2021-09-17,-0.005812789625794124,0.9857989368833988,0.5943594367697097,0.0,0.0
2021-09-20,-0.00991033455968593,0.9760293396103016,0.5902991644197263,0.0,0.0
2021-09-21,-0.0005576098251376393,0.9754850960609123,0.5900705837496122,0.0,0.0
2021-09-22,0.005755970599072846,0.9810999595936727,0.5924166216918249,0.0,0.0
2021-09-23,0.007197943876878998,0.9881618620404362,0.5953294178309019,0.0,0.0
2021-09-24,0.000980548897347333,0.9891308030646606,0.5957258284240667,0.0,0.0
2021-09-27,-0.0017043099094020686,0.9874450176353027,0.5950356436585994,0.0,0.0
2021-09-28,-0.011991096319538208,0.9756044693185897,0.5901207419964986,0.0,0.0
2021-09-29,0.0009933913545898676,0.9765736263639101,0.590527508429567,0.0,0.0
2021-09-30,-0.007217723847110502,0.9695249876124441,0.5875505622872605,0.0,0.0
2021-10-01,0.006982593339193377,0.9762947863331283,0.5904105587912487,0.0,0.0
2021-10-04,-0.007722441752790132,0.968755406712118,0.5975686910688919,0.010278082866397384,0.0
2021-10-05,0.006217727718581756,0.9747788640569579,0.6000554374612849,0.0,0.0
2021-10-06,0.0024938640144542834,0.9772098299880803,0.6010503636030748,0.0,0.0
2021-10-07,0.005196498580743114,0.9822878994827015,0.6031127874398586,0.0,0.0
2021-10-08,-0.001099995565034928,0.981207387149683,0.6026757325077364,0.0,0.0
2021-10-11,-0.004363209179049976,0.9769261740715199,0.6009345263701528,0.0,0.0
2021-10-12,-0.0014791348708247387,0.9754811685012293,0.6003433803276395,0.0,0.0
2021-10-13,0.0021597807178774797,0.9775879939196109,0.6012046907469442,0.0,0.0
2021-10-14,0.010112622085750145,0.9874739718576866,0.6051971824393246,0.0,0.0
2021-10-15,0.004609018915541885,0.992025258072584,0.6070084877529189,0.0,0.0
2021-10-18,0.0017971485733676573,0.9938080748498738,0.6077134849038752,0.0,0.0
2021-10-19,0.004688318814440207,0.9984673639451351,0.6095440668016987,0.0,0.0
2021-10-20,0.0023941506966203008,1.000857845280077,0.6104766444148229,0.0,0.0
2021-10-21,0.0015923907652304337,1.0024516020702094,0.6110959316618052,0.0,0.0
2021-10-22,-0.0006332775726958229,1.0018167719529054,0.6108494913722881,0.0,0.0
2021-10-25,0.003275938091143127,1.005098661676492,0.612120161709331,0.0,0.0
2021-10-26,0.0005509638323339949,1.005652434687003,0.6123337517911106,0.0,0.0
2021-10-27,-0.0027128703052935466,1.0029242300594945,0.6112792026830193,0.0,0.0
2021-10-28,0.0058980752638475575,1.0088395526523217,0.6135584639477324,0.0,0.0
2021-10-29,0.0012452458672385092,1.0100958059359688,0.614039080188044,0.0,0.0
2021-11-01,0.001056091628198752,1.0111625596602964,0.6144462602647988,0.0,0.0
2021-11-02,0.0024239601769513452,1.0136135774373372,0.6008741842320111,0.014543317211080417,0.0
2021-11-03,0.0036684271052884743,1.0173319449590967,0.6023329966459939,0.0,0.0
2021-11-04,0.002838470805105908,1.0202196119839648,0.6034585679239567,0.0,0.0
2021-11-05,0.0020937701646723816,1.0223557173689506,0.6042870997881961,0.0,0.0
2021-11-08,0.0005158736804102837,1.0228831237755582,0.6044911324033582,0.0,0.0
2021-11-09,-0.001998027007847014,1.0208393756683838,0.6036993129273586,0.0,0.0
2021-11-10,-0.004856726656239929,1.0158814378608358,0.601765195336105,0.0,0.0
2021-11-11,0.0001947119203087322,1.0160792420864078,0.6018427213044248,0.0,0.0
2021-11-12,0.004541999462888802,1.0206942734582167,0.6036429747004476,0.0,0.0
2021-11-15,0.00020666013120473892,1.0209052102706895,0.6037248689710192,0.0,0.0
2021-11-16,0.002389615723897842,1.0233447814137615,0.6046695568141915,0.0,0.0
2021-11-17,-0.0014689175544428945,1.0218415723000953,0.6040879947196205,0.0,0.0
2021-11-18,0.002051681098481195,1.0239380653396257,0.6048986167595986,0.0,0.0
2021-11-19,-0.0010817486105521024,1.0228304217601532,0.604470753546815,0.0,0.0
2021-11-22,-0.0017016476014140025,1.0210899248263117,0.6037965549047968,0.0,0.0
2021-11-23,0.0008005975342755267,1.0219074069024012,0.6041135006600213,0.0,0.0
2021-11-24,0.0016128912255639616,1.023555632392333,0.6047509943132066,0.0,0.0
2021-11-26,-0.013487852703819914,1.0097500647884599,0.5993470462881912,0.0,0.0
2021-11-29,0.007351963255505911,1.0171737101620293,0.602271134294512,0.0,0.0
2021-11-30,-0.0117186724586259,1.0052537846191152,0.5975550133129099,0.0,0.0
2021-12-01,-0.006637255937480102,0.9985816579684776,0.5948660355015679,0.0,0.0
2021-12-02,0.009182749660322287,1.0077513833489917,0.6035203062372104,0.00500947021914292,0.0
2021-12-03,-0.005251449498142824,1.002459227852651,0.6014272214191588,0.0,0.0
2021-12-06,0.007123010751277858,1.009599755710363,0.6042461801329311,0.0,0.0
2021-12-07,0.012498794613380326,1.022218535698706,0.6091315644299741,0.0,0.0
2021-12-08,0.0016128511540072221,1.023867222043655,0.6097609619128918,0.0,0.0
2021-12-09,-0.004116789167223023,1.019652176555271,0.608147788975393,0.0,0.0
2021-12-10,0.0057247843276024835,1.0254894653552205,0.6103782892388523,0.0,0.0
2021-12-13,-0.005406908375806596,1.0199447377756898,0.6082601879680397,0.0,0.0
2021-12-14,-0.004185024947716998,1.015676243602806,0.6066138571461102,0.0,0.0
2021-12-15,0.009478494648735847,1.0253033254426434,0.6103075549016278,0.0,0.0
2021-12-16,-0.005381930689258407,1.0197852140096448,0.6081989085836491,0.0,0.0
2021-12-17,-0.006473036868262172,1.0131841067216518,0.6056462421700785,0.0,0.0
2021-12-20,-0.006440202301491116,1.0066589961057089,0.6030900618730685,0.0,0.0
2021-12-21,0.010710339870116936,1.0174406560873117,0.6072960545966739,0.0,0.0
2021-12-22,0.006072159585104542,1.0236187181194474,0.6096662235785615,0.0,0.0
2021-12-23,0.0037933765015820686,1.0275016893113413,0.611141310991881,0.0,0.0
2021-12-27,0.00864894611112721,1.0363884960512872,0.614475689973827,0.0,0.0
2021-12-28,-0.0005021071976408775,1.0358681179278677,0.614282018198905,0.0,0.0
2021-12-29,0.000785834882767622,1.0366821392288823,0.6145848908360317,0.0,0.0
2021-12-30,-0.0016991831658099699,1.0349206263896087,0.6139288852971232,0.0,0.0
2021-12-31,-0.0015471396983947061,1.0333194596038338,0.6133306538014671,0.0,0.0
2022-01-03,0.0035511567771226993,1.0369889390057387,0.6146989183488054,0.0,0.0
2022-01-04,-0.00015971050664798092,1.0368233209769018,0.5991618817602314,0.015450738266289163,0.0
2022-01-05,-0.011505020262086774,1.0248946476608585,0.5944965564255617,0.0,0.0
2022-01-06,-0.0005586355310237545,1.024322105095119,0.5942699011763529,0.0,0.0
2022-01-07,-0.0023493518406252356,1.0219156120721207,0.5933144537396907,0.0,0.0
2022-01-10,-0.0007383759784836963,1.0211610541321292,0.5930139450131104,0.0,0.0
2022-01-11,0.0054013911478341115,1.0266767444104314,0.5952004258495737,0.0,0.0
2022-01-12,0.0016090529797121444,1.0283287216852262,0.5958507234472593,0.0,0.0
2022-01-13,-0.008209874978145959,1.0198862714437538,0.5925052424333875,0.0,0.0
2022-01-14,0.00024225751297879405,1.020133346555395,0.5926039371903611,0.0,0.0
2022-01-18,-0.010494786692160973,1.0094272646857358,0.5882830556821975,0.0,0.0
2022-01-19,-0.0061084903380058675,1.0032611879924833,0.5857526296227035,0.0,0.0
2022-01-20,-0.006483185372881284,0.996756859733311,0.5830494619934846,0.0,0.0
2022-01-21,-0.011445568150603935,0.9853484111656514,0.5782219728391883,0.0,0.0
2022-01-24,0.002455550189069289,0.9877679836429885,0.5792551329769567,0.0,0.0
2022-01-25,-0.007072116228441616,0.9807823736559318,0.5762583830107811,0.0,0.0
2022-01-26,-0.0014455937304980182,0.9793645608055919,0.5756449379936397,0.0,0.0
2022-01-27,-0.0028426421205652863,0.9765805778536569,0.5744352095954061,0.0,0.0
2022-01-28,0.014266387505099454,0.9905128548072712,0.5804210849859656,0.0,0.0
2022-01-31,0.010454056577367199,1.000867732232036,0.5847620064634688,0.0,0.0
2022-02-01,0.0039512077167658255,1.0048223685390931,0.586396240828391,0.0,0.0
2022-02-02,0.005739960105591413,1.0105900088477133,0.600972386634727,0.0122391996259056,0.0
2022-02-03,-0.01412582367842019,0.9963145925715574,0.5952550305617144,0.0,0.0
2022-02-04,0.0027990792443346457,0.9991033560684522,0.5963847815423966,0.0,0.0
2022-02-07,-0.0019140407162614448,0.9971910315651837,0.5956107640796272,0.0,0.0
2022-02-08,0.0049005729977766865,1.002077839008097,0.5975828387538717,0.0,0.0
2022-02-09,0.008746216706018384,1.0108422289443606,0.6010719499298944,0.0,0.0
2022-02-10,-0.010798502880467575,0.9999266462234067,0.5967170983548358,0.0,0.0
2022-02-11,-0.011766611913267666,0.9881608974355606,0.5919153243486952,0.0,0.0
2022-02-14,-0.001935105201102294,0.9862487021434071,0.5911241064805403,0.0,0.0
2022-02-15,0.00953296515097235,0.995650576651132,0.5949850994134563,0.0,0.0
2022-02-16,0.000666916623157876,0.9963145925715574,0.5952550305617144,0.0,0.0
2022-02-17,-0.012715537998260529,0.9836459165114924,0.5900421965340598,0.0,0.0
2022-02-18,-0.0038205437025796707,0.9798878542995961,0.5884699279087092,0.0,0.0
2022-02-22,-0.006315322623549724,0.9736995463647963,0.5858544652436202,0.0,0.0
2022-02-23,-0.010392186196566566,0.9635806793794609,0.5815053913482519,0.0,0.0
2022-02-24,0.00875124719995668,0.9720132121018127,0.5851359690375746,0.0,0.0
2022-02-25,0.012910345673553758,0.9845622386693085,0.5904237401321498,0.0,0.0
2022-02-28,-0.0015106267709292798,0.9830749325939285,0.5898040872049558,0.0,0.0
2022-03-01,-0.00898288342729725,0.9742440850741392,0.5860859455045028,0.0,0.0
2022-03-02,0.010936566092733413,0.9848989699010071,0.6030407606160308,0.012566202040831712,0.0
2022-03-03,-0.003002330101755768,0.9819419780764851,0.6018453689821726,0.0,0.0
2022-03-04,-0.004889686989926312,0.977140589161422,0.5998889511922918,0.0,0.0
2022-03-07,-0.01768433530545155,0.9598605073421249,0.5926858715704967,0.0,0.0
2022-03-08,-0.00449353704059996,0.955547338598574,0.5908473288875927,0.0,0.0
2022-03-09,0.015841024640875778,0.9706841875348373,0.5972276555211457,0.0,0.0
2022-03-10,-0.0026967861120560377,0.968066459898701,0.5961385275109425,0.0,0.0
2022-03-11,-0.0075798719882567145,0.960728640056544,0.5930539283819539,0.0,0.0
2022-03-14,-0.0043342944215777335,0.956564559271297,0.5912824260813174,0.0,0.0
2022-03-15,0.013002552184071758,0.9690023398706558,0.5965285842197809,0.0,0.0
2022-03-16,0.013227494564510556,0.9818198130542928,0.6017958277438644,0.0,0.0
2022-03-17,0.007529118386618627,0.9892120506611064,0.6047715495371591,0.0,0.0
2022-03-18,0.006623804851444426,0.9957643982413826,0.6073722392039317,0.0,0.0
2022-03-21,-0.00017746643918792326,0.9955876834793567,0.607302548585551,0.0,0.0
2022-03-22,0.00710623626146889,1.0026625647771694,0.610073458712557,0.0,0.0
2022-03-23,-0.007856811023043364,0.9947848344858352,0.6069856189916358,0.0,0.0
2022-03-24,0.00914995852357392,1.003887074461261,0.6105490787678775,0.0,0.0
2022-03-25,0.002981738749384455,1.0068804034511882,0.6117068674473296,0.0,0.0
2022-03-28,0.004351023197785686,1.0112613634440002,0.6133890207864066,0.0,0.0
2022-03-29,0.007588155704951305,1.0189349721282146,0.6163005916409329,0.0,0.0
2022-03-30,-0.0038055055347091526,1.015057409452272,0.6148348435061183,0.0,0.0
2022-03-31,-0.00946306013767928,1.0054518601434281,0.6111551816054255,0.0,0.0
2022-04-01,0.0017320575088948242,1.0071933605876218,0.6118275186664655,0.0,0.0
2022-04-04,0.005138547297907525,1.0123688713091397,0.6019344037072452,0.011941178898711016,0.0
2022-04-05,-0.007603263182133002,1.0046715643431774,0.5988846178906659,0.0,0.0
2022-04-06,-0.0059885563830435196,0.9986550320336678,0.5964680440199196,0.0,0.0
2022-04-07,0.003005730940858431,1.0016567203626954,0.597677317754155,0.0,0.0
2022-04-08,-0.00159824397215802,1.000055828547204,0.5970332786207302,0.0,0.0
2022-04-11,-0.010204635755990177,0.989850623081225,0.5928787546029282,0.0,0.0
2022-04-12,-0.002196774107317667,0.9876761448623279,0.5919824321745986,0.0,0.0
2022-04-13,0.006780391012805476,0.9943729753185149,0.5947303190768921,0.0,0.0
2022-04-14,-0.007405471187425738,0.9870091749002388,0.5917067149181994,0.0,0.0
2022-04-18,0.00024319603965183845,0.9872492116226745,0.591805986085793,0.0,0.0
2022-04-19,0.00955338002083539,0.9966807785165761,0.5956687164914622,0.0,0.0
2022-04-20,-0.0004416843391049641,0.9962405602256184,0.5954900507818803,0.0,0.0
2022-04-21,-0.008904699088449264,0.9873693378171011,0.5918556481439522,0.0,0.0
2022-04-22,-0.01624013748174058,0.9713343240256962,0.5851179058970072,0.0,0.0
2022-04-25,0.003392324189104068,0.9746294049487956,0.5865205621955683,0.0,0.0
2022-04-26,-0.01698610566492975,0.9580742468921877,0.5793757950042839,0.0,0.0
2022-04-27,0.0016291682335756175,0.9596351110206314,0.5800599479970132,0.0,0.0
2022-04-28,0.014652059634946646,0.9736957418950942,0.5861240826199342,0.0,0.0
2022-04-29,-0.021660648911455915,0.952604860283325,0.576960778568736,0.0,0.0
2022-05-02,0.00347301304625236,0.9559132693910124,0.5784249143412039,0.0,0.0
2022-05-03,0.002710901099539864,0.9585046557240692,0.6007907011069852,0.021257215233776057,0.0
2022-05-04,0.018295958600835105,0.9760414172239045,0.6079633867529645,0.0,0.0
2022-05-05,-0.021608764757057974,0.9549503678459677,0.5993048597275201,0.0,0.0
2022-05-06,-0.0035772181834614614,0.9515343020258058,0.5978663398863798,0.0,0.0
2022-05-09,-0.0191419614480145,0.9333200690999645,0.5900184896202927,0.0,0.0
2022-05-10,0.0013633946871898228,0.934592552723623,0.5905766951788974,0.0,0.0
2022-05-11,-0.009382251071336167,0.9258239707445689,0.5866990014423961,0.0,0.0
2022-05-12,-0.0006123030446936184,0.9252570859084317,0.5864457809349166,0.0,0.0
2022-05-13,0.014020650057874562,0.9382297917235226,0.592163908060965,0.0,0.0
2022-05-16,-0.0024028147413228673,0.935975399349221,0.5911815931665013,0.0,0.0
2022-05-17,0.012160827566824128,0.9473576347874963,0.5960934313015508,0.0,0.0
2022-05-18,-0.024029390087800362,0.9245932086285317,0.586148840347984,0.0,0.0
2022-05-19,-0.0035900563090204285,0.9212738669466174,0.5846577382407524,0.0,0.0
2022-05-20,0.00025526587972790615,0.9215090367307339,0.5847637338915155,0.0,0.0
2022-05-23,0.010941021842903131,0.9315912872300375,0.5892576746450291,0.0,0.0
2022-05-24,-0.004498201120799128,0.9274008022576926,0.5874017246202762,0.0,0.0
2022-05-25,0.0051896753145157515,0.9322137113078314,0.5895319206789255,0.0,0.0
2022-05-26,0.011779519143093609,0.9431947405656363,0.5943107450240619,0.0,0.0
2022-05-27,0.01458985749413122,0.9569558174197031,0.6001445786399607,0.0,0.0
2022-05-31,-0.003367431737442139,0.9537333340287941,0.5987935432843497,0.0,0.0
2022-06-01,-0.004843368411783677,0.9491140521254939,0.5968408952112931,0.0,0.0
2022-06-02,0.01142777261609318,0.9599603116999229,0.6046180371595903,0.003257984954410442,0.0
2022-06-03,-0.009922714083057449,0.9504348999958419,0.6006554554231252,0.0,0.0
2022-06-06,0.001828821118257995,0.9521730754124837,0.6013844519554549,0.0,0.0
2022-06-07,0.005768646016619083,0.9576658248310939,0.6036707351901697,0.0,0.0
2022-06-08,-0.006563228577906255,0.9513804451214782,0.6010523505763842,0.0,0.0
2022-06-09,-0.014294711036779817,0.9377807365724238,0.595266806528719,0.0,0.0
2022-06-10,-0.017260182649672662,0.9215944697738392,0.5881583443290958,0.0,0.0
2022-06-13,-0.02233132038736685,0.9010140484020941,0.5787513047527696,0.0,0.0
2022-06-14,-0.0017438989853704179,0.8994427709172812,0.5780154062478833,0.0,0.0
2022-06-15,0.008240291899325847,0.906854441896378,0.5814642628919531,0.0,0.0
2022-06-16,-0.01924412991150648,0.8894028172056974,0.5732518663688625,0.0,0.0
2022-06-17,0.0012358622287231835,0.8905019965536018,0.5737786172768442,0.0,0.0
2022-06-21,0.014444017188244063,0.9033644226979878,0.5798473099535618,0.0,0.0
2022-06-22,-0.0010513216398773118,0.9024146961317101,0.5794051294645467,0.0,0.0
2022-06-23,0.00567976347436927,0.907540198161533,0.5817805172071828,0.0,0.0
2022-06-24,0.018496955507877777,0.9243269288285374,0.5893758144968922,0.0,0.0
2022-06-27,-0.002251231287772937,0.9222460551262275,0.5884493187267056,0.0,0.0
2022-06-28,-0.012023760672873474,0.911157189277888,0.5834407095118136,0.0,0.0
2022-06-29,-0.0004750021097564838,0.9107243876906612,0.5832427489383031,0.0,0.0
2022-06-30,-0.0047385044352281636,0.9064089161403186,0.5812585406760827,0.0,0.0
2022-07-01,0.0061477513498326974,0.9119812927780206,0.5838171294800987,0.0,0.0
2022-07-05,0.0014076663088478103,0.9132650581181637,0.6038447671569591,0.01962130587148983,0.0
2022-07-06,0.0020394141191384385,0.9151275837722057,0.6046510473928925,0.0,0.0
2022-07-07,0.009055880765240554,0.9234148700558295,0.6081991491816237,0.0,0.0
2022-07-08,-0.0005003483148605659,0.9229528409816798,0.6080030141503233,0.0,0.0
2022-07-11,-0.00694548083878288,0.9165424897095413,0.6052613645212785,0.0,0.0
2022-07-12,-0.005355935773256437,0.9116335470011965,0.6031357852765157,0.0,0.0
2022-07-13,-0.0031675394583010608,0.9087459117695592,0.6018747077038199,0.0,0.0
2022-07-14,-0.0014616449419800892,0.9074176479040762,0.6012919380817905,0.0,0.0
2022-07-15,0.011487706388281449,0.9178417954147431,0.6058201603439392,0.0,0.0
2022-07-18,-0.0050021617655211514,0.9132506022789222,0.6038384964177487,0.0,0.0
2022-07-19,0.01631506223721435,0.9281503426932762,0.6101981380555542,0.0,0.0
2022-07-20,0.0038890149098804727,0.931759933214621,0.6117082106138612,0.0,0.0
2022-07-21,0.006229168019853404,0.9375640223927822,0.6141119719772646,0.0,0.0
2022-07-22,-0.005697857914999771,0.9322219158069726,0.6119006369497021,0.0,0.0
2022-07-25,0.0007434818697891199,0.9329150058999952,0.6121889674213286,0.0,0.0
2022-07-26,-0.007242753128654189,0.9261581328222446,0.6093596558465325,0.0,0.0
2022-07-27,0.01582269377172163,0.9408124493420805,0.6154443619456554,0.0,0.0
2022-07-28,0.007719196484380797,0.9480747654935036,0.6183900838686613,0.0,0.0
2022-07-29,0.009015384959150108,0.9566220244744834,0.6217997051186805,0.0,0.0
2022-08-01,-0.0018412510020530126,0.9548606432133337,0.6211020589049634,0.0,0.0
2022-08-02,-0.004055615562179926,0.9509880955290047,0.5993772108180707,0.02016042943031096,0.0
2022-08-03,0.00938590219108959,0.9599139767785305,0.6031024523799161,0.0,0.0
2022-08-04,-0.0004074901031078104,0.9595228213331584,0.6029406546263298,0.0,0.0
2022-08-05,-0.0010189999440241015,0.95854506763193,0.6025356384641732,0.0,0.0
2022-08-08,-0.0006994649470635217,0.9578745989569408,0.6022574314795383,0.0,0.0
2022-08-09,-0.002391554383576744,0.9555837897608885,0.6013039281411695,0.0,0.0
2022-08-10,0.012629620900636906,0.9676524507643625,0.6062765066024549,0.0,0.0
2022-08-11,0.0,0.9676524507643625,0.6062765066024549,0.0,0.0
2022-08-12,0.010263841726646517,0.9775842823654095,0.6102765662436949,0.0,0.0
2022-08-15,0.002514693847879279,0.9800426075460573,0.6112541430585341,0.0,0.0
2022-08-16,0.0011973166843437522,0.98121602891144,0.611719038332152,0.0,0.0
2022-08-17,-0.004341951530301369,0.9769556364731518,0.6100257892108379,0.0,0.0
2022-08-18,0.0017729492831457527,0.9786877292685021,0.6107159700526732,0.0,0.0
2022-08-19,-0.00820681386489397,0.9706558212425398,0.6074947525458225,0.0,0.0
2022-08-22,-0.01264941120813956,0.9583775966180685,0.6024661838360236,0.0,0.0
2022-08-23,-0.0014576414240281554,0.9569806257333775,0.6018858761976785,0.0,0.0
2022-08-24,0.0019266848767083289,0.9588244258322809,0.6026514416558222,0.0,0.0
2022-08-25,0.00850801351062147,0.9669821170015758,0.606003568617164,0.0,0.0
2022-08-26,-0.02051270776606784,0.9471466954205088,0.5977523807539736,0.0,0.0
2022-08-29,-0.003952443490698898,0.943403151629457,0.596156210998877,0.0,0.0
2022-08-30,-0.006544568977555176,0.9372289846299751,0.5934958163291786,0.0,0.0
2022-08-31,-0.004515839501701535,0.9329966089590433,0.5916517813127814,0.0,0.0
2022-09-01,0.0018564352838847942,0.9347286567836597,0.5924084486501207,0.0,0.0
2022-09-02,-0.006355287705647306,0.9287881872430863,0.5951205644072811,0.005252302286599242,0.0
2022-09-06,-0.0022454649925216508,0.9267026258831643,0.5942093757662708,0.0,0.0
2022-09-07,0.010674859650671165,0.9365950463523756,0.5984953812208347,0.0,0.0
2022-09-08,0.003911946636984798,0.9402589561941703,0.600059925450464,0.0,0.0
2022-09-09,0.009322027059098126,0.9490240756263717,0.6037537437730777,0.0,0.0
2022-09-12,0.006488971749397665,0.9551822660426095,0.6063083974599354,0.0,0.0
2022-09-13,-0.026363776771021863,0.9300000540050233,0.5956481556998553,0.0,0.0
2022-09-14,0.0022729305648154785,0.9321138795530512,0.5965651351351189,0.0,0.0
2022-09-15,-0.006772859508722973,0.9258008032007077,0.5938140950665813,0.0,0.0
2022-09-16,-0.004530217355291799,0.9216067243345047,0.591965610594139,0.0,0.0
2022-09-19,0.004590608987610434,0.9258374604462769,0.5938301774321153,0.0,0.0
2022-09-20,-0.006816323845216243,0.9195266524878425,0.5910425912954849,0.0,0.0
2022-09-21,-0.010309977028046924,0.910046353824016,0.5867823265748888,0.0,0.0
2022-09-22,-0.004928894112680604,0.9055608317083863,0.5847355319832759,0.0,0.0
2022-09-23,-0.009797150127064391,0.8966889162909499,0.5806268704740534,0.0,0.0
2022-09-26,-0.005744038000435214,0.8915383010812057,0.578204058557981,0.0,0.0
2022-09-27,-0.0014759829218858878,0.8902224057746027,0.577580574700366,0.0,0.0
2022-09-28,0.011364719090654729,0.900339533344438,0.5823273075222135,0.0,0.0
2022-09-29,-0.012164184868856953,0.8893876368160958,0.57718409670909,0.0,0.0
2022-09-30,-0.008925312973095068,0.8814495738031107,0.5733763470850995,0.0,0.0
2022-10-03,0.015137834067608491,0.8947928111903065,0.5797382004713192,0.0,0.0
2022-10-04,0.01820406731734958,0.9110816797602954,0.6035577650725569,0.016443845799694195,0.0
2022-10-05,-0.0014052536891803191,0.9098013788686676,0.6029998791881811,0.0,0.0
2022-10-06,-0.006220436698760379,0.9041420169829701,0.6005149074579246,0.0,0.0
2022-10-07,-0.016750664414215133,0.8889970374736968,0.5937092677473549,0.0,0.0
2022-10-10,-0.0045332060623111126,0.8849670307140445,0.591859080858425,0.0,0.0
2022-10-11,-0.0037482354183883126,0.8816499659454161,0.5903235169545935,0.0,0.0
2022-10-12,-0.0019471185377732958,0.8799332889528966,0.5895242720554066,0.0,0.0
2022-10-13,0.015558143269678748,0.8936234171301853,0.5958126763446249,0.0,0.0
2022-10-14,-0.013577808893682985,0.8814899691494718,0.5902491577140405,0.0,0.0
2022-10-17,0.015167653692419014,0.894860103734872,0.5963712586826491,0.0,0.0
2022-10-18,0.007007056239374032,0.9011304388081143,0.5991798281685475,0.0,0.0
2022-10-19,-0.0042459584989125165,0.8973042763628282,0.5974707054894592,0.0,0.0
2022-10-20,-0.005009995235497278,0.892808786213459,0.595443881262091,0.0,0.0
2022-10-21,0.014470240877211715,0.9057279444072589,0.6012144048818134,0.0,0.0
2022-10-24,0.00735656913540117,0.9123909946481557,0.6041266743706668,0.0,0.0
2022-10-25,0.009647095282499407,0.9211929175084208,0.6079092115660791,0.0,0.0
2022-10-26,-0.004580051327178092,0.9169738066639993,0.606105152949075,0.0,0.0
2022-10-27,-0.003236643424326502,0.9140058894223806,0.6048261159959477,0.0,0.0
2022-10-28,0.01438921791578962,0.9271577193415944,0.6104316991696791,0.0,0.0
2022-10-31,-0.004409312417322897,0.9230695912968847,0.6087063632784634,0.0,0.0
2022-11-01,-0.0026635907511783907,0.9206109116708123,0.607661333635405,0.0,0.0
2022-11-02,-0.01508260159997632,0.9067257040614904,0.5942739688075357,0.00727872821090186,0.0
2022-11-03,-0.006119100701284963,0.9011773581698946,0.591776005073902,0.0,0.0
2022-11-04,0.008517447754591512,0.9088530892357276,0.5952236663480774,0.0,0.0
2022-11-07,0.005693678129698343,0.9140278061930179,0.5975152847687276,0.0,0.0
2022-11-08,0.0032238881623032345,0.9169745296174195,0.5988086807137932,0.0,0.0
2022-11-09,-0.01233673530775925,0.9056620575615724,0.5937974675901109,0.0,0.0
2022-11-10,0.032631634187794356,0.9352152905216867,0.6066336542852636,0.0,0.0
2022-11-11,0.005871291129909251,0.9407062117614823,0.6089297416244354,0.0,0.0
2022-11-14,-0.005179986836709061,0.9358333659673473,0.6068934548953693,0.0,0.0
2022-11-15,0.005176277790894357,0.9406774994355821,0.6089178049758868,0.0,0.0
2022-11-16,-0.004645232549834621,0.9363078336963069,0.6070926590064345,0.0,0.0
2022-11-17,-0.0018576486104089351,0.9345685027501259,0.6063614168394229,0.0,0.0
2022-11-18,0.0027530953813692527,0.9371414589786206,0.607442165999131,0.0,0.0
2022-11-21,-0.0022089009903519807,0.9350714062817828,0.6065731249852799,0.0,0.0
2022-11-22,0.008162873891884193,0.9427042762511677,0.6097586161887257,0.0,0.0
2022-11-23,0.0038424240775352114,0.9463265458602306,0.6112523495210115,0.0,0.0
2022-11-25,-0.00013680155831996554,0.9461970869140773,0.6111991609603548,0.0,0.0
2022-11-28,-0.009752913575497457,0.9369689085000169,0.607369873267193,0.0,0.0
2022-11-29,-0.0010431202697867015,0.9359915372394007,0.6069598851565605,0.0,0.0
2022-11-30,0.01911946768219841,0.9538871971864606,0.6143336210254745,0.0,0.0
2022-12-01,-0.0004519398882569803,0.9534560975131544,0.6141592441974121,0.0,0.0
2022-12-02,-0.0008423391059705354,0.952652964156393,0.6027611700222671,0.011155272806017526,0.0
2022-12-05,-0.010843232470759023,0.9423231266020876,0.5984065994210671,0.0,0.0
2022-12-06,-0.008625958076736273,0.9341946868172789,0.594912330163656,0.0,0.0
2022-12-07,-0.001011961916212445,0.9332493173718918,0.5945019816119477,0.0,0.0
2022-12-08,0.004657248309377637,0.9375956911774499,0.5963817321077229,0.0,0.0
2022-12-09,-0.004455127774751655,0.9334185825721978,0.5945755142205625,0.0,0.0
2022-12-12,0.0085720854336373,0.9414199264073514,0.5980213098946473,0.0,0.0
2022-12-13,0.004527145318207193,0.9456818712196534,0.5998329243974619,0.0,0.0
2022-12-14,-0.0038351927727482416,0.9420549989418328,0.5982922979216939,0.0,0.0
2022-12-15,-0.014635210440413715,0.9282678257858753,0.5923259017019967,0.0,0.0
2022-12-16,-0.0069931170716328594,0.9217763402063246,0.5894549118372912,0.0,0.0
2022-12-19,-0.004998292052520892,0.9171690328508695,0.5873925794463265,0.0,0.0
2022-12-20,0.0008037697287810452,0.9179062255556504,0.5877239544516398,0.0,0.0
2022-12-21,0.008787784720986958,0.9259725878598871,0.591315386850775,0.0,0.0
2022-12-22,-0.008435741605956393,0.9181613223745023,0.5878384989278069,0.0,0.0
2022-12-23,0.003381468622676076,0.9212660560766665,0.5892275132029696,0.0,0.0
2022-12-27,-0.0023237241251548024,0.9191252879164749,0.5882707680536645,0.0,0.0
2022-12-28,-0.007310930436115748,0.9124056268744426,0.5852384753997346,0.0,0.0
2022-12-29,0.010534551316568885,0.9220174107722776,0.5895622529087245,0.0,0.0
2022-12-30,-0.0015529578664841281,0.9205855565811835,0.5889238689973602,0.0,0.0
2023-01-03,-0.002479229449343756,0.9183032137586669,0.5879021839558132,0.0,0.0
2023-01-04,0.004549259441934073,0.9224808133244169,0.6003629568127989,0.010598789557471355,0.0
2023-01-05,-0.0068520646986584,0.916159915108247,0.5976057252075514,0.0,0.0
2023-01-06,0.013704363616277249,0.9287153037155481,0.6030457308510028,0.0,0.0
2023-01-09,-0.00034180853771692554,0.9283978608956298,0.6029100020994784,0.0,0.0
2023-01-10,0.004227978152756995,0.9323231067685628,0.6045818215192977,0.0,0.0
2023-01-11,0.007646752814385316,0.9394523511091618,0.6075825408296228,0.0,0.0
2023-01-12,0.0022121009769753286,0.9415305145728722,0.6084486918608933,0.0,0.0
2023-01-13,0.0023604845322531265,0.9437529827891659,0.6093707661253005,0.0,0.0
2023-01-17,-0.0011164081676729998,0.9426993692509142,0.6089341770464574,0.0,0.0
2023-01-18,-0.009613844210061395,0.9336364043780128,0.6051380356365886,0.0,0.0
2023-01-19,-0.004405289636503107,0.9295234656015443,0.603390857491353,0.0,0.0
2023-01-20,0.011240540078747863,0.939971811370775,0.6077994040094931,0.0,0.0
2023-01-23,0.007292826667654406,0.9468268628635833,0.6106389466824731,0.0,0.0
2023-01-24,-0.000655314088347847,0.9462063938811226,0.6103836255832669,0.0,0.0
2023-01-25,0.0002286901048882406,0.9464227819205852,0.6104727066208465,0.0,0.0
2023-01-26,0.0067092886725024226,0.9527726055707232,0.6130687401396646,0.0,0.0
2023-01-27,0.0014086098369605615,0.9541146904353167,0.6136130086565446,0.0,0.0
2023-01-30,-0.00769885045696328,0.9467691041148634,0.6106151932592339,0.0,0.0
2023-01-31,0.008978122060182114,0.9552693126944158,0.6140800298566428,0.0,0.0
2023-02-01,0.00652637350396823,0.9615037570259387,0.6165823566054469,0.0,0.0
2023-02-02,0.008877963754038598,0.9700399525301869,0.6011076681200488,0.018910318707786367,0.0
2023-02-03,-0.006389201933732269,0.9638421713896835,0.5985426762105825,0.0,0.0
2023-02-06,-0.0036580097315067617,0.9603164273471034,0.5970687497761354,0.0,0.0
2023-02-07,0.007808830892859886,0.9678153759318924,0.6001907922687173,0.0,0.0
2023-02-08,-0.006562876614632063,0.9614637230339076,0.5975495596854284,0.0,0.0
2023-02-09,-0.005180277911879916,0.9564830737464012,0.5954538984512382,0.0,0.0
2023-02-10,0.0013896371618462577,0.9578122381703561,0.5960152906162156,0.0,0.0
2023-02-13,0.006996584446856913,0.9645136523789479,0.5988221652154926,0.0,0.0
2023-02-14,-0.0002755485844532224,0.9642478820073491,0.5987115907623697,0.0,0.0
2023-02-15,0.0019441902500676456,0.9661225633381962,0.5994902578980215,0.0,0.0
2023-02-16,-0.008254262583345273,0.9581479340127081,0.5961568303331004,0.0,0.0
2023-02-17,-0.00148914265746114,0.9567211150520115,0.5955545533659016,0.0,0.0
2023-02-21,-0.011947430043010021,0.9452907564592571,0.5906640406272068,0.0,0.0
2023-02-22,-0.0008141692868878225,0.944521129758169,0.5903305003027787,0.0,0.0
2023-02-23,0.0031402922279060164,0.9474872021210416,0.5916129549662755,0.0,0.0
2023-02-24,-0.0063198321439684735,0.9414992420450783,0.5890156025606689,0.0,0.0
2023-02-27,0.00200601063728878,0.94338789953962,0.5898383911111075,0.0,0.0
2023-02-28,-0.0021799623134889368,0.9413313494716221,0.5889423008182217,0.0,0.0
2023-03-01,-0.002259150825886458,0.9392047399760305,0.5880115567864802,0.0,0.0
2023-03-02,0.0047390284491699575,0.9436556579583721,0.6031109950665466,0.013252632511293147,0.0
2023-03-03,0.009672644473701197,0.9527833036434001,0.6069131840841994,0.0,0.0
2023-03-06,0.0004203860457381303,0.9531838404488642,0.6070783628575227,0.0,0.0
2023-03-07,-0.009305731553102992,0.9443137675088913,0.603387594279255,0.0,0.0
2023-03-08,0.0009848631126239127,0.9452437873052537,0.603777818889834,0.0,0.0
2023-03-09,-0.011139576866018186,0.9347141714794407,0.5993143502958439,0.0,0.0
2023-03-10,-0.008647825993028824,0.9266309259712684,0.5958190638906711,0.0,0.0
2023-03-13,-0.0008491271009284374,0.9258440985394678,0.5954755712352192,0.0,0.0
2023-03-14,0.00984314408544007,0.9349573154020461,0.599418552144416,0.0,0.0
2023-03-15,-0.003748852076863707,0.9314522987284222,0.5979111806388702,0.0,0.0
2023-03-16,0.010490322590620771,0.9412235338198587,0.6020854328121777,0.0,0.0
2023-03-17,-0.007039897374014781,0.9345974167357594,0.5992642945718604,0.0,0.0
2023-03-20,0.005762338479821993,0.9399828833933581,0.6015602393366218,0.0,0.0
2023-03-21,0.00789869030562973,0.9474075170818752,0.6046827280402981,0.0,0.0
2023-03-22,-0.010307679612389986,0.9376419439334254,0.6005654850338971,0.0,0.0
2023-03-23,0.0016236237731888092,0.9391643216843346,0.6012129651441285,0.0,0.0
2023-03-24,0.003945105608770483,0.9428694241173685,0.6027800398368836,0.0,0.0
2023-03-27,0.0011270537381831147,0.9439320886264386,0.6032272240771968,0.0,0.0
2023-03-28,-0.0013540087501421327,0.9426539963188985,0.6026892618612313,0.0,0.0
2023-03-29,0.008759973704282276,0.9509116205388886,0.6061394697493814,0.0,0.0
2023-03-30,0.0035491510404654925,0.9542865495063149,0.607532396552506,0.0,0.0
2023-03-31,0.00856304557523857,0.9624581487215746,0.6108645808813585,0.0,0.0
2023-04-03,0.002327641291806737,0.9646984060501749,0.6117682451447503,0.0,0.0
2023-04-04,-0.0033129222607632958,0.9615024352258483,0.5982725494817,0.012158761146219945,0.0
2023-04-05,-0.0015664990706987236,0.9599962425545925,0.5976422564503409,0.0,0.0
2023-04-06,0.0023313146237189386,0.9622342958335752,0.5985780972026136,0.0,0.0
2023-04-10,0.0006142628934535654,0.9628253606563142,0.5988245244110314,0.0,0.0
2023-04-11,0.00016092016816871002,0.962980298675268,0.5988890712491403,0.0,0.0
2023-04-12,-0.0024410199326850845,0.9606296445714186,0.5979075555775228,0.0,0.0
2023-04-13,0.00794177934540996,0.9682587532412645,0.6010757241518365,0.0,0.0
2023-04-14,-0.0014683030687222542,0.9668370559425632,0.6004891211023633,0.0,0.0
2023-04-17,0.002154752202394583,0.9689203502182122,0.601348117124977,0.0,0.0
2023-04-18,0.000392287059195251,0.9693004451329938,0.6015044417756152,0.0,0.0
2023-04-19,-0.00010166930099475557,0.9692018970342833,0.6014639228912344,0.0,0.0
2023-04-20,-0.003282239054453795,0.9660207447161866,0.6001515246094437,0.0,0.0
2023-04-21,0.0004662923191189883,0.9664711927695573,0.6003378839843845,0.0,0.0
2023-04-24,0.0006262028927839225,0.9670763998262619,0.6005879969361158,0.0,0.0
2023-04-25,-0.009533633497217031,0.9578566478665103,0.5967434972333692,0.0,0.0
2023-04-26,-0.0025275723687211427,0.955435595870167,0.5957216544579047,0.0,0.0
2023-04-27,0.011859670852426563,0.9667667475578792,0.600460066560893,0.0,0.0
2023-04-28,0.005125072396184649,0.9717214971293373,0.6024972966930203,0.0,0.0
2023-05-01,-0.0006084498903291546,0.9711302532909785,0.6022552889672135,0.0,0.0
2023-05-02,-0.006752519618934749,0.96457267720309,0.5977129708707236,0.001828742014512691,0.0
2023-05-03,-0.004102734768281158,0.9606152913437949,0.5960556945241989,0.0,0.0
2023-05-04,-0.004221773990230049,0.9565597906921823,0.5943431027865858,0.0,0.0
2023-05-05,0.011002840760151233,0.967084665746732,0.5987579056569124,0.0,0.0
2023-05-08,0.00015954006012375288,0.96723895449245,0.5988219096335697,0.0,0.0
2023-05-09,-0.0026260404232835155,0.9646989458989783,0.597765625907569,0.0,0.0
2023-05-10,0.002793120527613935,0.9673934663277364,0.5988859856948384,0.0,0.0
2023-05-11,-0.0010445200713805614,0.9663830044352346,0.598466575974113,0.0,0.0
2023-05-12,-0.0007841052932356929,0.965625258406164,0.5981514844259725,0.0,0.0
2023-05-15,0.0020636169448329245,0.9676179390517696,0.5989790380782275,0.0,0.0
2023-05-16,-0.0040027650189568,0.9637447918136182,0.5973673943689161,0.0,0.0
2023-05-17,0.007251405028261937,0.9707332956429366,0.6002660273084587,0.0,0.0
2023-05-18,0.005782525969981078,0.9763465861349172,0.6025642100850418,0.0,0.0
2023-05-19,-0.000876778088026664,0.9754905468418744,0.6022154413002185,0.0,0.0
2023-05-22,0.0002445204288590297,0.9757290742087361,0.6023126839732851,0.0,0.0
2023-05-23,-0.006759661729113242,0.9691334757278243,0.5996061570364317,0.0,0.0
2023-05-24,-0.004344007669232375,0.9649235524767528,0.5978592545541038,0.0,0.0
2023-05-25,0.005177429000349232,0.9699193756604658,0.599930585542668,0.0,0.0
2023-05-26,0.007769452524057252,0.977455118201823,0.6030149421027606,0.0,0.0
2023-05-30,0.00022969580675979984,0.9776796355437698,0.6031061069657191,0.0,0.0
2023-05-31,-0.0033442911338400494,0.9744099902068848,0.6017743243694404,0.0,0.0
2023-06-01,0.005717527380994403,0.9799812060062072,0.6040382465366935,0.0,0.0
2023-06-02,0.008687377415915076,0.9884946726032867,0.6019242746655813,0.005553680153361424,0.0
2023-06-05,-0.0011535472179184936,0.9873543973237779,0.6014645452004554,0.0,0.0
2023-06-06,0.0013098006375720228,0.9886476347429022,0.6019858643690675,0.0,0.0
2023-06-07,-0.0020815906774659387,0.9865896750431226,0.6011556336543226,0.0,0.0
2023-06-08,0.0036361216249527484,0.9901770350955019,0.6026006261114613,0.0,0.0
2023-06-09,0.0010812231684127482,0.9912476374466773,0.6030298394462206,0.0,0.0
2023-06-12,0.005470654251040763,0.9966704105483091,0.6051897100373592,0.0,0.0
2023-06-13,0.003989991201642118,1.0006471167173339,0.6067587392080417,0.0,0.0
2023-06-14,0.0007225217017208241,1.0013701059749265,0.6070426594144653,0.0,0.0
2023-06-15,0.007525903448273974,1.0089063207084816,0.6099779278719963,0.0,0.0
2023-06-16,-0.002077783248134568,1.0068100320563764,0.6091658592415293,0.0,0.0
2023-06-20,-0.0031603995427795795,1.0036281100913995,0.607926751125049,0.0,0.0
2023-06-21,-0.0031148296270538944,1.0005019795195427,0.6067016939089664,0.0,0.0
2023-06-22,0.0021900611797764924,1.002693140065178,0.6075611589801206,0.0,0.0
2023-06-23,-0.004593249026898949,0.9980875207752953,0.6057502717997094,0.0,0.0
2023-06-26,-0.002474894905034719,0.9956173590553498,0.6047721243439205,0.0,0.0
2023-06-27,0.006630169734549662,1.0022184711365507,0.6073752927946696,0.0,0.0
2023-06-28,0.0003065263120702877,1.0025256774683968,0.6074956057191199,0.0,0.0
2023-06-29,0.0023943089134046414,1.0049260336338763,0.6084331377476045,0.0,0.0
2023-06-30,0.007180023083559028,1.0121414257526369,0.6112245544211814,0.0,0.0
2023-07-03,0.0007030910906242749,1.0128530533715354,0.6114977069221317,0.0,0.0
2023-07-05,-0.0009434789673353761,1.011897447818678,0.6006614832981547,0.010491866551629488,0.0
2023-07-06,-0.004703609670160702,1.0071378771979071,0.5987742740938653,0.0,0.0
2023-07-07,-0.0015117039295103885,1.0056153829113883,0.5981668212986148,0.0,0.0
2023-07-10,0.001513992638130679,1.0071378771979071,0.5987742740938653,0.0,0.0
2023-07-11,0.003813362787626673,1.0109784593008229,0.600298480992606,0.0,0.0
2023-07-12,0.0048298973285600955,1.0158613814606317,0.6022197189095984,0.0,0.0
2023-07-13,0.004779864421861735,1.0207170611354186,0.6041120098288597,0.0,0.0
2023-07-14,-0.00037625037361721514,1.020333015959809,0.6039630007599293,0.0,0.0
2023-07-17,0.0020969620111832565,1.0224726155330328,0.6047917374729543,0.0,0.0
2023-07-18,0.004493951739607427,1.0270675581223085,0.6065598385708404,0.0,0.0
2023-07-19,0.0013489437190421505,1.0284530144538695,0.6070898522468,0.0,0.0
2023-07-20,-0.004027776065576361,1.0243106360176824,0.6055008982067057,0.0,0.0
2023-07-21,0.0,1.0243106360176824,0.6055008982067057,0.0,0.0
2023-07-24,0.00270493668717231,1.0270813314361074,0.6065651146620695,0.0,0.0
2023-07-25,0.0016559630497381406,1.0287821401700414,0.6072155511958011,0.0,0.0
2023-07-26,9.329352002751534e-05,1.0288781188772393,0.6072521920212905,0.0,0.0
2023-07-27,-0.004025985209879734,1.0247358707878707,0.6056646035474404,0.0,0.0
2023-07-28,0.005929574102392587,1.030812118069087,0.6079890614564826,0.0,0.0
2023-07-31,0.0011576974595353118,1.032005486639434,0.6084423667337766,0.0,0.0
2023-08-01,-0.0017411059469484291,1.0302086557493626,0.6077594343522931,0.0,0.0
2023-08-02,-0.008415857340579147,1.0215385666715462,0.5983410825887286,0.006067159643428977,0.0
2023-08-03,-0.001714725719907828,1.0197869082173967,0.5976511646924518,0.0,0.0
2023-08-04,-0.0027030658236580907,1.0170303570783803,0.596560641550709,0.0,0.0
2023-08-07,0.005207031990795974,1.022326066683298,0.5986504813338939,0.0,0.0
2023-08-08,-0.002603283134438028,1.019664662476005,0.5976029278225472,0.0,0.0
2023-08-09,-0.003995161835782968,1.0155909371311844,0.5959888378462803,0.0,0.0
2023-08-10,0.00021397064231587493,1.0158082437763325,0.596075265881087,0.0,0.0
2023-08-11,-0.0003476490838905111,1.0154550989709752,0.5959347929820351,0.0,0.0
2023-08-14,0.0032896668535686846,1.0187956079513474,0.5972596744814889,0.0,0.0
2023-08-15,-0.006957503842919266,1.0117073335938767,0.5944379751349482,0.0,0.0
2023-08-16,-0.004362037843245958,1.0072942279184507,0.5926611476459555,0.0,0.0
2023-08-17,-0.004515917674886238,1.002745370110783,0.5908132941687636,0.0,0.0
2023-08-18,0.0002842732340779808,1.003030423780101,0.5909295819394713,0.0,0.0
2023-08-21,0.0038448103090655827,1.0068868854937572,0.5924963561503265,0.0,0.0
2023-08-22,-0.0016049820363539524,1.0052708501298993,0.5918412687186387,0.0,0.0
2023-08-23,0.006591946139292704,1.0118975414293565,0.5945142092117633,0.0,0.0
2023-08-24,-0.008239499694201347,1.0035600119461863,0.5911454522909417,0.0,0.0
2023-08-25,0.004167456444698958,1.0077423045856135,0.5928422644200934,0.0,0.0
2023-08-28,0.0037594359354691242,1.011530847219165,0.5943672148890438,0.0,0.0
2023-08-29,0.008591478223791471,1.020221392465742,0.5978225140020941,0.0,0.0
2023-08-30,0.002462395629748926,1.022733581163926,0.5988104015161014,0.0,0.0
2023-08-31,-0.0008763175266750522,1.0218373418016329,0.5984585236827177,0.0,0.0
2023-09-01,0.0011161842912601472,1.0229779005907749,0.5989062182612166,0.0,0.0
2023-09-05,-0.002593638340924076,1.0203246658858847,0.5992050325415635,0.0013384800606209384,0.0
2023-09-06,-0.004027953483457747,1.0162148455936717,0.5975841200963066,0.0,0.0
2023-09-07,-0.001834763741086376,1.0143503314418227,0.5968444248650321,0.0,0.0
2023-09-08,0.0008988380192271883,1.0152620680845383,0.5972064710027936,0.0,0.0
2023-09-11,0.00392761634792449,1.0192496279805747,0.5987823001996062,0.0,0.0
2023-09-12,-0.0032846205992064226,1.0159017796567762,0.5974601093828829,0.0,0.0
2023-09-13,0.0006966188060224532,1.0166094759415567,0.5977403310331894,0.0,0.0
2023-09-14,0.005154002807219671,1.0218490840344057,0.5998029477638558,0.0,0.0
2023-09-15,-0.0072267001269554765,1.0144644871290849,0.5968897911665016,0.0,0.0
2023-09-18,0.0003501627428252885,1.0148197147963969,0.5970308959332554,0.0,0.0
2023-09-19,-0.0012381821465303755,1.013563183143589,0.596531328227182,0.0,0.0
2023-09-20,-0.005484154419876708,1.0080046461329277,0.594306442108556,0.0,0.0
2023-09-21,-0.009822911196654238,0.9981031060081491,0.590281816779123,0.0,0.0
2023-09-22,-0.0013272495678504637,0.9967783740920296,0.5897372957822448,0.0,0.0
2023-09-25,0.0024799256114904633,0.9992503103109203,0.5907521998832006,0.0,0.0
2023-09-26,-0.008678889893899755,0.9905779268912867,0.5871692875853335,0.0,0.0
2023-09-27,0.00023435630040880007,0.9908100750694996,0.5872660143952528,0.0,0.0
2023-09-28,0.003404658087082346,0.9941834446043477,0.5886664644435732,0.0,0.0
2023-09-29,-0.0014286601179656078,0.9927630943670999,0.58807796786455,0.0,0.0
2023-10-02,-0.00023384045955177069,0.992530946188887,0.5879816212975304,0.0,0.0
2023-10-03,-0.007985551163870341,0.984605039536371,0.5980311025651033,0.01329395599359439,0.0
2023-10-04,0.004354719737355683,0.9888927185355398,0.5997739747367208,0.0,0.0
2023-10-05,-0.00022594240801598886,0.9886692857334445,0.5996835262686774,0.0,0.0
2023-10-06,0.007119998280492812,0.9957086093478427,0.6025136285499212,0.0,0.0
2023-10-09,0.0038573668630759173,0.9995494227428205,0.6040409877230148,0.0,0.0
2023-10-10,0.0031438922373272504,1.0026918984138067,0.6052819387716436,0.0,0.0
2023-10-11,0.0024794343641658667,1.0051780071634047,0.6062581957317549,0.0,0.0
2023-10-12,-0.0036959397326663534,1.001462929828327,0.6047975512991544,0.0,0.0
2023-10-13,-0.0030124648473363047,0.9984460579563088,0.6036034205379206,0.0,0.0
2023-10-16,0.0063507222838383726,1.0047869115857826,0.6061049386813309,0.0,0.0
2023-10-17,-2.7817981532507474e-05,1.004758960442032,0.6060939810109691,0.0,0.0
2023-10-18,-0.008076258575103079,0.9966442672718503,0.6028867920600575,0.0,0.0
2023-10-19,-0.005297147282110837,0.9913648958002399,0.6007720226649746,0.0,0.0
2023-10-20,-0.007382406553832377,0.9840462370962448,0.5978028397129388,0.0,0.0
2023-10-23,-0.0010359952915326431,0.9830267698279627,0.5973857332282594,0.0,0.0
2023-10-24,0.0045038801117258664,0.987454204545885,0.5991909292306965,0.0,0.0
2023-10-25,-0.008599658647315156,0.9789624354569342,0.5957142094358852,0.0,0.0
2023-10-26,-0.007133402569918013,0.9719791023039925,0.592809556076757,0.0,0.0
2023-10-27,-0.002687140910033081,0.9693672574944943,0.5917124298439326,0.0,0.0
2023-10-30,0.007074393336454321,0.9762249427614904,0.5945805266645656,0.0,0.0
2023-10-31,0.003734065265065034,0.9798702304111462,0.5960887576049624,0.0,0.0
2023-11-01,0.0063571492653569095,0.9860994117265496,0.5986402613725219,0.0,0.0
2023-11-02,0.011463675139743668,0.9974037350380751,0.6023379949224043,0.0008566091829410904,0.0
2023-11-03,0.005495403163558565,1.0028848706789484,0.6045113644215137,0.0,0.0
2023-11-06,0.0013906723715775282,1.0042795549604746,0.605060595739466,0.0,0.0
2023-11-07,0.0017219863449382533,1.0060089106406171,0.60573950692489,0.0,0.0
2023-11-08,0.00044365072219298973,1.0064552272203555,0.605914343311086,0.0,0.0
2023-11-09,-0.004725335069140857,1.001699389039651,0.6040433153030266,0.0,0.0
2023-11-10,0.009426011734553263,1.0111414192352337,0.6077407555442537,0.0,0.0
2023-11-13,-0.0005794175226093712,1.0105555461790927,0.6075133418971583,0.0,0.0
2023-11-14,0.01178627246438202,1.022466229186752,0.6120854089600645,0.0,0.0
2023-11-15,0.0012957513719096259,1.0237910912059518,0.6125873993688273,0.0,0.0
2023-11-16,0.0007493798625566317,1.0245582996331664,0.6128775011737903,0.0,0.0
2023-11-17,0.0007622250041889878,1.025339243587396,0.6131723508802608,0.0,0.0
2023-11-20,0.004720014493679869,1.0301788596780672,0.6149896055224124,0.0,0.0
2023-11-21,-0.0013403659657388323,1.0287980429959311,0.6144728580624909,0.0,0.0
2023-11-22,0.0023724204506536672,1.031238784512727,0.6153853257812291,0.0,0.0
2023-11-24,0.0003785795751578558,1.0316291904536543,0.6155308779381206,0.0,0.0
2023-11-27,-0.0011085094167880838,1.030485619781403,0.6151042173385582,0.0,0.0
2023-11-28,0.0006090836579988324,1.0311132717322147,0.6153385083669735,0.0,0.0
2023-11-29,-0.00043284922420649963,1.0306669551524763,0.615171935837948,0.0,0.0
2023-11-30,0.0024222374364013532,1.0331634752357084,0.6161018283610578,0.0,0.0
2023-12-01,0.003644859403795442,1.0369292108440793,0.6174960016564099,0.0,0.0
2023-12-04,-0.003286750173907782,1.0335210835800075,0.6005733629049916,0.015691501899195572,0.0
2023-12-05,-0.0001183468258778575,1.033398769640288,0.6005260864353004,0.0,0.0
2023-12-06,-0.0024200244499367196,1.030897919351224,0.5995570045956159,0.0,0.0
2023-12-07,0.004574875740254836,1.035614149233143,0.6013806386414905,0.0,0.0
2023-12-08,0.0025854428648453,1.0382916704460106,0.6024085885194268,0.0,0.0
2023-12-11,0.0023431694606428355,1.0407245637794396,0.6033380347226632,0.0,0.0
2023-12-12,0.002755531392176769,1.0435923129855433,0.60442804566071,0.0,0.0
2023-12-13,0.008335142193985234,1.052290803306828,0.6076979391211287,0.0,0.0
2023-12-14,0.0019503653707422242,1.054343154849548,0.6084615820927303,0.0,0.0
2023-12-15,-0.0010018900922117435,1.053286818888913,0.608068910217047,0.0,0.0
2023-12-18,0.003420400246784805,1.0568894813841758,0.6094049017873665,0.0,0.0
2023-12-19,0.003705677424892473,1.0608059728759476,0.610846977358199,0.0,0.0
2023-12-20,-0.00846466811124269,1.0518266023851288,0.6075248050914024,0.0,0.0
2023-12-21,0.005760599684494938,1.057885754378972,0.6097727480757186,0.0,0.0
2023-12-22,0.0012253973606453084,1.0591820847902522,0.6102503462727086,0.0,0.0
2023-12-26,0.0025768034684849894,1.0619113888600968,0.6112520732786505,0.0,0.0
2023-12-27,0.0011052459432356887,1.0630850621147103,0.611681260989624,0.0,0.0
2023-12-28,0.0002310798439715267,1.0633307196449922,0.6117709728926332,0.0,0.0
2023-12-29,-0.0017711490519436435,1.0614474024489904,0.6110821413960829,0.0,0.0
2024-01-02,-0.0034198098127390386,1.057817454206389,0.6097475522458079,0.0,0.0
2024-01-03,-0.004953959723503432,1.0525770691434315,0.5991615730253023,0.00862925803902996,0.0
2024-01-04,-0.001929944676445361,1.0505456536322897,0.5983864811526142,0.0,0.0
2024-01-05,0.000819591253879981,1.0514066716618085,0.5987153705252484,0.0,0.0
2024-01-08,0.008547252002920391,1.0603933094420537,0.6021161837704457,0.0,0.0
2024-01-09,-0.0009134075633649985,1.0594247381730677,0.6017524214200792,0.0,0.0
2024-01-10,0.0034031096373405845,1.0630300767095815,0.603103105068252,0.0,0.0
2024-01-11,-0.00026569170630563743,1.0627476384346464,0.6029976248297858,0.0,0.0
2024-01-12,0.0004177060917636144,1.063191554597228,0.6031633859009295,0.0,0.0
2024-01-16,-0.002214397755900932,1.060837225604635,0.602282681563501,0.0,0.0
2024-01-17,-0.003347786160267874,1.0572857694224589,0.6009467365709836,0.0,0.0
2024-01-18,0.0053439446280265646,1.062935846030253,0.6030679196295706,0.0,0.0
2024-01-19,0.007517975204180738,1.0709269713643432,0.6060297779898287,0.0,0.0
2024-01-22,0.0012813814805257007,1.072299237352445,0.606533958089149,0.0,0.0
2024-01-23,0.0017689038161252668,1.074196031565426,0.6072287326827708,0.0,0.0
2024-01-24,0.000663821267502307,1.0749091057366458,0.6074892896400301,0.0,0.0
2024-01-25,0.003304077567811925,1.078460688800347,0.6087819045732518,0.0,0.0
2024-01-26,-0.0007733564766614354,1.0776266542418385,0.6084791193644642,0.0,0.0
2024-01-29,0.004818772684058947,1.0828194921269128,0.6103567217502214,0.0,0.0
2024-01-30,-0.0004721060790442433,1.082308286462172,0.6101726819035703,0.0,0.0
2024-01-31,-0.009956385706870297,1.0715324077084127,0.6062523787148931,0.0,0.0
2024-02-01,0.007934739945956837,1.080034738707244,0.6093520684620726,0.0,0.0
2024-02-02,0.006318170735100992,1.0868585825862365,0.6022905007957672,0.009573787377767986,0.0
2024-02-05,-0.0021931341873441257,1.0844749558719582,0.601416353373835,0.0,0.0
2024-02-06,0.0017461413024426609,1.0863686023838708,0.6021111235747435,0.0,0.0
2024-02-07,0.005021790326976472,1.0918241177228531,0.6040992541108924,0.0,0.0
2024-02-08,0.0002668992949397264,1.0921155248100716,0.6042048915462792,0.0,0.0
2024-02-09,0.0034919409478277874,1.0959291277309142,0.605582175298906,0.0,0.0
2024-02-12,-0.00026586158745312005,1.0956377622732796,0.6054772868641055,0.0,0.0
2024-02-13,-0.00833923229670952,1.0865009844606357,0.6021596033796734,0.0,0.0
2024-02-14,0.005472225875126524,1.0924465632611517,0.6043248272978792,0.0,0.0
2024-02-15,0.004169678272452515,1.0970017139597972,0.6059678147394072,0.0,0.0
2024-02-16,-0.003017703708442454,1.093691287819413,0.604775143223444,0.0,0.0
2024-02-20,-0.003329593909349615,1.0900497399687807,0.6034548087699426,0.0,0.0
2024-02-21,0.0005466975235264293,1.0906456674621423,0.6036714805900069,0.0,0.0
2024-02-22,0.012493314289871105,1.104271446564633,0.6085618405411748,0.0,0.0
2024-02-23,0.0004195863889433493,1.1047347838333104,0.6087260137801401,0.0,0.0
2024-02-26,-0.0022294319936586593,1.1022718527617248,0.6078517459162284,0.0,0.0
2024-02-27,0.0011292355466960835,1.103516577319986,0.6082940741715255,0.0,0.0
2024-02-28,-0.000803984018058812,1.1026293676281578,0.6079788954687406,0.0,0.0
2024-02-29,0.0021857403501155392,1.105039429128205,0.6088338830341908,0.0,0.0
2024-03-01,0.005715858139506036,1.1113556777436626,0.6110570258985125,0.0,0.0
2024-03-04,-0.0006662569034974197,1.1106152293511249,0.600126495608105,0.010679880245234996,0.0
2024-03-05,-0.0059977792026636445,1.1039540044263612,0.597713671030697,0.0,0.0
2024-03-06,0.0030286926229257105,1.1072975417756166,0.5989283936461259,0.0,0.0
2024-03-07,0.005945271741935931,1.1138807265606503,0.6012987807384769,0.0,0.0
2024-03-08,-0.0036090111227182753,1.1098607186291114,0.5998546517258516,0.0,0.0
2024-03-11,-0.0005158663223728821,1.109288178861846,0.599648123675757,0.0,0.0
2024-03-12,0.006450624809703376,1.1164437807095229,0.6022140913271923,0.0,0.0
2024-03-13,-0.0009440250552467111,1.1153898298077587,0.601838216627647,0.0,0.0
2024-03-14,-0.001189653831508708,1.114062902023102,0.6013639777564075,0.0,0.0
2024-03-15,-0.004129280385919087,1.109462623933098,0.5997110725395446,0.0,0.0
2024-03-18,0.0035641391339107376,1.1134169030886694,0.6011326911243459,0.0,0.0
2024-03-19,0.0033406581155284165,1.117136448301939,0.6024607338998844,0.0,0.0
2024-03-20,0.005572145100162684,1.1233612946885578,0.6046636056525635,0.0,0.0
2024-03-21,0.0019983242902676945,1.1256061348504804,0.6054520404238601,0.0,0.0
2024-03-22,-0.00114775144323076,1.1243142187846964,0.6049986770854068,0.0,0.0
2024-03-25,-0.0016714741834610303,1.1224349565938996,0.6043373371591088,0.0,0.0
2024-03-26,-0.001116303258054896,1.1211819787948991,0.6038951640401955,0.0,0.0
2024-03-27,0.005075199615440118,1.1268722011425174,0.6058953239405755,0.0,0.0
2024-03-28,-0.0001159673852356713,1.1267415207198561,0.6058496153510782,0.0,0.0
2024-04-01,-0.0010539917217214922,1.1255539444844975,0.6054337457854653,0.0,0.0
2024-04-02,-0.00385538968161081,1.1212144954208356,0.60027768759289,0.003633295080363934,0.0
2024-04-03,0.0006593174374627253,1.1219537316888026,0.6005410578390071,0.0,0.0
2024-04-04,-0.007330223120769697,1.1137295605043436,0.5975913123729648,0.0,0.0
2024-04-05,0.006242951503045324,1.1206825201380801,0.600087943944403,0.0,0.0
2024-04-08,0.0003356739902642403,1.1210587041114342,0.6002221389742328,0.0,0.0
2024-04-09,0.0006943323924279987,1.121837091483512,0.60049952509475,0.0,0.0
2024-04-10,-0.006012864762291237,1.1150916367670995,0.5980828516359915,0.0,0.0
2024-04-11,0.00451372222669022,1.1201248506727717,0.599888842261821,0.0,0.0
2024-04-12,-0.008280390687129713,1.1108497792908383,0.5965481029306229,0.0,0.0
2024-04-15,-0.0074736179400062275,1.1025477124516783,0.5935101531185393,0.0,0.0
2024-04-16,-0.0010824364774422168,1.1013542745896001,0.593069676893031,0.0,0.0
2024-04-17,-0.0035099273613367066,1.0974886010866929,0.5916363501450296,0.0,0.0
2024-04-18,-0.001217450592896796,1.0961524629386024,0.5911385815687478,0.0,0.0
2024-04-19,-0.005159729886970665,1.0904966123149016,0.5890180255923908,0.0,0.0
2024-04-22,0.005424421327181461,1.0964119253959617,0.5912353373462876,0.0,0.0
2024-04-23,0.007015975474442326,1.1041043245744258,0.5940832393834384,0.0,0.0
2024-04-24,-0.000281983033451505,1.1037929858877353,0.5939687454586069,0.0,0.0
2024-04-25,-0.0022564268976715818,1.101302357704917,0.5930504936464764,0.0,0.0
2024-04-26,0.005618496357296943,1.1074900209899647,0.5953241633605215,0.0,0.0
2024-04-29,0.0021082972666732758,1.1098249391740858,0.5961755453544666,0.0,0.0
2024-04-30,-0.009444079561217733,1.099343664149502,0.5923254343211103,0.0,0.0
2024-05-01,-0.0019233326420704522,1.09722926059539,0.5915398295422833,0.0,0.0
2024-05-02,0.0055410861485596374,1.1033091024530695,0.6004184869822009,0.006631420240957261,0.0
2024-05-03,0.007442462255903726,1.1115204388046713,0.6033703878998301,0.0,0.0
2024-05-06,0.006230956602587767,1.1184462744217525,0.6058264660835522,0.0,0.0
2024-05-07,0.0006684095188491668,1.1191938545578974,0.6060897594379162,0.0,0.0
2024-05-08,5.8586805518512364e-05,1.119259424550592,0.606112836028588,0.0,0.0
2024-05-09,0.0034922669073975676,1.1231681771997428,0.6074836080348589,0.0,0.0
2024-05-10,0.0007825414643529705,1.1240471028698433,0.6077905282092472,0.0,0.0
2024-05-13,8.170395995965585e-05,1.124138941969329,0.6078225706582312,0.0,0.0
2024-05-14,0.0027886786761515125,1.1272738042658306,0.6089131861166317,0.0,0.0
2024-05-15,0.0075402137413342896,1.135773689695002,0.6118399955162762,0.0,0.0
2024-05-16,-0.0012588014863413877,1.1343439760862664,0.6113507632794271,0.0,0.0
2024-05-17,0.0008787707686785939,1.1353408044140776,0.6116919970017058,0.0,0.0
2024-05-20,0.0007049919412818184,1.1361412105317978,0.6119655581561455,0.0,0.0
2024-05-21,0.0015006075069561309,1.137846112561284,0.6125469730769391,0.0,0.0
2024-05-22,-0.0017636212158167464,1.1358393830168363,0.6118624454510813,0.0,0.0
2024-05-23,-0.004469214302787017,1.1307630734005887,0.6101199881256418,0.0,0.0
2024-05-24,0.004036721761270012,1.1353276493058253,0.6116874976540349,0.0,0.0
2024-05-28,0.0004276348895670967,1.1358131550197585,0.6118534826471188,0.0,0.0
2024-05-29,-0.004284582915875856,1.1309466693801338,0.6101832805908154,0.0,0.0
2024-05-30,-0.0040478074400606134,1.126368815037505,0.6085989645675446,0.0,0.0
2024-05-31,0.005543212898950101,1.132612517181996,0.6107566234731392,0.0,0.0
2024-06-03,0.0004979860788725254,1.1331765424483096,0.6109503647754715,0.0,0.0
2024-06-04,0.0006398555151483354,1.1339016117086318,0.6008779045194735,0.010349060112088334,0.0
2024-06-05,0.0071416141081683815,1.1419994994560851,0.603708068567942,0.0,0.0
2024-06-06,-1.1324041304772159e-05,1.1419865674065832,0.6037035808909231,0.0,0.0
2024-06-07,-0.0007339477383200288,1.1411484089482433,0.6034125063969471,0.0,0.0
2024-06-10,0.001864335766491143,1.14327589274192,0.6041505027727753,0.0,0.0
2024-06-11,0.0014550700564561758,1.144939439259717,0.6047256546367986,0.0,0.0
2024-06-12,0.0049666779501345015,1.1506259847269276,0.6066791526168248,0.0,0.0
2024-06-13,0.0012214840648316905,1.1520314560318528,0.6071590016363387,0.0,0.0
2024-06-14,0.00036945699442658686,1.152457082111083,0.6073040858884899,0.0,0.0
2024-06-17,0.0048334282974848986,1.1580274007833957,0.6091930233881003,0.0,0.0
2024-06-18,0.0015477889899209174,1.159819782844355,0.609796975333513,0.0,0.0
2024-06-20,-0.001656479422527446,1.1578985652402332,0.6091495395885561,0.0,0.0
2024-06-21,-0.0008167701157291152,1.1569528282950994,0.6088300436580449,0.0,0.0
2024-06-24,-0.0019790083988819873,1.154663208930793,0.6080543799841285,0.0,0.0
2024-06-25,0.0023414676921147404,1.157366815529778,0.6089699641796484,0.0,0.0
2024-06-26,0.0007600199264852225,1.1582464373718335,0.6092669290994696,0.0,0.0
2024-06-27,0.0009605558435668016,1.1593589977555414,0.6096418898632451,0.0,0.0
2024-06-28,-0.0023990502958958215,1.1565776372089265,0.6087031490371595,0.0,0.0
2024-07-01,0.001252795553674968,1.1580265925303017,0.6091927506215249,0.0,0.0
2024-07-02,0.004012851905571324,1.1626735817488392,0.6023302834393824,0.008478019865222276,0.0
2024-07-03,0.002687979613036795,1.1657988246331965,0.6033963459758552,0.0,0.0
2024-07-05,0.003479406826743636,1.169855113022235,0.6047715066935893,0.0,0.0
2024-07-08,0.0006978967853890072,1.1706715511449841,0.6050471430228537,0.0,0.0
2024-07-09,0.0005883461326623429,1.1713603112247182,0.6052793753758335,0.0,0.0
2024-07-10,0.0059894098921098315,1.1783760682599924,0.6076294434684959,0.0,0.0
2024-07-11,-0.005239257101257833,1.172202253076409,0.6055628860180664,0.0,0.0
2024-07-12,0.003819595980374846,1.1766795920904458,0.6070637437629329,0.0,0.0
2024-07-15,0.0016694644276538106,1.178644016812187,0.6077186435331862,0.0,0.0
2024-07-16,0.0036037061202218723,1.182891503469136,0.6091272341118453,0.0,0.0
2024-07-17,-0.008540517198011632,1.172788998240376,0.6057602225120694,0.0,0.0
2024-07-18,-0.004655186383142218,1.1673294468654685,0.6039163794350297,0.0,0.0
2024-07-19,-0.004010323613562239,1.1626480780198973,0.6023215601972843,0.0,0.0
2024-07-22,0.006209778352796569,1.1698678648867058,0.604775814787121,0.0,0.0
2024-07-23,-0.0009485270428674086,1.1687582135802792,0.6044005780372466,0.0,0.0
2024-07-24,-0.013697315551713718,1.1527493635252128,0.598906676215687,0.0,0.0
2024-07-25,-0.003120488878807892,1.1491522219562795,0.5976511511073161,0.0,0.0
2024-07-26,0.006693495259136428,1.1568440669059699,0.6003263646904625,0.0,0.0
2024-07-29,0.00035287302157005485,1.1572522859673444,0.6004673489842423,0.0,0.0
2024-07-30,-0.0030422323851061472,1.1537316555852364,0.5992481687849293,0.0,0.0
2024-07-31,0.009740479345595299,1.1649695549468237,0.6031140283939147,0.0,0.0
2024-08-01,-0.008540620235106822,1.1550199923925615,0.5996951769217215,0.0,0.0
2024-08-02,-0.011185710497102264,1.142100273139293,0.5987192080708124,0.003539263550162746,0.0
2024-08-05,-0.0174370175504579,1.1221854506321804,0.5915978933698585,0.0,0.0
2024-08-06,0.005454229115004372,1.1283061071894527,0.5938133285394653,0.0,0.0
2024-08-07,-0.003969004058907655,1.1238278556703274,0.5921947478383918,0.0,0.0
2024-08-08,0.013689979842651967,1.139213036361065,0.5977021966569022,0.0,0.0
2024-08-09,0.0026356125850965917,1.1422155605768043,0.5987597106132577,0.0,0.0
2024-08-12,0.00031459142459233647,1.1425748917971976,0.5988858976701336,0.0,0.0
2024-08-13,0.009849045867679429,1.1538281643137671,0.60279795879272,0.0,0.0
2024-08-14,0.0019018340963081748,1.1560225540579396,0.6035519372359,0.0,0.0
2024-08-15,0.010344977450492676,1.16798158131193,0.6076111906207541,0.0,0.0
2024-08-16,0.0013621229943023838,1.1695725158807568,0.6081449454010569,0.0,0.0
2024-08-19,0.0058148052487818624,1.1763733522849313,0.6104103334390468,0.0,0.0
2024-08-20,-0.0009925641666681528,1.17520572624883,0.6100232564976125,0.0,0.0
2024-08-21,0.0020963202460595465,1.1776693338060504,0.610839062449974,0.0,0.0
2024-08-22,-0.00479411104047367,1.1720234562508236,0.6089643943356402,0.0,0.0
2024-08-23,0.006470344893506841,1.1796068522360463,0.6114782639664015,0.0,0.0
2024-08-26,-0.0014575790422513002,1.177887482010131,0.610911136192943,0.0,0.0
2024-08-27,0.0008388923264213144,1.178875602780177,0.6112372662670701,0.0,0.0
2024-08-28,-0.003548413519977256,1.1746924646529004,0.6098528628909721,0.0,0.0
2024-08-29,5.459953000741535e-05,1.1747566023093738,0.6098741635782845,0.0,0.0
2024-08-30,0.005821766517824178,1.1815957609632914,0.612132239121908,0.0,0.0
2024-09-03,-0.012597020718682073,1.16671117468133,0.607183926910569,0.0,0.0
2024-09-04,-0.001254581549619993,1.1652474403678392,0.600326886399727,0.006371972039396793,0.0
2024-09-05,-0.0014601033966058496,1.163546058622272,0.5997424690192249,0.0,0.0
2024-09-06,-0.010093651723686259,1.1518016299420708,0.595661214136339,0.0,0.0
2024-09-09,0.006669034667620144,1.159483034942376,0.5983398992726893,0.0,0.0
2024-09-10,0.0026061127009564533,1.1625047784062827,0.5993839498491942,0.0,0.0
2024-09-11,0.006149058721521383,1.1696530885527523,0.601832306378287,0.0,0.0
2024-09-12,0.005069443549615249,1.1755825788578036,0.603840614022152,0.0,0.0
2024-09-13,0.003153661162196064,1.1792899679797018,0.605086038843859,0.0,0.0
2024-09-16,0.000893667926996855,1.1803438616007145,0.605438645671455,0.0,0.0
2024-09-17,0.00024739589473821155,1.180635873826454,0.6055362343876904,0.0,0.0
2024-09-18,-0.001795847504612147,1.1785156318385872,0.6048265631572473,0.0,0.0
2024-09-19,0.010320989601730668,1.1906790794202704,0.6088634791220854,0.0,0.0
2024-09-20,-0.0010525496800297685,1.1894258305362084,0.6084513547207807,0.0,0.0
2024-09-23,0.001520395234292149,1.1912342279004997,0.6090457596845826,0.0,0.0
2024-09-24,0.0017427102305105358,1.1933102039763963,0.6097258943611827,0.0,0.0
2024-09-25,-0.001344729114333476,1.191705525002678,0.6092003747272078,0.0,0.0
2024-09-26,0.0024151578080218172,1.194583681906251,0.6101419434564891,0.0,0.0
2024-09-27,-0.0008847501949778014,1.193526773760767,0.6097967110204834,0.0,0.0
2024-09-30,0.0024435757624461374,1.1964432468569595,0.6107478780711096,0.0,0.0
2024-10-01,-0.005471382420654591,1.1898970483087954,0.6086064140855806,0.0,0.0
2024-10-02,0.00023611797053901817,1.1901780043849925,0.6004855580769484,0.008227311221237679,0.0
2024-10-03,-0.0010977944786367821,1.1888714335431838,0.6000464913234118,0.0,0.0
2024-10-04,0.005452811462566487,1.1953541253235258,0.6022155350137198,0.0,0.0
2024-10-07,-0.005444254539374138,1.1888463132005735,0.600038040299041,0.0,0.0
2024-10-08,0.005674890595711357,1.1955928859631015,0.6022949728176652,0.0,0.0
2024-10-09,0.004171851315188491,1.2005807217168367,0.6039472460202395,0.0,0.0
2024-10-10,-0.0010571252750877225,1.1993115574911268,0.6035281255809297,0.0,0.0
2024-10-11,0.003614133499537875,1.2036460295674385,0.6049558678128631,0.0,0.0
2024-10-14,0.004947604560841645,1.2096011941529654,0.6069007673690913,0.0,0.0
2024-10-15,-0.00471557169999226,1.203897232993541,0.6050382971405063,0.0,0.0
2024-10-16,0.002629812498802231,1.2070632569841406,0.6060742480066983,0.0,0.0
2024-10-17,5.2060225031125285e-05,1.207126096968926,0.6060947548024042,0.0,0.0
2024-10-18,0.002331372790799424,1.2099403579064631,0.6070109587602329,0.0,0.0
2024-10-21,-0.000996881970259822,1.2087341901785764,0.6066188041386394,0.0,0.0
2024-10-22,-0.00032215886824604745,1.2083447857398582,0.6064920320570412,0.0,0.0
2024-10-23,-0.005541739540182111,1.2016484536625507,0.6042991610718699,0.0,0.0
2024-10-24,0.0013069145299593465,1.2032189054865454,0.6048156332627714,0.0,0.0
2024-10-25,-0.00020890624141167713,1.2029675455474047,0.6047330595318842,0.0,0.0
2024-10-28,0.0018694900393219083,1.2052164813914332,0.6054706282625671,0.0,0.0
2024-10-29,0.0009798813300279097,1.2063974505201907,0.6058568417846606,0.0,0.0
2024-10-30,-0.0018328436821389849,1.2041863125748562,0.6051331125046289,0.0,0.0
2024-10-31,-0.01186241161595114,1.189901758872799,0.6003928075025292,0.0,0.0
2024-11-01,0.0025338790727038596,1.1929168260381802,0.601402804594406,0.0,0.0
2024-11-04,-0.0012926465981198954,1.191374806161162,0.5994235220148427,0.0014619943408312268,0.0
2024-11-05,0.007248118267922488,1.2000100316576412,0.6023060547643474,0.0,0.0
2024-11-06,0.014976763975818708,1.2179822986703925,0.6081743352647554,0.0,0.0
2024-11-07,0.004702377063793284,1.2237097106957664,0.6100082236489367,0.0,0.0
2024-11-08,0.0026423800011208254,1.2269432167624863,0.6110360143058912,0.0,0.0
2024-11-11,0.0005822475596461985,1.2276576014562708,0.6112623558505398,0.0,0.0
2024-11-12,-0.0018987228945458456,1.2253266198617225,0.6105228466625954,0.0,0.0
2024-11-13,0.00029657285796269583,1.2256900184793127,0.6106383207685863,0.0,0.0
2024-11-14,-0.003926466783480631,1.22087738733491,0.6091034785613795,0.0,0.0
2024-11-15,-0.007801850805963073,1.211352284106549,0.6060297816961803,0.0,0.0
2024-11-18,0.002483152565125435,1.2143602566380987,0.6070056466328239,0.0,0.0
2024-11-19,0.0022188937179106194,1.2170547929828333,0.6078757287150184,0.0,0.0
2024-11-20,0.00020590101472905964,1.2173053857996892,0.6079564508796003,0.0,0.0
2024-11-21,0.003263725018007868,1.2212783358418793,0.6092318107949504,0.0,0.0
2024-11-22,0.0018882496952421501,1.2235844142873384,0.609968288056163,0.0,0.0
2024-11-25,0.00206914053796603,1.2261161824005637,0.6107736520711071,0.0,0.0
2024-11-26,0.0031890817482511657,1.2300263671390927,0.6120109807708527,0.0,0.0
2024-11-27,-0.001854447371789747,1.2277453479753195,0.6112901387903436,0.0,0.0
2024-11-29,0.003797428727364105,1.2324076234296086,0.6127606526124787,0.0,0.0
2024-12-02,0.0010983310365650922,1.2337612149721209,0.6131855029799491,0.0,0.0
2024-12-03,0.00026653044507107815,1.2340900498978589,0.6002067080135266,0.01309509099351059,0.0
2024-12-04,0.00372698992701892,1.2386894910828625,0.6016912008956317,0.0,0.0
2024-12-05,-0.0009901653898314322,1.2374629836200444,0.6012964184083377,0.0,0.0
2024-12-06,0.0011398743719168714,1.2388735359612686,0.6017503729518354,0.0,0.0
2024-12-09,-0.003098756022474336,1.2350345691306246,0.6005124585267919,0.0,0.0
2024-12-10,-0.0018671113813838458,1.2327286220301983,0.5997651755307992,0.0,0.0
2024-12-11,0.004636504886950554,1.238444174310525,0.6016123020392948,0.0,0.0
2024-12-12,-0.0030998303438112274,1.234605207479881,0.6003735277745001,0.0,0.0
2024-12-13,-0.00011912133880465081,1.2344581396546708,0.6003259180627742,0.0,0.0
2024-12-16,0.0025633015052641817,1.2376224280622332,0.6013477838884099,0.0,0.0
2024-12-17,-0.0024776094763544476,1.2345560830063174,0.6003576261558208,0.0,0.0
2024-12-18,-0.017892675150015802,1.2124665720586094,0.593076679368801,0.0,0.0
2024-12-19,-0.00018216513259117217,1.212245702924748,0.593002538622285,0.0,0.0
2024-12-20,0.0071226246436502105,1.220880074042559,0.5958809270899631,0.0,0.0
2024-12-23,0.0035682590545920156,1.2252364904213322,0.597317801490916,0.0,0.0
2024-12-24,0.006639245705765351,1.233371136528909,0.5999736745543244,0.0,0.0
2024-12-26,3.995331968198457e-05,1.2334204138002134,0.5999896562954624,0.0,0.0
2024-12-27,-0.006315840986284016,1.2256303265974147,0.5974471968018803,0.0,0.0
2024-12-30,-0.00681781957500871,1.2172742001650145,0.5946838242447485,0.0,0.0
2024-12-31,-0.0021635403547735077,1.2146405783101328,0.5938050049811181,0.0,0.0
2025-01-02,-0.001458989783242326,1.2128684301160668,0.5932115047225679,0.0,0.0
2025-01-03,0.007456652332204827,1.2219123683241495,0.6017974046382464,0.005597420580774549,0.0
2025-01-06,0.003466723023002327,1.2261484000635101,0.6031730936107726,0.0,0.0
2025-01-07,-0.006818421133243158,1.2177880039000248,0.60044878516372,0.0,0.0
2025-01-08,0.0008772626824602447,1.218856323870994,0.6007989893131959,0.0,0.0
2025-01-10,-0.009172593005873808,1.2076762508794898,0.5971033826185124,0.0,0.0
2025-01-13,0.0009257316792004033,1.2087942350431469,0.597476011826003,0.0,0.0
2025-01-14,0.0008220973717583124,1.2097879816067725,0.5978066539187552,0.0,0.0
2025-01-15,0.010874185182727647,1.2229434401506027,0.6021331319203254,0.0,0.0
2025-01-16,-0.0011580263062241913,1.221527239475884,0.6016718574527462,0.0,0.0
2025-01-17,0.006040789178705541,1.228906228005604,0.6040636256185654,0.0,0.0
2025-01-21,0.005529221255949013,1.2357011224430607,0.6062408073164766,0.0,0.0
2025-01-22,0.003408005936744951,1.2399123992043892,0.6075781831978465,0.0,0.0
2025-01-23,0.003316197291008516,1.2440241933437186,0.6088752301002345,0.0,0.0
2025-01-24,-0.0017774061330968483,1.2418130571127486,0.6081788047046393,0.0,0.0
2025-01-27,-0.008602967062402822,1.2311297802847458,0.6047787291289748,0.0,0.0
2025-01-28,0.005196386897449168,1.237527206944077,0.6068218349939751,0.0,0.0
2025-01-29,-0.0027203003203196685,1.2341607612866228,0.6057493548376538,0.0,0.0
2025-01-30,0.0032511694422781012,1.2381732270405765,0.6070269767225731,0.0,0.0
2025-01-31,-0.0032305435944780525,1.2341732544531063,0.6057533457189409,0.0,0.0
2025-02-03,-0.00407651155466382,1.2291421329208712,0.6041396162907163,0.0,0.0
2025-02-04,0.004023126681822253,1.234087127431577,0.6015794783257682,0.004164864250091494,0.0
2025-02-05,0.0024392441407892207,1.2370973672263879,0.6025489584501192,0.0,0.0
2025-02-06,0.0020942365330889334,1.2396881417278216,0.6033795754330167,0.0,0.0
2025-02-07,-0.005523165788519413,1.2328411385949973,0.6011768088278666,0.0,0.0
2025-02-10,0.004082789087393124,1.2378745689421424,0.6027984987825337,0.0,0.0
2025-02-11,0.00045839117303048127,1.2384419997178644,0.6029804890218868,0.0,0.0
2025-02-12,-0.0019423689622090068,1.2360364884161164,0.6022078298571917,0.0,0.0
2025-02-13,0.006357746729904523,1.2438948953583866,0.6047209141725111,0.0,0.0
2025-02-14,-2.9799911080208297e-05,1.2438578274011118,0.6047091345398695,0.0,0.0
2025-02-18,0.0017753641372801887,1.2460661279797551,0.6054096760499282,0.0,0.0
2025-02-19,0.0014256906503704592,1.2478426328081593,0.6059714388854882,0.0,0.0
2025-02-20,-0.0025211122975519196,1.244696681401177,0.6049755378561434,0.0,0.0
2025-02-21,-0.010347383303599633,1.2318173277420006,0.6008453315037919,0.0,0.0
2025-02-24,-0.002734214504070076,1.2284492749381235,0.599750964786471,0.0,0.0
2025-02-25,-0.002982671266943737,1.2247852145828677,0.598553582090555,0.0,0.0
2025-02-26,0.0003021483888225873,1.2251552814621076,0.5986748418404869,0.0,0.0
2025-02-27,-0.009555994657152955,1.213447704138273,0.5948027793650056,0.0,0.0
2025-02-28,0.009282252267658109,1.224711231841695,0.5985293313891172,0.0,0.0
2025-03-03,-0.01048615798407826,1.211868716379728,0.5942748331918504,0.0,0.0
2025-03-04,-0.0070743669695302325,1.2032955123611642,0.5988165937905493,0.00740680415094245,0.0
2025-03-05,0.0064359202635870805,1.2110398263322528,0.6013820670228264,0.0,0.0
2025-03-06,-0.010675164426812156,1.198111777058738,0.5970808387255079,0.0,0.0
2025-03-07,0.0033465699412378314,1.2021213419180858,0.5984247384250395,0.0,0.0
2025-03-10,-0.015939284586810043,1.1829603877413755,0.5919202389800247,0.0,0.0
2025-03-11,-0.004920698544002566,1.1771393962838037,0.5899022716854081,0.0,0.0
2025-03-12,0.0031303755235398967,1.180824284637725,0.591182025466471,0.0,0.0
2025-03-13,-0.007880780019269729,1.1715184682090836,0.587934628923458,0.0,0.0
2025-03-14,0.012144256317744073,1.1857456887679856,0.592878812971121,0.0,0.0
2025-03-17,0.004571888706878857,1.1911667860916944,0.5947316547420614,0.0,0.0
2025-03-18,-0.006428150596834437,1.1835097866047497,0.5921096743014793,0.0,0.0
2025-03-19,0.00644864150887714,1.1911418169408114,0.5947231593586259,0.0,0.0
2025-03-20,-0.001719760329614184,1.189093338497092,0.5940249796237685,0.0,0.0
2025-03-21,0.00019589884895587772,1.1893262805134048,0.5941044940861734,0.0,0.0
2025-03-24,0.010639579423038281,1.201980211934834,0.598377587640544,0.0,0.0
2025-03-25,0.0014383284164507515,1.2037090542296713,0.5989544228903929,0.0,0.0
2025-03-26,-0.007150390993122202,1.1951020638499679,0.5960661378405911,0.0,0.0
2025-03-27,-0.001582994229802015,1.193210224178869,0.5954256990566718,0.0,0.0
2025-03-28,-0.011990874149291675,1.178902590547092,0.5905156234311333,0.0,0.0
2025-03-31,0.003963947869776607,1.1835756989595652,0.5921323893774114,0.0,0.0
2025-04-01,0.0016725097319225668,1.185555240834542,0.5928134129070328,0.0,0.0
2025-04-02,0.003911852611040878,1.190192958198934,0.6040532867563818,0.009747125175519561,0.0
2025-04-03,-0.02976810394333973,1.154763170506637,0.5919050745982739,0.0,0.0
2025-04-04,-0.03465189436972482,1.1147484391001925,0.5772562011345314,0.0,0.0
2025-04-07,-0.0010281667242610926,1.1136022918491877,0.5768211026738913,0.0,0.0
2025-04-08,-0.009034642053315056,1.103541293752579,0.5729629760187074,0.0,0.0
2025-04-09,0.06017221535248396,1.1699438181306179,0.597200324817688,0.0,0.0
2025-04-10,-0.02616875840195787,1.1393278410100935,0.5863763063081403,0.0,0.0
2025-04-11,0.010462580952425249,1.1512481507780135,0.5906590689365329,0.0,0.0
2025-04-14,0.005730283082424625,1.1578451285800893,0.5929913437538208,0.0,0.0
2025-04-15,-0.0016609135562035693,1.1559220479100463,0.5923142129033603,0.0,0.0
2025-04-16,-0.013165938565212087,1.1407032492410885,0.5868750349943403,0.0,0.0
2025-04-17,0.0008373046549134955,1.1416583653815529,0.5872206570596366,0.0,0.0
2025-04-21,-0.013977441317110983,1.1257009025752434,0.5813692706059923,0.0,0.0
2025-04-22,0.015125926004119883,1.1427281711303674,0.5876070951690887,0.0,0.0
2025-04-23,0.009105185193320153,1.1531329227541334,0.5913281282447214,0.0,0.0
2025-04-24,0.012446884091865007,1.1674858345861676,0.5963522845725925,0.0,0.0
2025-04-25,0.004308830907646444,1.172516333634472,0.5980840723439522,0.0,0.0
2025-04-28,0.00022796594008123172,1.1727836274227295,0.5981756746040385,0.0,0.0
2025-04-29,0.003768343648010708,1.177203079155619,0.59968420209826,0.0,0.0
2025-04-30,0.00023783876663507897,1.1774830636840443,0.5997793900745065,0.0,0.0
2025-05-01,0.004250557883493489,1.1824880236030666,0.601473350665617,0.0,0.0
2025-05-02,0.00891127290291327,1.19302549708582,0.600860868901262,0.004143469884297577,0.0
2025-05-05,-0.003445400520762143,1.188915046416878,0.5994809202553345,0.0,0.0
2025-05-06,-0.0050106567685369585,1.1829578011923338,0.5974639502731908,0.0,0.0
2025-05-07,0.002512584655654848,1.1859300828118968,0.5984728213012176,0.0,0.0
2025-05-08,0.004170082535102315,1.1908755091380832,0.6001402693803654,0.0,0.0
2025-05-09,-0.0007647771973849915,1.1899647547037702,0.599834231725615,0.0,0.0
2025-05-12,0.01982298160753726,1.2135534041498806,0.6076125214950466,0.0,0.0
2025-05-13,0.004012653459340987,1.2184229734151377,0.6091807437356729,0.0,0.0
2025-05-14,0.0007785833356279692,1.219371617237985,0.609484792368644,0.0,0.0
2025-05-15,0.0029768975111563734,1.2230015615705154,0.6106438656758667,0.0,0.0
2025-05-16,0.0038679090800850524,1.2277320204154722,0.6121440571987926,0.0,0.0
2025-05-19,0.0006695113613681691,1.2285540009518559,0.6124035574207252,0.0,0.0
2025-05-20,-0.0020589948719105244,1.2260244145640309,0.6116038517431948,0.0,0.0
2025-05-21,-0.010305999106812402,1.2133890080426037,0.6075593588459847,0.0,0.0
2025-05-22,0.0002398085922579174,1.2136799891524837,0.6076534469205558,0.0,0.0
2025-05-23,-0.004147687543278322,1.2086460237799497,0.6060193382374708,0.0,0.0
2025-05-27,0.012599490878941078,1.2238743483324335,0.6109215288854705,0.0,0.0
2025-05-28,-0.0035344570229026706,1.2195486170468195,0.6095414699919314,0.0,0.0
2025-05-29,0.0024061297680240123,1.2224830092778483,0.6104787087660485,0.0,0.0
2025-05-30,-0.0006828240550810216,1.2216482684721854,0.6102125525205409,0.0,0.0
2025-06-02,0.003437279281918393,1.2258474147551963,0.6115477713182037,0.0,0.0
2025-06-03,0.0034095252427381872,1.2300269724595494,0.6015136479916418,0.011402825409379458,0.0
2025-06-04,-0.00016151389237273328,1.229828306015504,0.6014492765129833,0.0,0.0
2025-06-05,-0.0029065952916018656,1.2262536928517607,0.6002874739668211,0.0,0.0
2025-06-06,0.006164307370761346,1.23381269752903,0.6027363293400061,0.0,0.0
2025-06-09,0.0005432033246253187,1.2344829086882927,0.602952007129769,0.0,0.0
2025-06-10,0.003418630314984794,1.238703149383265,0.6043047429310805,0.0,0.0
2025-06-11,-0.0017235238709899514,1.2365682149362325,0.6036215752540857,0.0,0.0
2025-06-12,0.0023990204933865833,1.239534767425335,0.6045702194014368,0.0,0.0
2025-06-13,-0.006759192482262977,1.23115651334385,0.6018792445843989,0.0,0.0
2025-06-16,0.005726423489266885,1.2382066369208262,0.6041460718170643,0.0,0.0
2025-06-17,-0.005162469688925531,1.231814432689096,0.6020918832252371,0.0,0.0
2025-06-18,-9.074311905143961e-05,1.2317026540053813,0.6020557725248276,0.0,0.0
2025-06-20,-0.0014139747063408592,1.2299610576068847,0.6014922927064325,0.0,0.0
2025-06-23,0.005941231543679759,1.2372685410398363,0.6038459357292347,0.0,0.0
2025-06-24,0.006670798391201327,1.2455221100328888,0.6064710877638707,0.0,0.0
2025-06-25,0.00033979526975458363,1.2459453325542527,0.6066047616050213,0.0,0.0
2025-06-26,0.004746022376423742,1.2518586169823558,0.6084630049447511,0.0,0.0
2025-06-27,0.0027172359523757184,1.2552602122237115,0.6096430457980726,0.6096430457980726,0.0
