date,H1_gross,H1_net,H2_gross,H2_net,H3_gross,H3_net,H4_gross,H4_net,C0_gross,C0_net,C0_LC_gross,C0_LC_net,mkt_rf
2015-01-31,0.003421,0.001365,0.002548,0.000443,-0.002926,-0.004983,0.013783,0.011528,0.005567,0.003580,-0.006576,-0.008563,-0.030771
2015-02-28,-0.005094,-0.007151,-0.003801,-0.005914,-0.002763,-0.004819,-0.007222,-0.009469,-0.008188,-0.010176,-0.003520,-0.005507,0.061080
2015-03-31,0.000676,-0.001381,-0.002089,-0.004209,-0.003953,-0.006010,0.002820,0.000571,0.004741,0.002753,-0.000494,-0.002482,-0.011026
2015-04-30,0.003920,0.001863,0.001436,-0.000675,-0.006981,-0.009038,-0.003809,-0.006067,-0.006382,-0.008369,-0.007025,-0.009013,0.005906
2015-05-31,0.000083,-0.001973,-0.000837,-0.002945,0.000629,-0.001428,-0.002617,-0.004876,0.005964,0.003976,0.003000,0.001013,0.013590
2015-06-30,0.002918,0.000861,0.000931,-0.001171,0.003068,0.001011,0.008046,0.005789,0.005418,0.003431,0.003912,0.001925,-0.015125
2015-07-31,0.010131,0.008074,0.003537,0.001430,0.015228,0.013171,0.024050,0.021792,0.011943,0.009955,0.008697,0.006710,0.015936
2015-08-31,-0.004903,-0.006960,-0.000697,-0.002805,-0.003637,-0.005694,-0.008978,-0.011244,0.000937,-0.001051,-0.000429,-0.002417,-0.060482
2015-09-30,0.012789,0.010733,0.009788,0.007694,0.011195,0.009138,0.017875,0.015613,0.019432,0.017444,0.012614,0.010627,-0.030719
2015-10-31,-0.000625,-0.002681,0.001526,-0.000567,0.001290,-0.000767,-0.005891,-0.008157,-0.003010,-0.004997,-0.003270,-0.005257,0.077587
2015-11-30,-0.000940,-0.002997,-0.002761,-0.004849,0.001504,-0.000553,-0.004165,-0.006424,0.002847,0.000860,0.001378,-0.000610,0.005765
2015-12-31,0.003237,0.001181,0.003337,0.001244,0.004800,0.002744,0.007212,0.004949,0.008527,0.006539,0.005012,0.003025,-0.021157
2016-01-31,0.022796,0.020739,0.015831,0.013740,0.014901,0.012844,0.023287,0.021022,0.021683,0.019695,0.016309,0.014322,-0.057165
2016-02-29,0.010514,0.008457,0.006567,0.004466,0.008219,0.006163,0.014293,0.012025,0.002183,0.000196,0.001819,-0.000169,-0.000603
2016-03-31,0.002728,0.000671,0.000054,-0.002047,0.005040,0.002983,0.001144,-0.001124,-0.007997,-0.009985,0.000876,-0.001111,0.069605
2016-04-30,-0.004067,-0.006124,-0.005401,-0.007489,0.001327,-0.000730,-0.000516,-0.002789,-0.007270,-0.009257,-0.002501,-0.004488,0.008988
2016-05-31,0.001232,-0.000825,-0.001346,-0.003440,-0.002945,-0.005002,-0.000930,-0.003211,0.003941,0.001953,-0.001065,-0.003052,0.017719
2016-06-30,0.004144,0.002088,0.006260,0.004172,-0.003810,-0.005867,0.002952,0.000680,0.006899,0.004911,0.003237,0.001249,-0.000303
2016-07-31,0.002116,0.000060,0.002108,0.000021,-0.004098,-0.006154,-0.000180,-0.002454,0.000023,-0.001965,-0.003577,-0.005565,0.039483
2016-08-31,0.001352,-0.000704,0.000944,-0.001144,0.010072,0.008015,-0.002367,-0.004640,0.000665,-0.001323,0.005590,0.003603,0.004746
2016-09-30,-0.004258,-0.006314,-0.002795,-0.004876,-0.000519,-0.002576,-0.002690,-0.004957,-0.001913,-0.003900,-0.000257,-0.002245,0.002733
2016-10-31,0.016795,0.014739,0.011752,0.009670,0.013809,0.011752,0.015799,0.013530,0.011917,0.009930,0.009756,0.007768,-0.020202
2016-11-30,0.010925,0.008868,0.008052,0.005970,0.015194,0.013137,0.007401,0.005140,0.008654,0.006667,0.011973,0.009986,0.048600
2016-12-31,0.011536,0.009479,0.005458,0.003376,0.006237,0.004180,0.014454,0.012185,0.006741,0.004753,0.006752,0.004765,0.017973
2017-01-31,-0.000769,-0.002825,0.000494,-0.001586,-0.008624,-0.010681,0.000164,-0.002104,-0.000837,-0.002825,-0.008203,-0.010190,0.019571
2017-02-28,-0.009338,-0.011395,-0.009000,-0.011076,-0.000796,-0.002853,-0.004468,-0.006741,-0.004744,-0.006732,-0.001382,-0.003370,0.035371
2017-03-31,0.002193,0.000136,-0.000906,-0.002983,0.000242,-0.001815,0.010349,0.008068,0.000321,-0.001667,-0.003220,-0.005207,0.001852
2017-04-30,0.000229,-0.001827,-0.001743,-0.003822,-0.003035,-0.005091,0.002596,0.000321,0.000950,-0.001038,-0.003824,-0.005812,0.010721
2017-05-31,0.002408,0.000351,0.002111,0.000031,-0.001764,-0.003821,0.006837,0.004559,0.003893,0.001905,-0.001121,-0.003108,0.010661
2017-06-30,-0.003878,-0.005935,-0.002947,-0.005024,0.004641,0.002585,-0.002568,-0.004848,-0.000267,-0.002254,0.003959,0.001971,0.007760
2017-07-31,-0.001892,-0.003949,-0.002660,-0.004737,-0.005492,-0.007549,-0.002887,-0.005167,-0.000162,-0.002150,-0.000929,-0.002917,0.018635
2017-08-31,0.001578,-0.000478,-0.001945,-0.004016,0.004578,0.002522,0.005263,0.002987,0.002079,0.000092,0.003759,0.001771,0.001690
2017-09-30,-0.005388,-0.007445,-0.002214,-0.004286,0.000260,-0.001797,-0.010154,-0.012430,-0.005628,-0.007616,0.002363,0.000375,0.024853
2017-10-31,0.007479,0.005422,0.003552,0.001473,0.008582,0.006526,0.009817,0.007547,0.006708,0.004720,0.006690,0.004702,0.022722
2017-11-30,0.006012,0.003956,0.005937,0.003868,0.003254,0.001197,0.003264,0.000995,0.002476,0.000489,0.000340,-0.001647,0.031176
2017-12-31,-0.000141,-0.002198,0.000785,-0.001287,-0.000687,-0.002744,0.000747,-0.001546,-0.000247,-0.002234,-0.000357,-0.002345,0.010616
2018-01-31,0.002554,0.000498,0.003309,0.001237,-0.001757,-0.003813,0.000415,-0.001878,0.000294,-0.001693,-0.000662,-0.002650,0.055712
2018-02-28,0.002496,0.000440,0.000193,-0.001878,0.003063,0.001006,0.005559,0.003250,0.001521,-0.000467,0.000866,-0.001121,-0.036512
2018-03-31,-0.000921,-0.002978,-0.000899,-0.002969,-0.002051,-0.004107,-0.001618,-0.003927,0.000516,-0.001471,-0.000290,-0.002277,-0.023597
2018-04-30,0.003303,0.001247,0.002381,0.000310,0.004258,0.002201,0.002726,0.000422,0.001492,-0.000495,0.000183,-0.001805,0.002608
2018-05-31,-0.004237,-0.006294,-0.001669,-0.003747,-0.000993,-0.003050,-0.004643,-0.006944,-0.001429,-0.003417,-0.004002,-0.005990,0.026672
2018-06-30,0.001056,-0.001001,0.000901,-0.001177,-0.003897,-0.005954,-0.002709,-0.005012,-0.000717,-0.002704,-0.004118,-0.006105,0.004776
2018-07-31,0.000813,-0.001244,0.000649,-0.001427,0.000138,-0.001919,-0.001318,-0.003617,-0.000600,-0.002588,0.001578,-0.000410,0.031929
2018-08-31,-0.011937,-0.013994,-0.006921,-0.008999,-0.016680,-0.018736,-0.013357,-0.015657,-0.004379,-0.006367,-0.009927,-0.011915,0.034495
2018-09-30,0.002098,0.000041,0.003297,0.001194,0.000288,-0.001769,0.004947,0.002643,0.000274,-0.001713,-0.001207,-0.003195,0.000671
2018-10-31,0.008595,0.006538,0.005129,0.003033,0.008133,0.006076,0.011081,0.008788,0.007638,0.005650,0.009222,0.007234,-0.076745
2018-11-30,-0.006374,-0.008431,-0.005682,-0.007768,0.002236,0.000179,-0.000856,-0.003155,-0.002239,-0.004226,0.000732,-0.001256,0.017027
2018-12-31,0.005704,0.003647,0.001956,-0.000130,0.003016,0.000959,0.010827,0.008527,0.006306,0.004319,0.002265,0.000277,-0.095369
2019-01-31,-0.000511,-0.002568,-0.000483,-0.002577,-0.009898,-0.011955,0.007585,0.005282,-0.006633,-0.008620,-0.009434,-0.011421,0.083911
2019-02-28,-0.008244,-0.010301,-0.001880,-0.003966,-0.006445,-0.008501,-0.011121,-0.013410,-0.005487,-0.007474,-0.007584,-0.009572,0.034353
2019-03-31,-0.007936,-0.009992,-0.003217,-0.005306,-0.007646,-0.009703,-0.003832,-0.006122,-0.002240,-0.004228,-0.006703,-0.008690,0.010832
2019-04-30,0.003386,0.001329,0.001487,-0.000606,0.010160,0.008103,0.001979,-0.000315,0.003383,0.001396,0.005253,0.003265,0.039624
2019-05-31,0.005655,0.003598,0.000917,-0.001169,0.008566,0.006510,0.021178,0.018891,0.010133,0.008146,0.007725,0.005737,-0.069209
2019-06-30,-0.008978,-0.011035,-0.007022,-0.009105,-0.004456,-0.006513,-0.007867,-0.010156,-0.009637,-0.011625,-0.007008,-0.008996,0.069967
2019-07-31,0.000117,-0.001940,0.000732,-0.001347,0.004775,0.002718,-0.002209,-0.004497,0.002451,0.000464,0.003080,0.001092,0.012080
2019-08-31,0.007472,0.005415,0.001224,-0.000853,0.006210,0.004153,0.016567,0.014285,0.005955,0.003968,0.001656,-0.000332,-0.025433
2019-09-30,0.014708,0.012651,0.008150,0.006066,0.016819,0.014762,0.003975,0.001701,0.004416,0.002428,0.009065,0.007077,0.014160
2019-10-31,-0.000515,-0.002572,-0.001720,-0.003792,0.000409,-0.001648,0.001626,-0.000651,0.001944,-0.000044,0.001358,-0.000629,0.020761
2019-11-30,-0.010036,-0.012093,-0.007888,-0.009956,-0.005132,-0.007188,-0.007055,-0.009338,-0.007192,-0.009180,-0.005854,-0.007842,0.038619
2019-12-31,-0.001090,-0.003147,-0.000632,-0.002711,0.002956,0.000900,-0.006214,-0.008484,-0.006078,-0.008065,-0.000742,-0.002729,0.027884
2020-01-31,-0.006818,-0.008875,-0.004349,-0.006438,-0.013767,-0.015824,-0.008691,-0.010968,0.002983,0.000996,-0.009252,-0.011240,-0.000964
2020-02-29,-0.011151,-0.013207,-0.006354,-0.008434,-0.018706,-0.020763,-0.004981,-0.007241,-0.002289,-0.004276,-0.009726,-0.011714,-0.081543
2020-03-31,-0.019444,-0.021501,-0.001923,-0.004006,-0.011679,-0.013736,-0.011517,-0.013770,-0.004060,-0.006047,-0.007911,-0.009899,-0.134026
2020-04-30,0.010455,0.008399,-0.003361,-0.005416,0.000935,-0.001121,-0.006795,-0.009055,-0.009527,-0.011515,-0.012083,-0.014071,0.136169
2020-05-31,-0.007087,-0.009144,-0.001310,-0.003305,-0.002705,-0.004762,-0.000409,-0.002690,-0.003473,-0.005461,-0.003975,-0.005963,0.055777
2020-06-30,0.021061,0.019004,0.009605,0.007609,0.014630,0.012573,0.023423,0.021146,0.010995,0.009007,0.000212,-0.001776,0.024255
2020-07-31,0.011998,0.009941,0.009607,0.007615,0.004894,0.002838,0.013799,0.011519,0.007263,0.005276,0.005931,0.003944,0.058321
2020-08-31,0.010110,0.008053,-0.000509,-0.002504,0.013871,0.011815,0.010544,0.008268,-0.001965,-0.003953,-0.002064,-0.004051,0.076285
2020-09-30,0.006696,0.004640,0.000144,-0.001844,-0.006755,-0.008812,0.011924,0.009650,0.006934,0.004946,0.000693,-0.001294,-0.036528
2020-10-31,0.012830,0.010773,0.004766,0.002779,0.005328,0.003271,0.011511,0.009237,0.006046,0.004058,0.006260,0.004273,-0.021015
2020-11-30,0.001622,-0.000435,0.004636,0.002649,0.002053,-0.000003,-0.019886,-0.022160,-0.006290,-0.008277,0.000229,-0.001759,0.124397
2020-12-31,0.008826,0.006769,0.003431,0.001438,0.005141,0.003084,0.009042,0.006750,0.007076,0.005088,0.007331,0.005343,0.046210
2021-01-31,0.069256,0.067199,0.008422,0.006430,0.013661,0.011604,0.044821,0.042529,0.030575,0.028587,0.010447,0.008459,-0.000664
2021-02-28,0.026294,0.024238,0.019682,0.017675,0.012583,0.010526,0.022162,0.019863,0.013494,0.011506,0.007197,0.005210,0.028150
2021-03-31,0.028000,0.025943,0.019356,0.017356,0.022310,0.020253,0.027857,0.025558,0.019604,0.017617,0.014792,0.012804,0.031643
2021-04-30,0.010322,0.008265,0.005505,0.003497,-0.000495,-0.002552,0.014436,0.012130,0.004406,0.002419,-0.002593,-0.004581,0.049522
2021-05-31,0.010472,0.008416,0.016296,0.014291,0.009504,0.007448,0.009515,0.007209,0.009022,0.007034,0.009877,0.007890,0.002748
2021-06-30,-0.014674,-0.016731,-0.004366,-0.006376,-0.030040,-0.032097,-0.012998,-0.015308,-0.008245,-0.010232,-0.020161,-0.022149,0.027256
2021-07-31,0.017377,0.015320,0.011615,0.009607,0.010943,0.008887,0.014866,0.012557,0.014002,0.012015,0.006284,0.004296,0.013493
2021-08-31,-0.000406,-0.002463,-0.000103,-0.002111,0.001142,-0.000914,-0.001000,-0.003314,0.003580,0.001592,0.002682,0.000695,0.029690
2021-09-30,0.008849,0.006792,0.007362,0.005353,0.005911,0.003854,0.002833,0.000519,0.008626,0.006638,0.007101,0.005114,-0.044232
2021-10-31,-0.000750,-0.002806,0.001101,-0.000908,-0.007653,-0.009710,0.001036,-0.001279,-0.000556,-0.002544,-0.003487,-0.005475,0.066384
2021-11-30,0.007549,0.005493,0.009302,0.007295,0.000927,-0.001130,0.012035,0.009720,0.010799,0.008811,-0.000510,-0.002498,-0.015774
2021-12-31,0.034895,0.032838,0.023896,0.021888,0.033921,0.031864,0.033873,0.031557,0.022479,0.020491,0.018210,0.016222,0.032340
2022-01-31,0.033877,0.031820,0.020398,0.018385,0.039604,0.037548,0.030683,0.028364,0.026187,0.024199,0.026105,0.024117,-0.061572
2022-02-28,0.009425,0.007369,0.007230,0.005205,0.005772,0.003716,0.013125,0.010798,0.003951,0.001963,0.001440,-0.000547,-0.022515
2022-03-31,0.001010,-0.001047,0.005077,0.003050,-0.006832,-0.008889,0.005645,0.003319,-0.001368,-0.003356,-0.005703,-0.007691,0.030915
2022-04-30,0.032731,0.030674,0.022511,0.020483,0.032117,0.030061,0.028759,0.026435,0.031938,0.029950,0.026306,0.024319,-0.094141
2022-05-31,0.016854,0.014797,0.014884,0.012852,0.017480,0.015424,0.018281,0.015951,0.013617,0.011630,0.016860,0.014872,-0.003230
2022-06-30,-0.015417,-0.017474,-0.006836,-0.008874,-0.007109,-0.009165,-0.005814,-0.008144,-0.003095,-0.005083,-0.002883,-0.004864,-0.084035
2022-07-31,-0.010830,-0.012886,-0.012078,-0.014116,-0.018615,-0.020672,-0.019265,-0.021596,-0.009987,-0.011975,-0.017735,-0.019716,0.095741
2022-08-31,-0.003073,-0.005129,-0.003932,-0.005971,-0.000017,-0.002074,-0.006045,-0.008374,-0.001191,-0.003178,0.000881,-0.001101,-0.037761
2022-09-30,-0.001249,-0.003306,0.003641,0.001604,-0.001074,-0.003131,0.007602,0.005270,0.008153,0.006165,0.006624,0.004643,-0.093558
2022-10-31,0.020307,0.018251,0.016608,0.014564,0.028643,0.026586,0.007683,0.005342,0.013202,0.011214,0.015948,0.013967,0.078822
2022-11-30,0.007849,0.005792,0.005933,0.003883,0.004235,0.002178,0.010376,0.008035,0.004196,0.002208,0.003101,0.001120,0.046438
2022-12-31,0.014782,0.012725,0.010342,0.008291,0.017406,0.015349,0.015035,0.012689,0.014147,0.012159,0.011838,0.009856,-0.063818
2023-01-31,0.010585,0.008528,-0.007598,-0.009646,-0.000768,-0.002824,0.007252,0.004906,-0.015681,-0.017669,-0.015299,-0.017280,0.065926
2023-02-28,0.005496,0.003458,0.001954,-0.000081,-0.012783,-0.014821,0.008533,0.006182,0.008218,0.006243,-0.005948,-0.007917,-0.025520
2023-03-31,-0.007664,-0.009703,-0.004399,-0.006435,-0.008455,-0.010493,-0.008735,-0.011090,-0.004599,-0.006574,-0.017143,-0.019111,0.024946
2023-04-30,0.002762,0.000724,0.000326,-0.001725,0.000965,-0.001073,0.003726,0.001370,0.005870,0.003895,0.003848,0.001880,0.006296
2023-05-31,-0.016703,-0.018741,-0.013640,-0.015741,-0.028421,-0.030460,-0.012180,-0.014537,-0.011125,-0.013100,-0.023430,-0.025399,0.003401
2023-06-30,0.009996,0.007957,0.001329,-0.000773,0.009948,0.007909,-0.000479,-0.002841,0.000129,-0.001846,0.000537,-0.001432,0.064645
2023-07-31,0.001856,-0.000183,-0.001938,-0.004040,0.008613,0.006574,-0.003834,-0.006193,-0.005710,-0.007684,-0.000064,-0.002032,0.031878
2023-08-31,0.008805,0.006766,0.002724,0.000624,0.004439,0.002401,0.010797,0.008444,0.013251,0.011276,0.005538,0.003569,-0.023528
2023-09-30,0.008366,0.006327,0.003949,0.001841,0.008932,0.006893,0.012691,0.010334,0.007926,0.005951,0.006284,0.004316,-0.052231
2023-10-31,0.000936,-0.001102,0.000919,-0.001193,-0.001830,-0.003868,0.007573,0.005214,0.004603,0.002629,-0.002553,-0.004522,-0.031556
2023-11-30,0.008939,0.006901,0.005795,0.003679,0.019398,0.017360,0.002645,0.000285,0.006220,0.004245,0.007863,0.005895,0.088486
2023-12-31,0.006331,0.004292,-0.000355,-0.002481,0.003903,0.001865,0.007367,0.005006,0.001559,-0.000416,0.000021,-0.001947,0.048541
2024-01-31,0.003910,0.001871,0.000475,-0.001660,0.002401,0.000362,0.002533,0.000179,0.011464,0.009489,0.006578,0.004610,0.007199
2024-02-29,0.000582,-0.001456,-0.001963,-0.004084,-0.007755,-0.009793,-0.002944,-0.005286,-0.004753,-0.006727,-0.008854,-0.010823,0.050443
2024-03-31,0.021416,0.019378,0.009132,0.006997,0.012409,0.010370,0.020103,0.017761,0.009646,0.007671,0.010226,0.008258,0.028508
2024-04-30,0.003889,0.001851,0.004195,0.002062,-0.000455,-0.002494,0.014903,0.012567,-0.000149,-0.002123,-0.001906,-0.003874,-0.046528
2024-05-31,-0.005132,-0.007170,-0.005569,-0.007707,-0.015282,-0.017320,-0.019996,-0.022335,-0.007326,-0.009301,-0.005229,-0.007197,0.043267
2024-06-30,-0.001498,-0.003536,-0.001359,-0.003483,-0.004970,-0.007009,-0.003429,-0.005755,0.000566,-0.001409,-0.005037,-0.007005,0.028103
2024-07-31,0.009767,0.007729,0.005866,0.003739,0.015565,0.013527,0.004376,0.002040,0.008334,0.006359,0.012490,0.010521,0.012340
2024-08-31,-0.002097,-0.004135,-0.004213,-0.006341,-0.007584,-0.009623,0.004312,0.001976,0.006218,0.004243,-0.000835,-0.002803,0.015924
2024-09-30,0.004564,0.002525,0.002511,0.000383,-0.002619,-0.004658,0.003200,0.000859,0.001485,-0.000509,-0.002504,-0.004491,0.017211
2024-10-31,-0.001528,-0.003567,0.001098,-0.001028,0.000911,-0.001127,0.001174,-0.001166,0.000099,-0.001894,0.002066,0.000079,-0.010238
2024-11-30,0.012037,0.009999,0.008797,0.006669,0.005231,0.003193,0.010526,0.008186,-0.001160,-0.003153,0.000529,-0.001458,0.064768
2024-12-31,0.008454,0.006416,0.007941,0.005811,-0.004485,-0.006524,0.013172,0.010832,0.001641,-0.000352,-0.003458,-0.005445,-0.031464
