,excess_return
2016-01-04,0.0
2016-01-05,0.0005310157914274825
2016-01-06,-0.00406823430827902
2016-01-07,-0.007446140313879709
2016-01-08,-0.0035599160179975876
2016-01-11,0.0009497130179115026
2016-01-12,0.0025006648440595585
2016-01-13,-0.008383033140336432
2016-01-14,0.0043525126450601965
2016-01-15,-0.005975411193447302
2016-01-19,0.0013305043398980972
2016-01-20,-0.004314327587215757
2016-01-21,0.002798150668804183
2016-01-22,0.005292890391559555
2016-01-25,-0.004027801346753486
2016-01-26,0.003947671810487552
2016-01-27,-0.001879560977704751
2016-01-28,0.0011561411255353088
2016-01-29,0.008467151727324283
2016-02-01,0.00030179119015454704
2016-02-02,-0.004859839436951778
2016-02-03,0.001404857733726584
2016-02-04,-2.6048980879047343e-05
2016-02-05,-0.004225259304468851
2016-02-08,-0.0038290636270459314
2016-02-09,0.0005398652492652243
2016-02-10,-0.0003244385361427931
2016-02-11,-0.0041723305441352145
2016-02-12,0.005121650151985442
2016-02-16,0.004433600927985991
2016-02-17,0.004616471084531235
2016-02-18,3.828933400897678e-05
2016-02-19,4.511534335122163e-05
2016-02-22,0.004181527152377637
2016-02-23,-0.0028912135085431548
2016-02-24,0.0013295772240686093
2016-02-25,0.003983141687462303
2016-02-26,-0.001490420418592299
2016-02-29,-0.002142305522459678
2016-03-01,0.00544000536668786
2016-03-02,0.00038126195731173795
2016-03-03,0.0009033615554070679
2016-03-04,0.0012026198877843953
2016-03-07,-0.00043370859008111775
2016-03-08,-0.0018651358112626918
2016-03-09,0.0014627733228247599
2016-03-10,0.0004565815986407238
2016-03-11,0.003440255143343746
2016-03-14,-0.0002568712972190107
2016-03-15,-0.00045180112995473864
2016-03-16,0.0011835038358588255
2016-03-17,0.001925652779737111
2016-03-18,0.0012018501470255967
2016-03-21,0.00043192056685568416
2016-03-22,-0.0007514593206939997
2016-03-23,-0.001324330224363764
2016-03-24,-0.00030915744831716893
2016-03-28,0.00026047536242765205
2016-03-29,0.0021432955033382547
2016-03-30,0.0012051385003851497
2016-03-31,-0.0007876946415333242
2016-04-01,0.0019404569263196418
2016-04-04,-2.5706223640884255e-05
2016-04-05,-0.0018764007106408863
2016-04-06,0.003078217799155939
2016-04-07,-0.0028086166855439162
2016-04-08,0.0011240204375090829
2016-04-11,-0.0014566899764345575
2016-04-12,0.002522462135132704
2016-04-13,0.0008403070138047878
2016-04-14,-0.00011526730162471889
2016-04-15,0.0003484820991987585
2016-04-18,0.0018715614237561529
2016-04-19,0.0011874365205488135
2016-04-20,-0.0013195426470130234
2016-04-21,-0.0037221993717358186
2016-04-22,0.0007056932545171312
2016-04-25,-2.4744939955299785e-05
2016-04-26,0.0004901249316514632
2016-04-27,0.0016519727803321915
2016-04-28,-0.0017213124133885441
2016-04-29,-0.0009165402749749877
2016-05-02,0.0022235226272994593
2016-05-03,-0.0014182503437527349
2016-05-04,-0.0012101503968698106
2016-05-05,-0.00023708708296990013
2016-05-06,0.001746967597406312
2016-05-09,0.0005311961307184692
2016-05-10,0.004606106835387502
2016-05-11,-0.003433889520742078
2016-05-12,0.0012199787448920329
2016-05-13,-0.004506769434825017
2016-05-16,0.003560603790754022
2016-05-17,-0.0043355670242911926
2016-05-18,-0.0018488124709596964
2016-05-19,-0.00019019371263729375
2016-05-20,0.0013076451218772772
2016-05-23,-0.0008179575379175472
2016-05-24,0.004935673137335358
2016-05-25,0.0017513858950376016
2016-05-26,0.000396217892965178
2016-05-27,0.001143750169622845
2016-05-31,-0.001227313965872003
2016-06-01,0.0012883179923888605
2016-06-02,0.0020489020223244383
2016-06-03,-4.58966945171928e-05
2016-06-06,0.0021900723775478423
2016-06-07,0.0009183668005718281
2016-06-08,0.0023359484918590973
2016-06-09,-3.212232136899477e-05
2016-06-10,-0.0034779468795790606
2016-06-13,-0.0034692146643954852
2016-06-14,0.00013058064258111835
2016-06-15,-0.0007342026892853208
2016-06-16,0.002351754950014752
2016-06-17,-0.001771545844799174
2016-06-20,0.003284205980068057
2016-06-21,0.0012801148583080997
2016-06-22,-0.0007594936521126387
2016-06-23,0.005929855921640775
2016-06-24,-0.015939052024910416
2016-06-27,-0.0064994727861266
2016-06-28,0.007642199220425347
2016-06-29,0.007670512506008755
2016-06-30,0.00754352390630711
2016-07-01,0.0009807676310131224
2016-07-05,-0.001829760790921719
2016-07-06,0.0021424842553395317
2016-07-07,-0.0005437631055730688
2016-07-08,0.005899202036985374
2016-07-11,0.001287564820580062
2016-07-12,0.0011788759121265939
2016-07-13,0.0010047332933919562
2016-07-14,0.0016080986894077298
2016-07-15,-0.00022944558152047527
2016-07-18,0.000497431164777329
2016-07-19,0.0006567872085455438
2016-07-20,0.0008273544673232591
2016-07-21,-0.0022430302877828553
2016-07-22,0.0021444161367699444
2016-07-25,-0.0016947059784706475
2016-07-26,-0.0003792901005268785
2016-07-27,-0.0020347148758055123
2016-07-28,0.0007547811701400008
2016-07-29,0.000436364504856975
2016-08-01,-0.00042205627885260797
2016-08-02,-0.0012621922329489645
2016-08-03,-0.00012000985665036156
2016-08-04,-1.1853395126318935e-05
2016-08-05,0.0021690408450061485
2016-08-08,-0.001034282596997013
2016-08-09,0.0006619667214628272
2016-08-10,5.601742619614847e-05
2016-08-11,0.001960598189790946
2016-08-12,-0.0003105106981662965
2016-08-15,0.00028115117537659204
2016-08-16,-0.003527553217818882
2016-08-17,0.001571761359949386
2016-08-18,0.00031964508656602943
2016-08-19,-0.0011245649508406876
2016-08-22,-0.00036941205773949066
2016-08-23,-0.00010427758372536254
2016-08-24,-0.002060442951681501
2016-08-25,-0.0012127422329128727
2016-08-26,-0.0017252040954895047
2016-08-29,0.0021936127390829413
2016-08-30,-0.0016873993087269928
2016-08-31,-0.0005415327685867628
2016-09-01,0.00045277578968855715
2016-09-02,0.001694715633381465
2016-09-06,0.0018399413782151269
2016-09-07,-0.0010383646701656848
2016-09-08,-0.0006592497979871809
2016-09-09,-0.011727515946957728
2016-09-12,0.00717727671407005
2016-09-13,-0.006937790679059072
2016-09-14,-0.0002730724547256103
2016-09-15,0.004090695459250096
2016-09-16,-0.0011047743704422248
2016-09-19,0.0003020244384982358
2016-09-20,0.0007256187900142156
2016-09-21,0.005135610058024428
2016-09-22,0.0031793283044100323
2016-09-23,-0.0018577345573948384
2016-09-26,-0.00397463964289935
2016-09-27,0.0031804019365144374
2016-09-28,0.0009812632838985813
2016-09-29,-0.0037236578902979742
2016-09-30,0.0030763815447624266
2016-10-03,-0.001136609051620184
2016-10-04,-0.0031593037292876854
2016-10-05,0.0022225576237931387
2016-10-06,0.000280084281880942
2016-10-07,-0.002285772535611252
2016-10-10,0.0017155428593772805
2016-10-11,-0.00657208579639142
2016-10-12,0.0005577921910952219
2016-10-13,-0.0012772622922256531
2016-10-14,0.00031629619451820713
2016-10-17,-0.0018047372947515598
2016-10-18,0.003559630069370534
2016-10-19,0.001466654361191807
2016-10-20,0.00010446672463484663
2016-10-21,-0.0005392662898911209
2016-10-24,0.0025163594247857345
2016-10-25,-0.0016429099324301115
2016-10-26,9.272963845456846e-06
2016-10-27,-0.0014330897701984304
2016-10-28,0.0005671030078802255
2016-10-31,0.00010408244014410871
2016-11-01,-0.0037689030565154404
2016-11-02,-0.0024168176493702233
2016-11-03,-0.0026259657511662126
2016-11-04,-0.0009977735166341723
2016-11-07,0.012867883553281521
2016-11-08,0.002916987537985088
2016-11-09,0.005279091661109171
2016-11-10,0.00038218616861864613
2016-11-11,0.0004659772362003538
2016-11-14,-0.0005323944297311674
2016-11-15,0.003921931793075649
2016-11-16,-4.4497036113715104e-05
2016-11-17,0.001965492832544402
2016-11-18,-0.0009262627812510167
2016-11-21,0.0031378751582787218
2016-11-22,0.0004979037452430184
2016-11-23,0.0007716135650828198
2016-11-25,0.0023949551209116937
2016-11-28,-0.002842381030794471
2016-11-29,0.0005686122492400116
2016-11-30,-0.0020240287707728316
2016-12-01,-0.0014934787514239757
2016-12-02,-0.0005911066729114877
2016-12-05,0.0018178022006847699
2016-12-06,0.001139712106279927
2016-12-07,0.007118128555489058
2016-12-08,0.0011000275422306909
2016-12-09,0.0031898127826889174
2016-12-12,0.000775957505686304
2016-12-13,0.0023134051884869714
2016-12-14,-0.003669136951162919
2016-12-15,0.001427404491242919
2016-12-16,-0.0005539523156782925
2016-12-19,0.0015139019041934024
2016-12-20,0.0017163096554994588
2016-12-21,-0.0013045944748040484
2016-12-22,-0.0007779144627749139
2016-12-23,0.00037270630392844414
2016-12-27,0.0007811854373314252
2016-12-28,-0.003869104401585851
2016-12-29,-0.00012658543195823125
2016-12-30,-0.002446021697933812
2017-01-03,0.0029198580273077437
2017-01-04,0.0027062201286993963
2017-01-05,-0.0004890461439534199
2017-01-06,0.0017403605886777225
2017-01-09,-0.002544839163525643
2017-01-10,-0.00048219651366794016
2017-01-11,0.0015026765831673999
2017-01-12,-0.0014601590960679385
2017-01-13,0.0005015995711300225
2017-01-17,-0.0007390671698084382
2017-01-18,0.0014165883163287235
2017-01-19,-0.0016312041851814937
2017-01-20,0.0022309945142693502
2017-01-23,-0.0026246123699617957
2017-01-24,0.005129005426898984
2017-01-25,0.003949684925879288
2017-01-26,-0.0004353243030730471
2017-01-27,-0.0006641693658782639
2017-01-30,-0.0027455970095853987
2017-01-31,-0.0018636553248640249
2017-02-01,-0.0009305674138123871
2017-02-02,0.0006386143912692932
2017-02-03,0.003286861668437014
2017-02-06,-0.0008916101031258949
2017-02-07,0.0008692773094804027
2017-02-08,0.0008869283596059203
2017-02-09,0.0032341223227473417
2017-02-10,0.0012520588952580434
2017-02-13,0.00278256832168323
2017-02-14,0.0019584915774359278
2017-02-15,0.0032788312863357427
2017-02-16,5.01869286861123e-05
2017-02-17,0.0009035747745710294
2017-02-21,0.0037721062335146303
2017-02-22,-0.0005993705188206672
2017-02-23,-0.0001461470123456808
2017-02-24,0.001682126079269991
2017-02-27,0.00011751984728129066
2017-02-28,-0.001219724732038331
2017-03-01,0.0068505863321844315
2017-03-02,-0.0034858630580098427
2017-03-03,0.00019656060832584605
2017-03-06,-0.0018639437706944545
2017-03-07,-0.0013173652161314357
2017-03-08,-0.0006187152924604291
2017-03-09,0.00046165410578484923
2017-03-10,0.0023028579749921267
2017-03-13,0.0006444860765718325
2017-03-14,-0.0016995718315917776
2017-03-15,0.00428136782201568
2017-03-16,-0.0009357773295212669
2017-03-17,4.660683250418758e-05
2017-03-20,-0.000676630952400068
2017-03-21,-0.006591665837439525
2017-03-22,0.0009022300505486241
2017-03-23,-0.0010141059709118919
2017-03-24,-0.0003636735279402322
2017-03-27,-0.0008492281806325227
2017-03-28,0.003425493273747267
2017-03-29,0.0002800132358941191
2017-03-30,0.001737903018152929
2017-03-31,-0.0016101196584562855
2017-04-03,-0.00035108477729296517
2017-04-04,0.0006896840154594788
2017-04-05,-0.002176024564418927
2017-04-06,0.001232442195483579
2017-04-07,0.00031860702240943417
2017-04-10,6.444210259558568e-05
2017-04-11,-0.00029605057095163586
2017-04-12,-0.0021658503935740735
2017-04-13,-0.0033108668428964223
2017-04-17,0.0041919305350595956
2017-04-18,-0.000984745033280263
2017-04-19,-0.0005161401069758483
2017-04-20,0.00404203783908259
2017-04-21,-0.0005738441300585664
2017-04-24,0.005767009630172078
2017-04-25,0.0035053623740044803
2017-04-26,0.0007886192868483436
2017-04-27,0.0009729343729363183
2017-04-28,-0.0010239394602627899
2017-05-01,-0.00042952635135867697
2017-05-02,0.00017742292040865502
2017-05-03,-0.0005845340498533142
2017-05-04,0.0008627463644892961
2017-05-05,0.00220787700237407
2017-05-08,-0.0009015300064577998
2017-05-09,0.0002297927098544836
2017-05-10,0.00025472166001689624
2017-05-11,-0.0006741072440379861
2017-05-12,-0.0008775468337397758
2017-05-15,0.003038540425950584
2017-05-16,0.0002100408113954592
2017-05-17,-0.009588798790568637
2017-05-18,0.0017050504722977494
2017-05-19,0.004434713994288318
2017-05-22,0.003225400259879934
2017-05-23,0.0009394509132351716
2017-05-24,0.002067945676131716
2017-05-25,0.0035341224731514536
2017-05-26,0.00041163984832778085
2017-05-30,-2.3055968609571255e-05
2017-05-31,0.0010957973597770436
2017-06-01,0.004015074926569811
2017-06-02,0.002094967878671464
2017-06-05,-0.0007832819066751351
2017-06-06,-0.0015635716077435193
2017-06-07,0.000498021752718485
2017-06-08,-0.0007962500900826598
2017-06-09,0.0008193692881308406
2017-06-12,-0.0004425492971764144
2017-06-13,0.0022454424335066805
2017-06-14,0.00045950902791234397
2017-06-15,-0.0015123663414278576
2017-06-16,0.0001662560524338878
2017-06-19,0.004195305948063962
2017-06-20,-0.0024085860981430604
2017-06-21,0.00037454374050504744
2017-06-22,0.0006860898552379706
2017-06-23,0.000837391934305649
2017-06-26,0.00018331557034446553
2017-06-27,-0.004320097547043574
2017-06-28,0.004442560156952208
2017-06-29,-0.005460924501809922
2017-06-30,0.0008358413322693327
2017-07-03,0.0013627946659452226
2017-07-05,0.0006386283587165951
2017-07-06,-0.004911444563460327
2017-07-07,0.003267987853797709
2017-07-10,-2.2676790035569094e-06
2017-07-11,-0.0005838754410772681
2017-07-12,0.0034697008974340342
2017-07-13,0.00021164274506297383
2017-07-14,0.0029803229838617305
2017-07-17,-0.0014247473227626236
2017-07-18,0.00035406686146795176
2017-07-19,0.0031837148491264703
2017-07-20,0.000763374208854482
2017-07-21,0.0003203748092823185
2017-07-24,-0.0014677024681041013
2017-07-25,0.000191364233868923
2017-07-26,0.0014279164264581576
2017-07-27,8.978998006724443e-05
2017-07-28,-0.0022331180793198667
2017-07-31,-0.00021724110281179748
2017-08-01,0.0012018006496972106
2017-08-02,0.00027704319536292585
2017-08-03,0.00033037542526782556
2017-08-04,0.0006004901794738042
2017-08-07,0.0013495707773738836
2017-08-08,-0.0018046014706788152
2017-08-09,0.0004969438250094023
2017-08-10,-0.00707249506282789
2017-08-11,0.0009189433030839156
2017-08-14,0.004957803669553374
2017-08-15,0.000734094120145128
2017-08-16,0.0023649984347415207
2017-08-17,-0.008594909932449747
2017-08-18,-0.0012792456745307976
2017-08-21,0.0013324006124950886
2017-08-22,0.004736006541390078
2017-08-23,-0.002523292151972577
2017-08-24,-0.0013601764738773632
2017-08-25,0.001266747986438601
2017-08-28,0.000581515590098265
2017-08-29,0.0008989838001612132
2017-08-30,0.0024884803256328336
2017-08-31,0.0037977320344523956
2017-09-01,0.0008602888598869648
2017-09-05,-0.003514838666219668
2017-09-06,0.0017165674691431816
2017-09-07,0.0008896551117988014
2017-09-08,-0.00021432821963071039
2017-09-11,0.006119232740465684
2017-09-12,0.0019401037346558978
2017-09-13,-0.0004794215562447386
2017-09-14,3.60551644014937e-05
2017-09-15,0.000839735359063402
2017-09-18,0.001108383842306239
2017-09-19,-0.0002697171596208014
2017-09-20,0.000980962125363291
2017-09-21,-0.001593455206783214
2017-09-22,0.0008055434953054497
2017-09-25,-0.001403338905564226
2017-09-26,-3.9210332921392954e-05
2017-09-27,0.0017385340920345132
2017-09-28,0.0010435377108398993
2017-09-29,0.001802033024621535
2017-10-02,0.001962180134897082
2017-10-03,0.0017052728161683953
2017-10-04,0.0016081926661122455
2017-10-05,0.0032577280915180263
2017-10-06,2.1937203638989653e-05
2017-10-09,-0.0008779612719944313
2017-10-10,0.0021023607520490083
2017-10-11,0.0014878742569254958
2017-10-12,-0.00039436787866725507
2017-10-13,0.0011356088510979326
2017-10-16,0.0003047082744300868
2017-10-17,0.0010276091492264136
2017-10-18,0.0010281656277657675
2017-10-19,0.0006034663984527021
2017-10-20,0.0022267723529213667
2017-10-23,-0.0011441039007632802
2017-10-24,0.00010555748976165337
2017-10-25,-0.0025965413492240606
2017-10-26,0.000854691742442897
2017-10-27,-0.00044481346532479276
2017-10-30,-0.004124749717129825
2017-10-31,0.0019980677384305694
2017-11-01,0.0004742181827347444
2017-11-02,0.001173999169744062
2017-11-03,0.001180409569455572
2017-11-06,-0.00036009562128995736
2017-11-07,0.000235348738256926
2017-11-08,0.0014763698042072383
2017-11-09,-0.002392779872022902
2017-11-10,0.000558482454293845
2017-11-13,0.0015439536636381165
2017-11-14,-0.0008515112804331523
2017-11-15,-0.003832869367472005
2017-11-16,0.004975171202469303
2017-11-17,-0.0011042958985769498
2017-11-20,0.001335672507803644
2017-11-21,0.004258550217364317
2017-11-22,-0.0004108090866983635
2017-11-24,0.0009949924213675885
2017-11-27,-0.0005089771633903041
2017-11-28,0.005857295899865552
2017-11-29,0.0013086242085188218
2017-11-30,0.006050868904154604
2017-12-01,-0.001121118114270911
2017-12-04,0.0007608870186877714
2017-12-05,-0.0008455282803045195
2017-12-06,0.00040271617358241283
2017-12-07,0.0012933557701230258
2017-12-08,0.002541477342365421
2017-12-11,0.0013504602639530933
2017-12-12,0.000753950957938178
2017-12-13,0.001329827872999261
2017-12-14,-0.001983361109859063
2017-12-15,0.004828958087650909
2017-12-18,0.0015480829432309132
2017-12-19,-0.0009990704884434375
2017-12-20,-0.000752454770802335
2017-12-21,0.00037632047420263926
2017-12-22,-0.000667882682332966
2017-12-26,-6.770009465405335e-05
2017-12-27,0.0011661272416092364
2017-12-28,0.0011518664987740003
2017-12-29,-0.002541926672636389
2018-01-02,0.002709724017573046
2018-01-03,0.003974362978082025
2018-01-04,0.0032911789935472554
2018-01-05,0.0037187700239818804
2018-01-08,0.00041836930890336505
2018-01-09,0.0012863889374984175
2018-01-10,-0.0005488867776782965
2018-01-11,0.0037485665170763852
2018-01-12,0.004121616667511414
2018-01-16,-0.001991036928236423
2018-01-17,0.00705483590709076
2018-01-18,-0.0013745842775078902
2018-01-19,0.0023161462791909406
2018-01-22,0.004049380186568067
2018-01-23,-0.00042458284712011967
2018-01-24,-0.001559830452983072
2018-01-25,0.0008137055589007944
2018-01-26,0.007608354625499496
2018-01-29,-0.00440963912072875
2018-01-30,-0.0068887036676540765
2018-01-31,-0.0002167265650800847
2018-02-01,0.00018712766598641677
2018-02-02,-0.01254132269937338
2018-02-05,-0.024720088919684777
2018-02-06,0.008824259023142428
2018-02-07,-0.0024599511513953734
2018-02-08,-0.02105611304255514
2018-02-09,0.0073181271720845
2018-02-12,0.007273915683135063
2018-02-13,0.0009711764975618753
2018-02-14,0.005493243465111075
2018-02-15,0.008257643248283528
2018-02-16,0.00038657552902474746
2018-02-20,-0.0022126670269185843
2018-02-21,-0.0025708041487511354
2018-02-22,0.0016132734106017088
2018-02-23,0.008182304714452866
2018-02-26,0.007072853958346936
2018-02-27,-0.0075556245146216556
2018-02-28,-0.006397214694308413
2018-03-01,-0.008915677509737815
2018-03-02,-0.00108344310859176
2018-03-05,0.0037224415268860347
2018-03-06,0.0011155392682645551
2018-03-07,-0.0005231400930996211
2018-03-08,0.0015619044511649479
2018-03-09,0.005277873458922832
2018-03-12,-0.00023669515552091427
2018-03-13,-0.0017505703721670202
2018-03-14,-0.001935761184894045
2018-03-15,-0.00012013322645917549
2018-03-16,0.00036150453013728874
2018-03-19,-0.004131299541404086
2018-03-20,0.0007031563386898394
2018-03-21,-0.0009623276643471554
2018-03-22,-0.0076703514706067295
2018-03-23,-0.006665024888631568
2018-03-26,0.007864564482711695
2018-03-27,-0.004074142901508737
2018-03-28,-0.0007214132630432157
2018-03-29,0.004738260617421202
2018-04-02,-0.007494158307997911
2018-04-03,0.0033736627166308917
2018-04-04,0.003285752386120901
2018-04-05,0.0018669866302523485
2018-04-06,-0.005477865920609318
2018-04-09,0.00046605915151897565
2018-04-10,0.0031352296214270476
2018-04-11,-0.0015791001707979946
2018-04-12,0.0008016730115486322
2018-04-13,-0.0002721543268219993
2018-04-16,0.002502196908110645
2018-04-17,0.0027596773011162425
2018-04-18,-0.0002364212689841942
2018-04-19,-0.0032663432207850488
2018-04-20,-0.0030020314152215868
2018-04-23,-0.0004803824468440869
2018-04-24,-0.0027684284042802615
2018-04-25,5.6134775111733615e-05
2018-04-26,0.002570781376771013
2018-04-27,0.0010674434990991268
2018-04-30,-0.0021591767017557547
2018-05-01,-0.000878696881749502
2018-05-02,-0.0037717147220773864
2018-05-03,-0.0016074562965708644
2018-05-04,0.003954570664693076
2018-05-07,-0.00015611253279457232
2018-05-08,-0.0009844427997267218
2018-05-09,0.0011586078040828032
2018-05-10,0.0026761118795119096
2018-05-11,0.000959835674620076
2018-05-14,0.0012518052954078938
2018-05-15,-0.001394181596510698
2018-05-16,0.0015232680182238178
2018-05-17,0.00018978968054098337
2018-05-18,-9.733061258400868e-05
2018-05-21,0.0020403743792459608
2018-05-22,-0.0010237685781394124
2018-05-23,0.0007405774996237491
2018-05-24,-0.00014561321032018223
2018-05-25,0.00047597706646165013
2018-05-29,-0.002293613480616091
2018-05-30,0.003533931254761962
2018-05-31,-0.0026419091773540286
2018-06-01,0.0018715148186556657
2018-06-04,0.0013410420570510724
2018-06-05,-0.0010741335861652684
2018-06-06,0.002845020378243227
2018-06-07,0.0004838837959911292
2018-06-08,0.001783660201765175
2018-06-11,0.0009499378375401496
2018-06-12,0.0015568444421384298
2018-06-13,-0.0018030999523497276
2018-06-14,0.0015480656224531836
2018-06-15,0.0018291384711011636
2018-06-18,-0.002152464534394349
2018-06-19,-0.0007837480789476628
2018-06-20,-0.0010568311924983086
2018-06-21,-0.001725457459946958
2018-06-22,0.0016054888930688567
2018-06-25,-0.0036957926968003126
2018-06-26,0.00046417383506804397
2018-06-27,-0.002549476168286052
2018-06-28,0.0015108144193780857
2018-06-29,-0.00031599694267270175
2018-07-02,0.0005227346985059299
2018-07-03,-0.0019132861799653804
2018-07-05,0.004175827340990508
2018-07-06,0.003258554008780108
2018-07-09,0.002155940361161803
2018-07-10,0.002766189371312968
2018-07-11,-0.003384411520167087
2018-07-12,0.003189143893138636
2018-07-13,0.0009201428728748874
2018-07-16,-0.0013658140231462969
2018-07-17,0.0030241832134299696
2018-07-18,0.0014651352227174242
2018-07-19,-0.0014715814501720607
2018-07-20,-0.00012315775799959667
2018-07-23,-0.00020092762769853702
2018-07-24,0.00214191329808538
2018-07-25,0.0034869132467137474
2018-07-26,0.0008290577923684517
2018-07-27,-0.0021111669661725324
2018-07-30,-0.001881169109381744
2018-07-31,0.003563308453372069
2018-08-01,-0.0021559812005180626
2018-08-02,0.002284217739580866
2018-08-03,0.0032661450125277113
2018-08-06,0.0016763487456859952
2018-08-07,0.001888289537813493
2018-08-08,-0.000288427306224553
2018-08-09,-0.0019975727168673576
2018-08-10,-0.0024667908612765643
2018-08-13,-0.002090996959311346
2018-08-14,0.0027298323928705293
2018-08-15,-0.002338573819233816
2018-08-16,0.004916342655193079
2018-08-17,0.0023479339547275158
2018-08-20,0.0024576521118864956
2018-08-21,0.0014309690128420716
2018-08-22,-0.0008231376168257218
2018-08-23,-0.0002778360109827025
2018-08-24,0.003746963371805753
2018-08-27,0.003013738030406771
2018-08-28,-8.899141949385333e-05
2018-08-29,0.002403666241813418
2018-08-30,-0.0026916988622797304
2018-08-31,0.0006210174484919096
2018-09-04,-0.0004877887675257104
2018-09-05,-0.0011839026142919297
2018-09-06,-0.00015167418822003534
2018-09-07,0.0003493345703929407
2018-09-10,0.001408162855258358
2018-09-11,0.0005063781965356699
2018-09-12,0.0013904693610143066
2018-09-13,0.0036668632095094396
2018-09-14,-0.00012827338524438466
2018-09-17,-0.001818665414991203
2018-09-18,0.003172569600297322
2018-09-19,0.00032022582213708247
2018-09-20,0.0040584221627825955
2018-09-21,0.0005396243413782174
2018-09-24,-0.001849678131124577
2018-09-25,-0.0013116991562884125
2018-09-26,-0.0004173556591773684
2018-09-27,0.0013356652962885495
2018-09-28,0.00012158440663401031
2018-10-01,0.0016605176640788711
2018-10-02,-0.0004934578720953859
2018-10-03,-0.0009469227707694773
2018-10-04,-0.0041101072790585835
2018-10-05,-0.0027016168462296853
2018-10-08,0.00041010868498369873
2018-10-09,-0.0005497684069285151
2018-10-10,-0.016538226428262616
2018-10-11,-0.01238910827529572
2018-10-12,0.007348204748096164
2018-10-15,-0.0026561009559986845
2018-10-16,0.012188161274763881
2018-10-17,0.0006835221718028041
2018-10-18,-0.0064609693256731495
2018-10-19,0.0003014074437405643
2018-10-22,-0.002274802882510643
2018-10-23,-0.0011850816394691614
2018-10-24,-0.015356015852205706
2018-10-25,0.00669986379173976
2018-10-26,-0.009146860983990044
2018-10-29,-0.0009634302776778905
2018-10-30,0.010141290931385404
2018-10-31,0.005330582407487152
2018-11-01,0.004763134165732965
2018-11-02,0.001400587626553859
2018-11-05,0.0031212156852314394
2018-11-06,0.00207852065010035
2018-11-07,0.0069432328359314375
2018-11-08,-8.740275072440646e-05
2018-11-09,-0.0014425802368192024
2018-11-12,-0.005596113436719619
2018-11-13,-0.0007599904190869229
2018-11-14,-0.002367030190468831
2018-11-15,0.0037685128258419277
2018-11-16,0.001749224727555907
2018-11-19,-0.004709617589048116
2018-11-20,-0.007407686452002949
2018-11-21,-0.0005102330624396382
2018-11-23,-0.0019597137813339785
2018-11-26,0.004069788335409311
2018-11-27,0.0019165716662126462
2018-11-28,0.007412250311293623
2018-11-29,-0.00045118912765039953
2018-11-30,0.004883766560347703
2018-12-03,0.0018315761196384822
2018-12-04,-0.008933943477750086
2018-12-06,-0.0009034279690587843
2018-12-07,-0.0062954057729978025
2018-12-10,0.000211557094255657
2018-12-11,-0.00025528999559352734
2018-12-12,0.0007264835944612399
2018-12-13,0.00029474507469470025
2018-12-14,-0.006094114650311901
2018-12-17,-0.006188389825510789
2018-12-18,-0.0017688527628432777
2018-12-19,-0.004248517885435391
2018-12-20,-0.00424429895166362
2018-12-21,-0.004773284815158958
2018-12-24,-0.008934898498949333
2018-12-26,0.012481251306922288
2018-12-27,0.0032750814766547382
2018-12-28,6.817340145994294e-05
2018-12-31,0.0027921216606633555
2019-01-02,-0.0006612994912432568
2019-01-03,-0.004742821228784708
2019-01-04,0.006998989680494443
2019-01-07,0.00025955717222773283
2019-01-08,0.0019376142711458192
2019-01-09,3.056539008615812e-05
2019-01-10,0.0007638140388270967
2019-01-11,0.0004063628118206637
2019-01-14,-0.0014864716172807771
2019-01-15,0.0020650184687744386
2019-01-16,0.000322064782337237
2019-01-17,0.0018959848785206723
2019-01-18,0.0030411831595755267
2019-01-22,-0.002329103528856901
2019-01-23,0.0008850175151188391
2019-01-24,-0.00010873463503139572
2019-01-25,0.0007287567731818354
2019-01-28,-0.0013890531000721456
2019-01-29,-0.00012792957281689522
2019-01-30,0.0028056530989611934
2019-01-31,0.0029229725099528562
2019-02-01,0.00043316744485867164
2019-02-04,0.001219519152362359
2019-02-05,0.00041096425216094267
2019-02-06,-0.00043839257480075985
2019-02-07,-0.0012239677881336084
2019-02-08,0.000212778061594324
2019-02-11,0.0001463719678197857
2019-02-12,0.002863110304162245
2019-02-13,0.0005781766207132082
2019-02-14,-0.001628785953043427
2019-02-15,0.003633750348311613
2019-02-19,0.0005904763333182858
2019-02-20,0.00043495473159411893
2019-02-21,-0.0002794333674720938
2019-02-22,0.0011575275915489812
2019-02-25,-0.0003000126868989529
2019-02-26,-0.0003155434913154386
2019-02-27,-0.00015999338182951656
2019-02-28,0.0002632929977780107
2019-03-01,0.001221475912122737
2019-03-04,-0.001371638775758783
2019-03-05,-0.0001736647998412687
2019-03-06,-0.0014253231692584111
2019-03-07,-0.0016299359779284677
2019-03-08,-0.0007466308430545221
2019-03-11,0.0032928021888448036
2019-03-12,0.00020422917760401756
2019-03-13,0.001720816412268567
2019-03-14,0.0001499871923085248
2019-03-15,0.0016897630478985878
2019-03-18,0.00066993885114725
2019-03-19,-0.0008254663240919392
2019-03-20,-0.0016837167629471573
2019-03-21,0.001833946048835665
2019-03-22,-0.0034339741009439574
2019-03-25,6.818348730859168e-05
2019-03-26,0.0024525555467897237
2019-03-27,-0.0013930545792199141
2019-03-28,0.0004911177246125118
2019-03-29,0.00192807157376274
2019-04-01,0.002218677650763073
2019-04-02,-0.0008795925563890738
2019-04-03,0.0008262074073120111
2019-04-04,0.0008605827451586614
2019-04-05,0.0023337307492851825
2019-04-08,0.00048632837329613864
2019-04-09,-0.002228856549410314
2019-04-10,0.0005758247870490608
2019-04-11,1.9222954520451855e-05
2019-04-12,0.0033913619595671
2019-04-15,0.0006815400680978027
2019-04-16,-0.00047894340537690496
2019-04-17,2.574923321630395e-05
2019-04-18,0.0009787551346495994
2019-04-22,-0.00017333829234962952
2019-04-23,0.0032164434272801998
2019-04-24,-1.2769587866480117e-05
2019-04-25,7.194425005933294e-05
2019-04-26,0.0016092093421052971
2019-04-29,-0.0003130238601081241
2019-04-30,0.002743567657840202
2019-05-01,-0.0044294197822098876
2019-05-02,-0.0011961073029203733
2019-05-03,0.003916896272605738
2019-05-06,-0.0019063479998017235
2019-05-07,-0.007892240661609491
2019-05-08,-0.001141418392264095
2019-05-09,-0.002085307451791282
2019-05-10,0.0033445017635545856
2019-05-13,-0.010555447338392273
2019-05-14,0.0038352333244431242
2019-05-15,0.002882153754572308
2019-05-16,0.005732433592584993
2019-05-17,-0.0019835811088929067
2019-05-20,-0.0027109116663860096
2019-05-21,0.003416070426067341
2019-05-22,-4.418033705324556e-05
2019-05-23,-0.004645370391747641
2019-05-24,0.0005624161529446135
2019-05-28,-0.005364209258999256
2019-05-29,-0.003880200413068543
2019-05-30,0.0017502072139918595
2019-05-31,-0.005229117111531432
2019-06-03,0.0004988663284323978
2019-06-04,0.009125464293550517
2019-06-05,0.005099191481035178
2019-06-06,0.0036073346179880967
2019-06-07,0.004519339600616817
2019-06-10,0.0013598703876652228
2019-06-11,-0.0005758049882190967
2019-06-12,0.0004372079658786894
2019-06-13,0.0009578206678280852
2019-06-14,0.00041879882606278584
2019-06-17,-0.0008065558868537066
2019-06-18,0.0033998867033844873
2019-06-19,0.002311114057082939
2019-06-20,0.004469418442558635
2019-06-21,-0.001313821394321832
2019-06-24,-0.0009244371312549761
2019-06-25,-0.0029030068000158024
2019-06-26,-0.0026335450000161535
2019-06-27,0.002100131163151988
2019-06-28,0.0017288582791564612
2019-07-01,0.0034620665632773715
2019-07-02,0.0017094056675443722
2019-07-03,0.004373048875994232
2019-07-05,-0.0013170054709338381
2019-07-08,-0.0012843160079310822
2019-07-09,0.0004059995544636894
2019-07-10,0.002389272346664686
2019-07-11,0.0016426140226468199
2019-07-12,0.0013580207348448357
2019-07-15,0.0006551993912476982
2019-07-16,-0.001518104387629144
2019-07-17,-0.0017492775032737092
2019-07-18,0.0032648995975011084
2019-07-19,-0.003931504541808153
2019-07-22,0.0007979672251992171
2019-07-23,0.002515388522280826
2019-07-24,0.0017151691882540162
2019-07-25,-0.0025643976812911255
2019-07-26,0.004449180376045087
2019-07-29,-0.0009912646426557667
2019-07-30,-0.0018438192382443492
2019-07-31,-0.006719361866643375
2019-08-01,-0.003079052359789078
2019-08-02,-0.0030306010950895646
2019-08-05,-0.013114540436240867
2019-08-06,0.006454784314010401
2019-08-07,0.0009503603334388937
2019-08-08,0.00856946224495276
2019-08-09,-0.002497212856715794
2019-08-12,-0.005604347224939766
2019-08-13,0.006301908711485995
2019-08-14,-0.011975307783730356
2019-08-15,0.0031738646170945267
2019-08-16,0.005456206019140011
2019-08-19,0.0046081890780412475
2019-08-20,-0.0020666697188389677
2019-08-21,0.004004309417916716
2019-08-22,-0.00012604697510260363
2019-08-23,-0.010492004270735104
2019-08-26,0.005077137031268184
2019-08-27,0.00043632152876938986
2019-08-28,0.0031494396444737625
2019-08-29,0.005249699662476568
2019-08-30,-0.000313643710434848
2019-09-03,-0.002842563863179322
2019-09-04,0.0041584154029201455
2019-09-05,0.0022118380809643032
2019-09-06,0.0008713046734476324
2019-09-09,-0.002185692004425272
2019-09-10,-0.0008330822966907985
2019-09-11,0.002798309623033371
2019-09-12,0.0015510069614591473
2019-09-13,-0.0011277325959679313
2019-09-16,-0.0011014220951847148
2019-09-17,0.0017864947859600898
2019-09-18,0.00036829214855682894
2019-09-19,0.0007716536058383364
2019-09-20,-0.0008855088491900271
2019-09-23,-0.00011098860567541125
2019-09-24,-0.0018372875290214555
2019-09-25,0.0004951214193059958
2019-09-26,-0.00023207718568262191
2019-09-27,-0.0022734629660178768
2019-09-30,0.002151515807109061
2019-10-01,-0.004242145106213895
2019-10-02,-0.006451408900473217
2019-10-03,0.0029771934702951374
2019-10-04,0.0055084483910777735
2019-10-07,-0.001631019774305647
2019-10-08,-0.0050617403052895605
2019-10-09,0.003250507906652782
2019-10-10,0.0020543533287794087
2019-10-11,0.0022926376362803797
2019-10-14,-0.0008120591066671282
2019-10-15,0.0027816459303014627
2019-10-16,-0.0009158066053568459
2019-10-17,0.0006649150737820748
2019-10-18,-0.0013437124882823572
2019-10-21,0.0012247988844449691
2019-10-22,-0.0005232802326629589
2019-10-23,0.0008888267370034583
2019-10-24,0.0005533765659436137
2019-10-25,0.00099374682710168
2019-10-28,0.0013187637636415327
2019-10-29,-0.0001578951924977241
2019-10-30,0.001989122355066073
2019-10-31,-0.0012563880803722282
2019-11-01,0.0024692401118570793
2019-11-04,-0.001385020939172952
2019-11-05,-0.0010526993218158086
2019-11-06,0.00148318611892398
2019-11-07,-0.0001643402094017311
2019-11-08,0.0006386883235286763
2019-11-11,-0.0008086629171498052
2019-11-12,0.0010514173142573216
2019-11-13,0.0013280564083338938
2019-11-14,0.0006988575234521222
2019-11-15,0.002954749045364632
2019-11-18,0.0002661608433581969
2019-11-19,-0.001516521133822326
2019-11-20,-0.0009625874448058124
2019-11-21,-0.0006486992343980786
2019-11-22,0.00047560967053139776
2019-11-25,0.001842295285162988
2019-11-26,0.0008348526864628463
2019-11-27,0.001668548349687818
2019-11-29,-0.0012482134281432537
2019-12-02,-0.002996709780630505
2019-12-03,-0.0007498388724875434
2019-12-04,0.003527674628874011
2019-12-05,0.0006859135958851823
2019-12-06,0.004329551583741336
2019-12-09,-0.0014490507024334767
2019-12-10,-2.7946040348789678e-05
2019-12-11,0.0016337531012612482
2019-12-12,0.004117868250631077
2019-12-13,0.00020681026512738807
2019-12-16,0.003602096410332632
2019-12-17,0.0004533389877986654
2019-12-18,-0.001724969396533478
2019-12-19,0.0018306358242750997
2019-12-20,0.003190476552230157
2019-12-23,-0.0006003136122476886
2019-12-24,0.0001821315854089755
2019-12-26,0.0021904438368515605
2019-12-27,0.0002712983615530233
2019-12-30,-0.003050307983374143
2019-12-31,0.0009322626103214565
2020-01-02,0.0034909958739436763
2020-01-03,-0.0028593894726168124
2020-01-06,0.0013724048167318183
2020-01-07,-0.0021754382830911864
2020-01-08,0.002835476607924391
2020-01-09,0.003766376175817266
2020-01-10,-0.0011262723322721753
2020-01-13,0.003479446331468985
2020-01-14,-8.890995993144599e-06
2020-01-15,0.001382272125206583
2020-01-16,0.004095595967856677
2020-01-17,0.0019524314037405407
2020-01-21,-0.0007746600506020433
2020-01-22,0.0005793112987854903
2020-01-23,0.0006697044247194264
2020-01-24,-0.0057711991869198315
2020-01-27,-0.0069704062810540006
2020-01-28,0.00373970201081993
2020-01-29,-0.0028924197185688887
2020-01-30,0.00393075310122708
2020-01-31,-0.009757514150525582
2020-02-03,0.004177683299859314
2020-02-04,0.007306258172651035
2020-02-05,0.005189160492196124
2020-02-06,0.0010785684631502382
2020-02-07,-0.002808418680549179
2020-02-10,0.0026307601128715027
2020-02-11,0.000833559362749042
2020-02-12,0.0025890953016922762
2020-02-13,0.0013477199926655778
2020-02-14,0.001551454713199406
2020-02-18,-0.0009625894673015536
2020-02-19,0.002233157170933609
2020-02-20,-0.0020292103846327406
2020-02-21,-0.0032890850346949207
2020-02-24,-0.015671451717094415
2020-02-25,-0.015575255834324842
2020-02-26,-0.0028932763168167033
2020-02-27,-0.02292720345276815
2020-02-28,-0.0075870583494469495
2020-03-02,0.025184212112624657
2020-03-03,-0.007236581192865563
2020-03-04,0.013171621718198395
2020-03-05,-0.010534179691318726
2020-03-06,-0.0037284877767174915
2020-03-09,-0.019527699658907445
2020-03-10,0.012179828173728747
2020-03-11,-0.01528684502527317
2020-03-12,-0.027587789371628785
2020-03-13,0.023403011354348954
2020-03-16,-0.0318406558811871
2020-03-17,0.01585897725722153
2020-03-18,-0.013714900598874544
2020-03-19,-0.0003794751026565664
2020-03-20,-0.01220284217346608
2020-03-23,-0.00845254087157566
2020-03-24,0.022270807727403658
2020-03-25,0.004543293286832005
2020-03-26,0.016756766660802037
2020-03-27,-0.0076912481746395514
2020-03-30,0.00872423670049393
2020-03-31,-0.005536151827416301
2020-04-01,-0.01115975231503085
2020-04-02,0.0011425548411241183
2020-04-03,-0.000950886780073909
2020-04-06,0.006233556664583891
2020-04-07,-0.0005220707487532201
2020-04-08,0.0037906861479508904
2020-04-09,0.0011666297493331348
2020-04-13,-0.0006055955797674111
2020-04-14,0.003756788445047201
2020-04-15,-0.001635149991903193
2020-04-16,0.0010518526851866273
2020-04-17,0.0027085454266348873
2020-04-20,-0.001608660809928539
2020-04-21,-0.0031599814282493293
2020-04-22,0.0022767176379844146
2020-04-23,-0.00010998482030459447
2020-04-24,0.0016391607499441475
2020-04-27,0.0018070280838971857
2020-04-28,-0.0011369834453785655
2020-04-29,0.0018500798151490645
2020-04-30,-0.0012793211538915422
2020-05-01,-0.0027934001694565956
2020-05-04,0.0002209161198474285
2020-05-05,0.000998186582131036
2020-05-06,-0.0007362264581118421
2020-05-07,0.0005523504481268681
2020-05-08,0.0013996403203181032
2020-05-11,0.00043932594519778675
2020-05-12,-0.0013431946292525572
2020-05-13,-0.001119691639834794
2020-05-14,0.000612442147946309
2020-05-15,0.0004911397389259836
2020-05-18,0.0022424718791580634
2020-05-19,-0.0009907603275908328
2020-05-20,0.000661590702731886
2020-05-21,-0.0006875007359153111
2020-05-22,0.00012396166037251897
2020-05-26,0.0005574619496668084
2020-05-27,0.0015467054506835883
2020-05-28,0.00014232812313285965
2020-05-29,0.001026158109617494
2020-06-01,-0.0002026617039974796
2020-06-02,0.0007330857732221061
2020-06-03,0.0009969909198728711
2020-06-04,0.00011517375394794096
2020-06-05,0.0014520141196166438
2020-06-08,0.0012911306273024022
2020-06-09,-0.0008514747770745223
2020-06-10,-0.00029328659502135144
2020-06-11,-0.00488720401649491
2020-06-12,0.0007210745567429049
2020-06-15,0.000597336625804727
2020-06-16,0.001611291257749059
2020-06-17,-9.205293000860121e-05
2020-06-18,-8.837086870291582e-05
2020-06-19,-0.00016754826451704174
2020-06-22,0.00019658443314474942
2020-06-23,0.00019381792786519724
2020-06-24,-0.0020569733265643924
2020-06-25,0.0007025938177948777
2020-06-26,-0.0015566075207526673
2020-06-29,0.001456616901767082
2020-06-30,0.001237114088760715
2020-07-01,0.0007451236988298259
2020-07-02,-3.742359192296916e-05
2020-07-06,0.002674599964189186
2020-07-07,-0.0004458401981866434
2020-07-08,0.0009731136309025247
2020-07-09,-0.00022635050229688697
2020-07-10,0.001868542253177475
2020-07-13,-0.0012566243862618316
2020-07-14,0.003032711760387445
2020-07-15,0.001553113649799412
2020-07-16,-0.0005812393014344835
2020-07-17,0.0004475039426117222
2020-07-20,0.0006316989787256942
2020-07-21,0.000158271133295843
2020-07-22,0.0009376375749404989
2020-07-23,-0.0013721936628856009
2020-07-24,-0.0011084996740511927
2020-07-27,0.0012552901294324683
2020-07-28,-0.000255650775775342
2020-07-29,0.0013787642946225137
2020-07-30,-0.0006760185048794924
2020-07-31,0.0010430625011210253
2020-08-03,0.0013069048516391297
2020-08-04,0.0017440420205326844
2020-08-05,0.0006008488861988658
2020-08-06,0.0007030813325755964
2020-08-07,0.0013440648956674131
2020-08-10,0.0009051375570238218
2020-08-11,-0.0014401364400351373
2020-08-12,0.0038620147528119503
2020-08-13,-0.0002654157156617437
2020-08-14,0.00028942453165266475
2020-08-17,0.0018472045062500812
2020-08-18,4.9114290382181656e-05
2020-08-19,0.0007349808913549248
2020-08-20,-0.0005722664745176114
2020-08-21,0.0012098631061314268
2020-08-24,0.001657681914777316
2020-08-25,0.00047320013556409143
2020-08-26,0.0016408140020359378
2020-08-27,0.0001749359224902878
2020-08-28,0.0019614533871093877
2020-08-31,-0.0005007895644945783
2020-09-01,0.000659746681533709
2020-09-02,0.005514218245899084
2020-09-03,-0.008351031271135694
2020-09-04,-0.002369956983991053
2020-09-08,-0.005142012493007479
2020-09-09,0.005071259846549904
2020-09-10,-0.003923911420783131
2020-09-11,0.0011838856849149017
2020-09-14,0.003106019814511777
2020-09-15,0.001105927115442912
2020-09-16,1.00400764149931e-06
2020-09-17,-0.001999649308944225
2020-09-18,-0.0011510178780197585
2020-09-21,-0.003874362430651964
2020-09-22,0.002512645335630311
2020-09-23,-0.005020466007385286
2020-09-24,0.00029030307314279727
2020-09-25,0.0030286532778435295
2020-09-28,0.004345461375309075
2020-09-29,-0.0010520792965853462
2020-09-30,0.002441638554226606
2020-10-01,0.0012900246720986028
2020-10-02,-0.002069563148119475
2020-10-05,0.004659613664029317
2020-10-06,-0.004459483044715598
2020-10-07,0.0054517791782421506
2020-10-08,0.0036108091851815736
2020-10-09,0.001549912857558168
2020-10-12,0.0034140722882430724
2020-10-13,-0.001830924732116955
2020-10-14,-0.002368259901149911
2020-10-15,-0.0009644054927138014
2020-10-16,0.0010803301292277064
2020-10-19,-0.005600254236091348
2020-10-20,0.00012377549210413914
2020-10-21,-0.0015739796601973383
2020-10-22,0.003488186187156332
2020-10-23,0.0008220236204057312
2020-10-26,-0.007017589120946438
2020-10-27,-0.0028266279329678913
2020-10-28,-0.011120286106433879
2020-10-29,0.0009065413944562409
2020-10-30,-0.0004779349682162206
2020-11-02,0.003752437995672082
2020-11-03,0.005675914849042089
2020-11-04,0.005355508304921071
2020-11-05,0.00394408134835611
2020-11-06,0.001998548438320649
2020-11-09,0.0036892140327179058
2020-11-10,0.0024503319125733867
2020-11-11,0.001221341578348125
2020-11-12,-0.002807507714971314
2020-11-13,0.0049335523390281015
2020-11-16,0.0033305270319348964
2020-11-17,-0.0013698954882400765
2020-11-18,-0.0033670705751309357
2020-11-19,0.0014423657653293061
2020-11-20,-0.001811790738943662
2020-11-23,0.002833453052720216
2020-11-24,0.004457059028088313
2020-11-25,-0.0005287765210679517
2020-11-27,0.001262542476236946
2020-11-30,-5.088065957759664e-05
2020-12-01,0.0023290018708573275
2020-12-02,7.061172053709392e-05
2020-12-03,0.0005780275442722146
2020-12-04,0.0028717382743658794
2020-12-07,-0.0012784527046775605
2020-12-08,0.0006886216562542835
2020-12-09,-0.0007529730619714339
2020-12-10,-0.00040915092788417287
2020-12-11,-0.0003037742359893843
2020-12-14,-0.0018318703395530842
2020-12-15,0.002874020618310942
2020-12-16,-0.00021725989264097413
2020-12-17,0.0018380129290324703
2020-12-18,0.0002502128190311421
2020-12-21,-0.0018999817051670357
2020-12-22,-0.0012523890439540893
2020-12-23,0.000506657124330428
2020-12-24,0.0008012225157181332
2020-12-28,0.0011627289648747786
2020-12-29,-0.00028576933206286154
2020-12-30,0.00022407148549868065
2020-12-31,0.0025170411669871457
2021-01-04,-0.0029809341944128384
2021-01-05,0.0018900427311167628
2021-01-06,0.004096408237853481
2021-01-07,0.002682410520402227
2021-01-08,0.0012436908588070463
2021-01-11,-0.0007859417851658744
2021-01-12,0.0009522276701879229
2021-01-13,-9.678826311362287e-05
2021-01-14,-0.00025260592587207143
2021-01-15,-0.0016381138315934908
2021-01-19,0.0007379673918254385
2021-01-20,0.0026706610241900184
2021-01-21,-0.0010342140543147956
2021-01-22,-0.0012666289517463225
2021-01-25,0.0013849932552610206
2021-01-26,-0.0012934232767922152
2021-01-27,-0.009220137660279935
2021-01-28,0.003834279516454747
2021-01-29,-0.0057222282766689015
2021-02-01,0.0021550586780091597
2021-02-02,0.004344078005038317
2021-02-03,7.244177523118894e-05
2021-02-04,0.004029150579579357
2021-02-05,0.0018323998145721113
2021-02-08,0.0026789657434583914
2021-02-09,-5.525777653480281e-05
2021-02-10,-0.0007759686743232065
2021-02-11,-0.0005297353159387831
2021-02-12,0.0009756876762977223
2021-02-16,4.190743304410111e-05
2021-02-17,0.0019052795451197893
2021-02-18,-0.0012789105742412763
2021-02-19,-0.002263121867454683
2021-02-22,0.00013853653935851779
2021-02-23,-0.00044711008782054984
2021-02-24,0.0020125529329074
2021-02-25,-0.006464559949996045
2021-02-26,-0.004196820414986747
2021-03-01,0.0060711530876164255
2021-03-02,-0.000980409400982968
2021-03-03,-0.0036289983944169006
2021-03-04,-0.005219994504587884
2021-03-05,0.008485730951470902
2021-03-08,0.0017878814658319822
2021-03-09,0.0028064415805383034
2021-03-10,0.0036182350815601697
2021-03-11,0.001100768917548789
2021-03-12,0.0020428199018121163
2021-03-15,0.0036939326687035283
2021-03-16,-0.00039566419845054544
2021-03-17,0.0012116877758163455
2021-03-18,-0.002519035208754925
2021-03-19,0.0007869994358688794
2021-03-22,0.002987928712153345
2021-03-23,-0.0023683258457809254
2021-03-24,-0.0012742000467388945
2021-03-25,0.003597687225665046
2021-03-26,0.007173272149549937
2021-03-29,0.0015225767787938377
2021-03-30,-0.002540565714156121
2021-03-31,-0.0003708805945000469
2021-04-01,0.0023809840523000667
2021-04-05,0.004508362740893215
2021-04-06,1.1667691984384868e-06
2021-04-07,-0.0003347602909120852
2021-04-08,0.00031368478292446007
2021-04-09,0.0021372198472872934
2021-04-12,4.425186818888193e-05
2021-04-13,0.0001944529780319612
2021-04-14,-0.0003219773082604551
2021-04-15,0.0032648238175398644
2021-04-16,0.002105920288694163
2021-04-19,-0.001200296700857697
2021-04-20,-0.0008982289596616409
2021-04-21,0.0030270121475802223
2021-04-22,-0.0026205217572916077
2021-04-23,0.0017063305406580795
2021-04-26,-0.0014947894525690656
2021-04-27,-1.8004944123376144e-05
2021-04-28,-0.0006881118445682038
2021-04-29,0.0011462704200556986
2021-04-30,-0.001084034314836547
2021-05-03,0.003044585030187762
2021-05-04,-0.0009125629174690527
2021-05-05,0.0006921550276470094
2021-05-06,0.0026295945320362743
2021-05-07,0.0021932682500220868
2021-05-10,-0.00029776652826445115
2021-05-11,-0.004085120684564153
2021-05-12,-0.006208088533808472
2021-05-13,0.004604235049233725
2021-05-14,0.004088105467397073
2021-05-17,-0.0005626725982047266
2021-05-18,-0.002764018657882548
2021-05-19,-0.001532060845841557
2021-05-20,0.0037896981702297237
2021-05-21,0.0004291904640447503
2021-05-24,0.002226418660669321
2021-05-25,-0.0010257777758847179
2021-05-26,0.00017788668686522272
2021-05-27,0.0006136102470570743
2021-05-28,-0.0001942415285981118
2021-06-01,-0.0010559660269821565
2021-06-02,0.0008785037751167892
2021-06-03,-7.97442786864477e-05
2021-06-04,0.0023411067816735765
2021-06-07,-0.0018959243550009186
2021-06-08,-0.001672510241064753
2021-06-09,0.00040534723763794754
2021-06-10,0.0029768588919308545
2021-06-11,-0.0008659838981232218
2021-06-14,-0.00023327370438876546
2021-06-15,-0.000862388452538814
2021-06-16,-0.0030009944832659233
2021-06-17,3.040074419705563e-05
2021-06-18,-0.005812431304804678
2021-06-21,0.004987120374311621
2021-06-22,0.0010589662508383529
2021-06-23,-0.002175925119891932
2021-06-24,0.00308279292169286
2021-06-25,0.0022703608473306717
2021-06-28,-0.00021928800151383153
2021-06-29,-0.0008590558054606724
2021-06-30,0.0020359633899012966
2021-07-01,0.0018647963637641765
2021-07-02,0.0023537154486562278
2021-07-06,-0.002472952502043693
2021-07-07,0.0019514851312059276
2021-07-08,-0.0036383565011028794
2021-07-09,0.005230629705226692
2021-07-12,0.0009560747455257742
2021-07-13,-0.0008454408903237569
2021-07-14,0.0010995474022783037
2021-07-15,-0.00043885794012603666
2021-07-16,-0.002924534894919216
2021-07-19,-0.00676100431305773
2021-07-20,0.005771180184055896
2021-07-21,0.003945918183003775
2021-07-22,0.00037679329598795707
2021-07-23,0.004222243524793796
2021-07-26,0.0006045662089894376
2021-07-27,0.0003043403261367599
2021-07-28,-0.0017653685412165807
2021-07-29,0.0022186789925884437
2021-07-30,-0.001026883171161679
2021-08-02,-0.0014122718928104008
2021-08-03,0.003662372137529483
2021-08-04,-0.004409451135854604
2021-08-05,0.001953257448186469
2021-08-06,8.879615912929886e-05
2021-08-09,-0.001034535895085306
2021-08-10,0.001410908060225956
2021-08-11,0.001261158677761542
2021-08-12,0.0013048187521662682
2021-08-13,0.0018837639582051106
2021-08-16,0.002469028258318123
2021-08-17,-0.0005536832875554004
2021-08-18,-0.005812846393635357
2021-08-19,0.00131209768502909
2021-08-20,0.0027108819024566893
2021-08-23,0.0019262238754767845
2021-08-24,-0.0005836721895595492
2021-08-25,-8.582755859277568e-05
2021-08-26,-0.0025777071597594035
2021-08-27,0.0028309938957558774
2021-08-30,0.0015676685361793034
2021-08-31,3.606514743492091e-05
2021-09-01,-0.0008756400333340891
2021-09-02,0.002020306901609627
2021-09-03,-0.0003687279637941744
2021-09-07,-0.004031731536839941
2021-09-08,0.00035162843440030207
2021-09-09,-0.002504809202182319
2021-09-10,-0.002783536947278308
2021-09-13,0.0010300633729996883
2021-09-14,-0.0035345378006809837
2021-09-15,0.003785334100027225
2021-09-16,0.000288469589482082
2021-09-17,-0.0035268194477137433
2021-09-20,-0.007002270205434889
2021-09-21,-0.00034898708982588033
2021-09-22,0.004241453778084161
2021-09-23,0.005758159447746276
2021-09-24,0.00040432341686720834
2021-09-27,-0.0024217879755772673
2021-09-28,-0.009679587659522485
2021-09-29,0.0015103491654755753
2021-09-30,-0.005639812604526882
2021-10-01,0.0053623218811685545
2021-10-04,-0.00461734410972498
2021-10-05,0.00368825077262168
2021-10-06,0.0019500800696288277
2021-10-07,0.003952578830555501
2021-10-08,-0.0013620241133847522
2021-10-11,-0.002665896041039815
2021-10-12,-0.0016708918002989331
2021-10-13,0.0012028140390565852
2021-10-14,0.006646185902447579
2021-10-15,0.0021802014338562566
2021-10-18,-0.0011957589388727954
2021-10-19,0.004111236272669617
2021-10-20,0.0024397529617649983
2021-10-21,-0.0001886505200230774
2021-10-22,0.0008411983841499602
2021-10-25,0.0021473647720648414
2021-10-26,-0.00043928630107075215
2021-10-27,-0.0041486309341011735
2021-10-28,0.004117053069118507
2021-10-29,0.0006276426694860706
2021-11-01,0.0014690316852760863
2021-11-02,0.0011286250457473229
2021-11-03,0.002907368699627219
2021-11-04,0.0005825958897608636
2021-11-05,0.002552198567070831
2021-11-08,0.00012657785103385895
2021-11-09,-0.00016903637773487735
2021-11-10,-0.0020714355442370646
2021-11-11,-0.0008617937495936519
2021-11-12,0.0023233332971416
2021-11-15,0.0003746114435353695
2021-11-16,5.704546606221696e-06
2021-11-17,-0.0023319174957475673
2021-11-18,-0.001808883582143778
2021-11-19,-0.002707093896122322
2021-11-22,0.0002238481388169034
2021-11-23,0.0017242920166414574
2021-11-24,-0.00031433050276524755
2021-11-26,-0.008970361698884842
2021-11-29,0.0034421632711825268
2021-11-30,-0.010940815930198352
2021-12-01,-0.003898568662321311
2021-12-02,0.005870891100637588
2021-12-03,0.0005510997768976629
2021-12-06,0.00590343946429372
2021-12-07,0.005314387536183397
2021-12-08,0.0002318906977117084
2021-12-09,-0.0009834458566827194
2021-12-10,0.0037262030590326954
2021-12-13,-0.0003455646773748856
2021-12-14,-0.0011035331624866956
2021-12-15,0.0052768453859635845
2021-12-16,0.0011106857926798518
2021-12-17,-0.004686929295579157
2021-12-20,-0.0034745067730824033
2021-12-21,0.004574209241624779
2021-12-22,0.0029817561773098616
2021-12-23,0.002286380393015013
2021-12-27,0.004240451926903873
2021-12-28,0.00032724824027304976
2021-12-29,0.0013979265448594701
2021-12-30,-0.000793422560687669
2021-12-31,-0.00021667888025064114
2022-01-03,0.000731617851003808
2022-01-04,0.0014637347999994805
2022-01-05,-0.0028532825259822894
2022-01-06,-0.0006544537016070049
2022-01-07,0.0008321553470085606
2022-01-10,-0.0013146834805128453
2022-01-11,0.0025981138659257066
2022-01-12,0.00014239370899336878
2022-01-13,-0.00229682989171623
2022-01-14,2.4794774032084094e-05
2022-01-18,-0.00628075635187135
2022-01-19,-0.0018980977744822262
2022-01-20,-0.0037876218657681383
2022-01-21,-0.004464984292508199
2022-01-24,0.0001370102963015494
2022-01-25,-0.002412745928769368
2022-01-26,-0.002791804371023508
2022-01-27,-0.0001369028058032252
2022-01-28,0.0056403639867510565
2022-01-31,0.0054358803827901266
2022-02-01,0.002519806257405683
2022-02-02,0.002078743794409483
2022-02-03,-0.004943485922529968
2022-02-04,-0.0017369512790698972
2022-02-07,0.0003711215001695623
2022-02-08,0.0033611644083824605
2022-02-09,0.0032816498625224213
2022-02-10,-0.005506195741887616
2022-02-11,-0.004203677926260566
2022-02-14,-0.002138554867924782
2022-02-15,0.003937975691973412
2022-02-16,0.00034458865583024124
2022-02-17,-0.004273614269373293
2022-02-18,-0.0017521956844344082
2022-02-22,-0.0029443742838095146
2022-02-23,-0.004109962174563018
2022-02-24,-0.0002478902223873227
2022-02-25,0.010565892476276963
2022-02-28,-0.001616573400774167
2022-03-01,-0.003904847870086465
2022-03-02,0.004581140215716894
2022-03-03,-0.0001521346645000088
2022-03-04,-0.0003209185675416518
2022-03-07,-0.007601338060771279
2022-03-08,-0.0037936509933061747
2022-03-09,0.004558856659627444
2022-03-10,-0.0012842527648930207
2022-03-11,-0.002473731466932438
2022-03-14,0.0003977023081224635
2022-03-15,0.005718683555791765
2022-03-16,0.003994521769708706
2022-03-17,0.0036736330378281433
2022-03-18,0.001497376282517597
2022-03-21,-0.00015534416878514138
2022-03-22,0.0019260689347601633
2022-03-23,-0.0033076386027800437
2022-03-24,0.003722425853659185
2022-03-25,0.0019280293837838497
2022-03-28,0.0015586648203422407
2022-03-29,0.0036079756479580213
2022-03-30,-0.00010194956525077853
2022-03-31,-0.003379699550618211
2022-04-01,0.0016597622841086808
2022-04-04,0.00027458730869134524
2022-04-05,-0.0017502587336178427
2022-04-06,0.001847945455623538
2022-04-07,0.002424196665918595
2022-04-08,0.0011132460239999219
2022-04-11,-0.003459999948544172
2022-04-12,-0.001010054687739009
2022-04-13,0.002688913005878611
2022-04-14,-0.0008948050290833056
2022-04-18,-0.0018187192692232983
2022-04-19,0.00415102032678424
2022-04-20,0.002173599823652424
2022-04-21,-0.0025065170397658115
2022-04-22,-0.007800344806109574
2022-04-25,0.0016521207646724297
2022-04-26,-0.005870656912172405
2022-04-27,-0.00049522401115103
2022-04-28,0.003856358546460407
2022-04-29,-0.009312846344427394
2022-05-02,-0.000485634545194921
2022-05-03,0.0009994136242716298
2022-05-04,0.006823762627100592
2022-05-05,-0.006592698509910438
2022-05-06,-0.0013471948767865916
2022-05-09,-0.00573450278908443
2022-05-10,-0.00012245241205075403
2022-05-11,-0.00249654971469009
2022-05-12,0.0018530941576912297
2022-05-13,0.00402573987344115
2022-05-16,0.0006386766436692644
2022-05-17,0.0026973982237398983
2022-05-18,-0.009523057712520176
2022-05-19,-0.0013018975569374616
2022-05-20,0.0006353983748071719
2022-05-23,0.0039392725254251025
2022-05-24,0.0006136598579468456
2022-05-25,0.001592091312413295
2022-05-26,0.002467721782717448
2022-05-27,0.004228332301627187
2022-05-31,-0.002311288182675119
2022-06-01,-0.002552359960917589
2022-06-02,0.0022986265023076866
2022-06-03,-0.0023311488325697327
2022-06-06,0.00015171085142333683
2022-06-07,0.002671485970337304
2022-06-08,-0.002410375033846529
2022-06-09,-0.004834570861512443
2022-06-10,-0.004643534157799421
2022-06-13,-0.0068743638125968835
2022-06-14,-0.0021378516671631594
2022-06-15,0.0016828346952121997
2022-06-16,-0.005037540912073658
2022-06-17,0.0007120824929789069
2022-06-21,0.00597017281664487
2022-06-22,0.0009857070570481084
2022-06-23,0.0022741683024986837
2022-06-24,0.00522937979775152
2022-06-27,-0.0003769285667947784
2022-06-28,-0.0035789033260956024
2022-06-29,0.000273066996832003
2022-06-30,-0.0007468453630485771
2022-07-01,0.0027265275483147723
2022-07-05,-0.001462454822721997
2022-07-06,-0.000162330225815923
2022-07-07,0.00189382710056743
2022-07-08,-0.0002484067044693796
2022-07-11,-0.00129644037519259
2022-07-12,-0.0011860681256628766
2022-07-13,-0.0008734012579268099
2022-07-14,-0.0011878717159808216
2022-07-15,0.0032394243858927998
2022-07-18,-0.002502959700980403
2022-07-19,0.003943590230997362
2022-07-20,-0.00039440243867056653
2022-07-21,0.0004910784945225518
2022-07-22,-0.0007060532117877814
2022-07-25,0.0008705227418298222
2022-07-26,-0.0008625535717464174
2022-07-27,0.0031374938350501327
2022-07-28,0.002430802206916353
2022-07-29,0.0007057011320788851
2022-08-01,0.00048612978955433784
2022-08-02,-0.0011128590363848692
2022-08-03,0.0031986350983136467
2022-08-04,-0.0008910343592044221
2022-08-05,9.544834076928387e-05
2022-08-08,0.00025849385794896615
2022-08-09,-0.0001585636473059543
2022-08-10,0.0035891688425807593
2022-08-11,-0.00034736299757375823
2022-08-12,0.0030994119610009375
2022-08-15,0.0012243152346127157
2022-08-16,0.0009492845230994562
2022-08-17,-0.0015556716827203401
2022-08-18,-4.886480404916359e-05
2022-08-19,-0.001460579675759546
2022-08-22,-0.0041989644910052516
2022-08-23,-0.0010809038481587162
2022-08-24,0.0004223622915284281
2022-08-25,0.0022647128362554506
2022-08-26,-0.0069042627470262555
2022-08-29,-0.0016133314595252136
2022-08-30,-0.002312579242105188
2022-08-31,-0.0013246776849286746
2022-09-01,0.0019356264712462633
2022-09-02,-0.003299907976290226
2022-09-06,-0.0008332688199300488
2022-09-07,0.0043985863875946425
2022-09-08,0.0019249086782988285
2022-09-09,0.0025756448692735535
2022-09-12,0.0019719247580814664
2022-09-13,-0.009982597941204853
2022-09-14,0.00034096305812974246
2022-09-15,-0.0013006572437042885
2022-09-16,-0.0002138099952330505
2022-09-19,0.0006172557257111398
2022-09-20,-0.002430348933477506
2022-09-21,-0.003691980831390184
2022-09-22,-0.0009991163016643393
2022-09-23,-0.0034565078194188593
2022-09-26,-0.002658340530050283
2022-09-27,-0.001202248973199504
2022-09-28,0.005313924363189124
2022-09-29,-0.0034014899601770114
2022-09-30,-0.004371224784703551
2022-10-03,0.006146327809755341
2022-10-04,0.005763357256034992
2022-10-05,-0.00028616610679557447
2022-10-06,-0.003382867747543158
2022-10-07,-0.005406961599046216
2022-10-10,-0.0007670793037805721
2022-10-11,0.00027087145388143385
2022-10-12,-0.0004635829791445786
2022-10-13,0.006580842821595928
2022-10-14,-0.004588865181667685
2022-10-17,0.004806893029762156
2022-10-18,0.0035151494430548263
2022-10-19,-0.002100431736475742
2022-10-20,-0.0012502323804334727
2022-10-21,0.005710208166038773
2022-10-24,0.0043420820123467735
2022-10-25,0.0033389418807346434
2022-10-26,0.001517962828046558
2022-10-27,0.0013112634960837323
2022-10-28,0.00647830557546086
2022-10-31,-0.0018246783773766123
2022-11-01,3.4650225007730955e-05
2022-11-02,-0.004234535272123901
2022-11-03,-0.0010389707197929515
2022-11-04,0.001975613525401949
2022-11-07,0.0023496575909599453
2022-11-08,0.001253007646622215
2022-11-09,-0.004002541077468202
2022-11-10,0.008083066255734262
2022-11-11,-0.0013165562875061105
2022-11-14,-0.0009247465374943559
2022-11-15,0.001555130941650892
2022-11-16,-0.0010726399560857245
2022-11-17,0.00010945176392327836
2022-11-18,0.0021162587709422282
2022-11-21,9.49268131407294e-05
2022-11-22,0.0022128133162867742
2022-11-23,0.0010168063581393167
2022-11-25,0.0005381362012493358
2022-11-28,-0.002887313066245666
2022-11-29,-7.575969429923977e-05
2022-11-30,0.0058830227211852425
2022-12-01,-0.000729909525578727
2022-12-02,7.568208026428956e-05
2022-12-05,-0.003305020627374195
2022-12-06,-0.002594814637048513
2022-12-07,0.00047206585190001963
2022-12-08,0.0013685978616562742
2022-12-09,-0.002163278463428406
2022-12-12,0.0028468863558340895
2022-12-13,-8.43172885231537e-05
2022-12-14,-0.0004812147710158757
2022-12-15,-0.004435336000667136
2022-12-16,-0.0023060406457116227
2022-12-19,-0.0008135034125166574
2022-12-20,0.0003316161178365404
2022-12-21,0.0029777042574206805
2022-12-22,-0.0018580351487965752
2022-12-23,0.001141279749874929
2022-12-27,-2.0709227966568197e-05
2022-12-28,-0.002249402206018651
2022-12-29,0.0020707668014335167
2022-12-30,-0.00048255628161395853
2023-01-03,-0.0005627188178360209
2023-01-04,0.0011352721568871787
2023-01-05,-0.0021743268010965787
2023-01-06,0.005320703791213047
2023-01-09,-0.0033932638963714463
2023-01-10,0.0011540838343520078
2023-01-11,0.0015630887173049605
2023-01-12,2.98243125517009e-05
2023-01-13,0.0007493501072658767
2023-01-17,-0.0006096242299498257
2023-01-18,-0.004880674252331808
2023-01-19,-0.0015142283413706135
2023-01-20,0.0027240409919341135
2023-01-23,0.0016312993812895062
2023-01-24,0.0005409463624776837
2023-01-25,0.001016106194620276
2023-01-26,0.001177371825058618
2023-01-27,-0.0014359320988565592
2023-01-30,-0.0019371164100906429
2023-01-31,0.003540891880425264
2023-02-01,0.0012244572129743274
2023-02-02,-0.0009459649722520585
2023-02-03,-0.0015698874481490327
2023-02-06,-7.575412198718384e-05
2023-02-07,0.0012812316301008362
2023-02-08,-0.0019291625772758178
2023-02-09,-0.0013349606333388445
2023-02-10,0.0020902904939269604
2023-02-13,0.00324508496265779
2023-02-14,-0.0010175391373710794
2023-02-15,-0.00024161395852919618
2023-02-16,-0.0035087313115272677
2023-02-17,0.0019588625058297
2023-02-21,-0.003820986718535983
2023-02-22,-0.0007411701143416117
2023-02-23,0.0001296034051166003
2023-02-24,-0.0023141360861686543
2023-02-27,0.000654552165076197
2023-02-28,-0.0019811023628886234
2023-03-01,-0.0007641676758517266
2023-03-02,0.0019358347127934822
2023-03-03,0.0031637397400315565
2023-03-06,0.000927571288685842
2023-03-07,-0.005435440488373384
2023-03-08,-0.0006202791270286448
2023-03-09,-0.006133827241420146
2023-03-10,-0.0021927004514622913
2023-03-13,-0.0005023040925581531
2023-03-14,0.0036845853271455682
2023-03-15,-0.0020481010105705957
2023-03-16,0.0034453536087501175
2023-03-17,-0.004112129564698588
2023-03-20,0.004290728927049513
2023-03-21,0.0026573796928195783
2023-03-22,-0.005342920323709928
2023-03-23,-0.00044194315972076985
2023-03-24,0.0025102206226922286
2023-03-27,0.001853770833305794
2023-03-28,0.00022490773008302395
2023-03-29,0.0035251467919355742
2023-03-30,0.0011905097048529084
2023-03-31,0.0034743804167801737
2023-04-03,0.002748698881073703
2023-04-04,-0.001671171654280142
2023-04-05,0.00172841551522384
2023-04-06,3.3097765474723326e-05
2023-04-10,0.0005944864710296701
2023-04-11,0.00020063654334479667
2023-04-12,-0.001389649446636494
2023-04-13,0.003377507702702745
2023-04-14,-0.0007014399288873872
2023-04-17,0.0011709940773697537
2023-04-18,2.906612868191244e-05
2023-04-19,-0.0005540300286565478
2023-04-20,-0.0017658470224868677
2023-04-21,-0.00017514358679588377
2023-04-24,0.00046965195574339547
2023-04-25,-0.002932225143116803
2023-04-26,-0.0028658576830862
2023-04-27,0.0036620312054534304
2023-04-28,0.0021667063669482058
2023-05-01,0.0003287129511979393
2023-05-02,-0.004270201703775357
2023-05-03,-0.0036143967816513693
2023-05-04,-0.0022570324848823174
2023-05-05,0.005369530542891696
2023-05-08,0.0006885572325177154
2023-05-09,-0.0007816740077509713
2023-05-10,9.590548469861509e-06
2023-05-11,-0.0012134569772389084
2023-05-12,0.0004293993185654035
2023-05-15,0.0010788124818872935
2023-05-16,-0.003420795407320887
2023-05-17,0.0036947927694782365
2023-05-18,0.0015269174213830923
2023-05-19,-0.0005268362123427975
2023-05-22,-0.0012028809648437042
2023-05-23,-0.0033451048168864263
2023-05-24,-0.0033622962010843704
2023-05-25,-0.00167599971844986
2023-05-26,0.0035670786173870677
2023-05-30,-0.0020146443368613074
2023-05-31,-0.000772833778192897
2023-06-01,0.0005852119329905523
2023-06-02,0.006173749398240732
2023-06-05,-0.0009280237691016955
2023-06-06,-4.8872703089788906e-05
2023-06-07,-0.0005798741687533871
2023-06-08,0.002382669417705355
2023-06-09,0.0004244449711739591
2023-06-12,0.0021243127803582977
2023-06-13,0.002078734097501043
2023-06-14,-0.00024132392679114615
2023-06-15,0.005421355883475386
2023-06-16,-0.0003396608402421455
2023-06-20,-0.00273433370219064
2023-06-21,-0.00014698400553576668
2023-06-22,0.0003389010215364861
2023-06-23,-0.002838374523859115
2023-06-26,-0.00040364247052032085
2023-06-27,0.0027000732022988707
2023-06-28,-0.0006468785250080529
2023-06-29,0.0023088072371671826
2023-06-30,0.004174290369489886
2023-07-03,0.0007575622935097609
2023-07-05,-0.0009129039152308176
2023-07-06,-0.004481975422817214
2023-07-07,-0.0031158515838819803
2023-07-10,0.0037377559310444028
2023-07-11,0.001996509525184336
2023-07-12,0.0016892873737128368
2023-07-13,0.0029228832190737533
2023-07-14,-0.0005621861637511907
2023-07-17,0.0007313473520907885
2023-07-18,0.001868721476124965
2023-07-19,0.0017910723047344919
2023-07-20,0.0021706700032481
2023-07-21,0.0012741471665360356
2023-07-24,0.0009311444604022393
2023-07-25,-3.5433608080258155e-05
2023-07-26,-0.00039693801136459644
2023-07-27,-0.004525472990046498
2023-07-28,0.003948417562384447
2023-07-31,0.00040068758112717594
2023-08-01,-0.0010724926356410727
2023-08-02,-0.003962777557342247
2023-08-03,-0.0006218636971286658
2023-08-04,-0.004575439861326476
2023-08-07,0.004555825565238579
2023-08-08,-0.0026943152297401215
2023-08-09,-0.0018487654834279383
2023-08-10,0.00018038003877614023
2023-08-11,7.645899748516603e-06
2023-08-14,0.0004499388763258685
2023-08-15,-0.005099018485938797
2023-08-16,-0.0022000283891399626
2023-08-17,-0.002942168300341303
2023-08-18,0.0009215805031789367
2023-08-21,0.0007983043194515855
2023-08-22,-0.001163013776830248
2023-08-23,0.004106667323949806
2023-08-24,-0.005464799838846743
2023-08-25,0.003688447644001225
2023-08-28,0.0023136016080109656
2023-08-29,0.004511713700067831
2023-08-30,0.0020018288556614187
2023-08-31,-0.001289180593465409
2023-09-01,0.0008339680117256317
2023-09-05,-0.003986417941607212
2023-09-06,-0.001878713540395937
2023-09-07,0.0004367423558775227
2023-09-08,0.0003061641037948925
2023-09-11,0.002758825093927399
2023-09-12,-0.002236322562656598
2023-09-13,-5.8323920908447905e-05
2023-09-14,0.0034494976907499643
2023-09-15,-0.005647601233357818
2023-09-18,-0.00024691574555104126
2023-09-19,-0.001598136721541105
2023-09-20,-0.0025771472159152185
2023-09-21,-0.008369478386604774
2023-09-22,-0.0011827707145963232
2023-09-25,6.974617175304736e-05
2023-09-26,-0.005661420663173157
2023-09-27,-0.0007253298979416048
2023-09-28,0.0032260030197726304
2023-09-29,-0.0025300373083309196
2023-10-02,-0.0018334952413382258
2023-10-03,-0.006514396824820914
2023-10-04,0.0026950694329036877
2023-10-05,-0.003631896226217691
2023-10-06,0.0030347744378198477
2023-10-09,0.002357665332835275
2023-10-10,0.004072323055554938
2023-10-11,-0.0005708597355949193
2023-10-12,-0.004251337007267048
2023-10-13,-0.0005038784598972892
2023-10-16,0.005156648234972169
2023-10-17,0.0015288715739029154
2023-10-18,-0.00456985883415934
2023-10-19,-0.003713188333671768
2023-10-20,-0.00441886857652041
2023-10-23,-0.0018260233512450742
2023-10-24,0.0043128894819814256
2023-10-25,-0.0039038660806578404
2023-10-26,-0.0044631778068505365
2023-10-27,-0.005301304761825575
2023-10-30,0.005584257025359216
2023-10-31,0.004313301830385266
2023-11-01,0.001994402660092838
2023-11-02,0.009933921848104344
2023-11-03,0.003064823873056178
2023-11-06,0.0004582777785883856
2023-11-07,0.00018361291186804428
2023-11-08,-0.0010731733351274746
2023-11-09,-0.00411727569776028
2023-11-10,0.005655883128127653
2023-11-13,-0.00012462524320298646
2023-11-14,0.007303174720067239
2023-11-15,0.0008853014487058536
2023-11-16,-0.002347076501021401
2023-11-17,0.0009926027488126085
2023-11-20,0.002973530564078427
2023-11-21,-0.0006714392326323976
2023-11-22,0.0019618103762996802
2023-11-24,0.0013646796739407207
2023-11-27,-0.0013471087258013388
2023-11-28,0.00032595416105700247
2023-11-29,0.0007589528693162057
2023-11-30,0.004202394451214681
2023-12-01,0.00348333929168205
2023-12-04,-0.0011204723308123588
2023-12-05,-0.001484473110890087
2023-12-06,-0.0008583695564415733
2023-12-07,0.0012811625242389725
2023-12-08,0.0005362440760915357
2023-12-11,0.004270142517648831
2023-12-12,0.0026320561523795723
2023-12-13,0.004669876210934186
2023-12-14,-0.0011615246005589577
2023-12-15,-0.0008742430966318985
2023-12-18,0.002111774894783874
2023-12-19,0.001963617023603251
2023-12-20,-0.0069194107507027924
2023-12-21,0.00430700184081848
2023-12-22,0.0013532590940703514
2023-12-26,0.0020749373561036056
2023-12-27,0.0015526858581718333
2023-12-28,0.000596213626744225
2023-12-29,-0.0002978533870874032
2024-01-02,0.0013860576578234747
2024-01-03,-0.0027578812498337646
2024-01-04,0.00028361891062438815
2024-01-05,-0.00040999251807897477
2024-01-08,0.0037427579409978623
2024-01-09,-0.0005678561796541141
2024-01-10,0.0014001945780669231
2024-01-11,-0.0002514394015579845
2024-01-12,-4.689737622329623e-05
2024-01-16,-0.0018656749191034978
2024-01-17,-0.0014448914061098977
2024-01-18,0.0023453449193688177
2024-01-19,0.004492076280097527
2024-01-22,0.0016622240737130128
2024-01-23,0.0014891654881926356
2024-01-24,-0.0013965252122283183
2024-01-25,0.0028260804402609457
2024-01-26,-0.0004602493530319401
2024-01-29,0.0026984596725405517
2024-01-30,0.0010158146434472767
2024-01-31,-0.004161059777380912
2024-02-01,0.005285787823752882
2024-02-02,0.0003799014971261549
2024-02-05,-0.002711733494281356
2024-02-06,0.0020341426986485635
2024-02-07,0.003426977113350227
2024-02-08,-0.0006533295720625335
2024-02-09,0.00039238462680627904
2024-02-12,0.0012031283486952063
2024-02-13,-0.0052065748293639155
2024-02-14,0.003227731610892568
2024-02-15,0.004639667842128435
2024-02-16,-0.0016664998814165065
2024-02-20,-0.0009423023123471745
2024-02-21,0.001189627615363197
2024-02-22,0.00711638786696038
2024-02-23,0.0011549194085254768
2024-02-26,-0.0014787092094719798
2024-02-27,0.0002900794000799989
2024-02-28,-0.00034525736543460794
2024-02-29,0.0006765103219405125
2024-03-01,0.0018026009752159678
2024-03-04,0.0005593464223359935
2024-03-05,-0.002408985683245111
2024-03-06,0.0029380404817595726
2024-03-07,0.0008792955085191046
2024-03-08,-0.0005430096263153166
2024-03-11,0.001552545996564967
2024-03-12,0.002684689859807486
2024-03-13,0.000403690741420814
2024-03-14,-0.002616228242635291
2024-03-15,-0.0031525965447231816
2024-03-18,0.0011519008261875318
2024-03-19,0.0019612747432537175
2024-03-20,0.0034416367494739925
2024-03-21,0.0018825018221385204
2024-03-22,-0.0028916697072693762
2024-03-25,-0.0014822559918841434
2024-03-26,0.0002151177476786833
2024-03-27,0.005643776583267796
2024-03-28,0.0008589524456685693
2024-04-01,-0.002340871779912438
2024-04-02,-0.0034389606623189822
2024-04-03,-0.001605432388713447
2024-04-04,-0.005569429651114854
2024-04-05,0.0042197768095061945
2024-04-08,-0.0004216512000306417
2024-04-09,0.0009144654593355884
2024-04-10,-0.0053534632768343395
2024-04-11,0.00013452896462719482
2024-04-12,-0.007157694163813675
2024-04-15,-0.0033936571272563613
2024-04-16,-0.0003628781096416399
2024-04-17,-0.0009133335030271962
2024-04-18,0.0007790159111254344
2024-04-19,0.0015962827414958429
2024-04-22,0.0037421240676964746
2024-04-23,0.004245150469702854
2024-04-24,-0.0002726130455182157
2024-04-25,0.0005321918786836122
2024-04-26,-0.0002413408054176779
2024-04-29,0.0017306545720222307
2024-04-30,-0.005958663285163952
2024-05-01,-0.0011326904139371122
2024-05-02,0.0011089412493753205
2024-05-03,0.002371681563512993
2024-05-06,0.00271319498381376
2024-05-07,0.0019939850852384346
2024-05-08,-4.9631143705226965e-05
2024-05-09,0.003324426213908077
2024-05-10,0.00115072605787271
2024-05-13,2.064271983577437e-06
2024-05-14,-0.00012072539805000129
2024-05-15,0.0034800313430684232
2024-05-16,0.0005269149340378732
2024-05-17,0.0011448739778974599
2024-05-20,-0.0017732467335182583
2024-05-21,0.0004941239757541894
2024-05-22,0.0010497362323327298
2024-05-23,-0.005734246822799301
2024-05-24,0.0009173704228957475
2024-05-28,-0.003081237772882132
2024-05-29,-0.00399790824480898
2024-05-30,0.0012474654151411516
2024-05-31,0.0059277860981406215
2024-06-03,-0.0007925703529868705
2024-06-04,0.001781658772274553
2024-06-05,0.002080831055548761
2024-06-06,0.0005415053452778452
2024-06-07,-0.0003168553469042713
2024-06-10,0.00023346585840336854
2024-06-11,-0.0016211513894330751
2024-06-12,-0.0009985903634502585
2024-06-13,-0.0009543474921428862
2024-06-14,-0.0011608094308072645
2024-06-17,0.003634867352295564
2024-06-18,0.0017709200005588694
2024-06-20,0.0021121118586041113
2024-06-21,0.0001962107355843349
2024-06-24,0.0017840465870322636
2024-06-25,-0.0016885040913562214
2024-06-26,-0.00185067378374538
2024-06-27,-6.825785344020333e-05
2024-06-28,-0.0011401283112909704
2024-07-01,-0.0017017981567425226
2024-07-02,0.0025142996398200604
2024-07-03,6.941787196629485e-05
2024-07-05,0.0021784383036303145
2024-07-08,-0.0007009691399493785
2024-07-09,-0.0007945628342859198
2024-07-10,0.003331187150619615
2024-07-11,0.00019327901997434762
2024-07-12,0.003172269132084746
2024-07-15,-0.00020538212316904223
2024-07-16,0.00560827117349367
2024-07-17,-0.0007559545683990449
2024-07-18,-0.00563034766177893
2024-07-19,-0.0016544073192212916
2024-07-22,0.0030586014233059886
2024-07-23,6.539031499727048e-06
2024-07-24,-0.005148144532080057
2024-07-25,-0.0011188232529570868
2024-07-26,0.006128468750853256
2024-07-29,0.0005091635702749105
2024-07-30,-0.0002323896227909624
2024-07-31,0.0045125308728518245
2024-08-01,-0.0019148939659861517
2024-08-02,-0.005344492991397133
2024-08-05,-0.01292167105316308
2024-08-06,0.004254416631540617
2024-08-07,-0.002788206625709554
2024-08-08,0.010051597431235265
2024-08-09,0.0012733524459079997
2024-08-12,-0.00204145880069313
2024-08-13,0.006261937251427023
2024-08-14,0.0019470131542676274
2024-08-15,0.007488141243620558
2024-08-16,0.0013772761451224416
2024-08-19,0.0033731629271647624
2024-08-20,-0.0005724491732070415
2024-08-21,0.002734568330775025
2024-08-22,-0.0022960832316630416
2024-08-23,0.00388613544418698
2024-08-26,0.000517668284541692
2024-08-27,0.001679155640656788
2024-08-28,-0.0019495455421105776
2024-08-29,0.0017855265687221292
2024-08-30,0.004718924314047728
2024-09-03,-0.0068653027460372955
2024-09-04,0.0008148158560987417
2024-09-05,-0.0043980339319876875
2024-09-06,-0.004484951755079579
2024-09-09,0.005207196603507854
2024-09-10,0.0007652827397684901
2024-09-11,0.0005023067221180057
2024-09-12,0.0021827258524000025
2024-09-13,0.0018616926793770198
2024-09-16,0.0032156586836334187
2024-09-17,-0.0013725178892460901
2024-09-18,-0.0024203964426235585
2024-09-19,0.0028586776786158072
2024-09-20,-0.0001424176082143227
2024-09-23,0.0008125128311223225
2024-09-24,-0.0014738975594146607
2024-09-25,-0.0015419092629371956
2024-09-26,0.0020361327115581743
2024-09-27,0.0007135139690865373
2024-09-30,0.0008367957543581193
2024-10-01,-0.001436694150994677
2024-10-02,-0.0008240508754645659
2024-10-03,-0.00159350806327281
2024-10-04,0.002202276240636101
2024-10-07,-0.003595096640813319
2024-10-08,0.0034821460148584922
2024-10-09,0.0030724020650159042
2024-10-10,-0.0009469794379736605
2024-10-11,0.003943525056756893
2024-10-14,0.0031473368712455797
2024-10-15,-0.0009560284495144564
2024-10-16,0.0026467375830871295
2024-10-17,-0.001203587554597244
2024-10-18,0.002199672344033932
2024-10-21,-0.0028225246912510615
2024-10-22,-1.877320160533657e-05
2024-10-23,-0.0024996650566105373
2024-10-24,-0.0023554143644149393
2024-10-25,-0.00356133651230254
2024-10-28,0.0011124197452425726
2024-10-29,-0.001328602040928488
2024-10-30,-0.002304372431917133
2024-10-31,-0.004236806273426654
2024-11-01,0.001166295775348552
2024-11-04,-0.0011482491173880872
2024-11-05,0.004153929779948394
2024-11-06,0.005537580720365845
2024-11-07,0.0025116354005689135
2024-11-08,0.003070681210314744
2024-11-11,0.001597505785186004
2024-11-12,-0.003555902892644228
2024-11-13,-0.0006645377246511743
2024-11-14,-0.00307073182145051
2024-11-15,-0.003037425826103536
2024-11-18,0.002661646193818032
2024-11-19,-0.0010182747933709223
2024-11-20,-6.988924126138997e-05
2024-11-21,0.005153336307306387
2024-11-22,0.003479193412254872
2024-11-25,0.0023661251887778447
2024-11-26,0.0008315068951474902
2024-11-27,-8.474535708895465e-05
2024-11-29,0.0011504723247318814
2024-12-02,-0.000815302497700798
2024-12-03,-0.001877570245139098
2024-12-04,0.0006442672376943129
2024-12-05,-0.002236932375378745
2024-12-06,0.0007823380742363363
2024-12-09,-0.00413695871012883
2024-12-10,-0.0003045186787456731
2024-12-11,0.0002596073715693352
2024-12-12,-0.0019719711321152366
2024-12-13,-0.0012419874448010005
2024-12-16,-0.001294565895053139
2024-12-17,-0.0016540587009054404
2024-12-18,-0.011557254564634637
2024-12-19,-0.001452738828781888
2024-12-20,0.00462861601194973
2024-12-23,0.0011228769827674677
2024-12-24,0.004865094752364909
2024-12-26,0.0004413412711688668
2024-12-27,-0.0036753888196251203
2024-12-30,-0.0060260837655989625
2024-12-31,-0.00029418820073676924
2025-01-02,-0.0007222936225071658
2025-01-03,0.0032911399805119466
2025-01-06,-0.0011692459823949104
2025-01-07,-0.0014739410216381248
2025-01-08,0.002080458977710155
2025-01-10,-0.00623960781148882
2025-01-13,0.001266203267196613
2025-01-14,0.002858654591983978
2025-01-15,0.005271827160832713
2025-01-16,0.003202413119378086
2025-01-17,0.0032535016330227746
2025-01-21,0.004419428183689589
2025-01-22,-0.0005409034091506368
2025-01-23,0.0038187503266275606
2025-01-24,-0.0001515224294375625
2025-01-27,0.0019977651279316265
2025-01-28,-0.0020010198609050705
2025-01-29,0.0006926998057759667
2025-01-30,0.00540656398140553
2025-01-31,-0.0029629189139560117
2025-02-03,-0.00030180486643278297
2025-02-04,0.00048033116151899796
2025-02-05,0.003193267680825799
2025-02-06,0.000593130005237934
2025-02-07,-0.001954129346009554
2025-02-10,0.003168873227024066
2025-02-11,0.000985986079855819
2025-02-12,-0.000690029186573738
2025-02-13,0.003909477571162801
2025-02-14,-0.0015946013712781683
2025-02-18,0.0022629626230215635
2025-02-19,0.0015192083028514286
2025-02-20,-0.0023949877773394466
2025-02-21,-0.004025311986016336
2025-02-24,3.40873897367879e-05
2025-02-25,0.0009168821813959882
2025-02-26,-0.0017286612649014756
2025-02-27,-0.002228273719676431
2025-02-28,0.005378069441672068
2025-03-03,-0.002681906221325608
2025-03-04,-0.006403613468477539
2025-03-05,0.0036502545948745592
2025-03-06,-0.006712494378968205
2025-03-07,0.0009822783014641783
2025-03-10,-0.008412694502952102
2025-03-11,-0.006146814705924913
2025-03-12,-0.0006545815847745312
2025-03-13,-0.004197960271236035
2025-03-14,0.0061901239106914585
2025-03-17,0.004589518921425886
2025-03-18,-0.0024916720925835284
2025-03-19,0.0037998404096350937
2025-03-20,-0.0010723321445683253
2025-03-21,-0.0007562558915513587
2025-03-24,0.005943550426196379
2025-03-25,0.00017554509426866315
2025-03-26,-0.001285730840133903
2025-03-27,-0.0008752303242733719
2025-03-28,-0.006814566246936823
2025-03-31,0.004157945799108324
2025-04-01,-0.00012565361024013087
2025-04-02,0.0012305263323621996
2025-04-03,-0.012782063458077343
2025-04-04,-0.021440737133727385
2025-04-07,-0.00234260863999448
2025-04-08,-0.004023396157831007
2025-04-09,0.024499929850528554
2025-04-10,-0.009885480361428832
2025-04-11,0.004805789214191416
2025-04-14,0.003009336357602446
2025-04-15,-0.0008817215045010721
2025-04-16,-0.004649346781797385
2025-04-17,0.0015832976993331764
2025-04-21,-0.007224990091194854
2025-04-22,0.006900010664796133
2025-04-23,0.0033939315203499573
2025-04-24,0.004496818862913409
2025-04-25,0.000727763946905976
2025-04-28,0.0009189933568433185
2025-04-29,0.003346480714667216
2025-04-30,0.0012575231054146067
2025-05-01,-0.0008501482595350485
2025-05-02,0.0036973105632851196
2025-05-05,-0.0013563537780366597
2025-05-06,-0.0019091356511760525
2025-05-07,0.0007445625608650403
2025-05-08,-0.0001424595413878787
2025-05-09,-0.00045442342211403456
2025-05-12,0.0034817146834828405
2025-05-13,-0.0010855116053384993
2025-05-14,-0.0013127003031824806
2025-05-15,0.0036206793583253376
2025-05-16,0.0018072459344964042
2025-05-19,0.0006846754166071177
2025-05-20,-0.0003245627667001512
2025-05-21,-0.00314453001259859
2025-05-22,-0.0009817268186675138
2025-05-23,-0.000339163025787922
2025-05-27,0.0029443289494528006
2025-05-28,-0.0014645472371385213
2025-05-29,0.0006277769807642558
2025-05-30,0.0007216035827056086
2025-06-02,0.00041088596409610795
2025-06-03,0.0004085244207798905
2025-06-04,-0.0004040593617160857
2025-06-05,-0.0006044818797852486
2025-06-06,0.0011221038715881946
2025-06-09,-0.0007884406051997175
2025-06-10,0.0005287573586916681
2025-06-11,-0.0007209416371373366
2025-06-12,0.00127748304124949
2025-06-13,-0.0017090649391744036
2025-06-16,0.00014714084757001355
2025-06-17,-0.0017121969177895388
2025-06-18,-0.0003449923560285454
2025-06-20,0.00021348848437643085
2025-06-23,0.0014266143696811278
2025-06-24,0.0014708284215710996
2025-06-25,-0.0015678775747418492
2025-06-26,0.0011863296632105727
2025-06-27,0.0010271067444627404
