date,mean_abs_corr_raw
2015-03-31,0.3750547420362347
2015-04-01,0.3766356099060227
2015-04-02,0.36658781616757685
2015-04-06,0.3636634541546524
2015-04-07,0.3631960592062997
2015-04-08,0.3484086734338974
2015-04-09,0.34756297726531216
2015-04-10,0.3434725139715066
2015-04-13,0.33845805918105365
2015-04-14,0.3385801014795435
2015-04-15,0.3330498125690562
2015-04-16,0.3275378404487318
2015-04-17,0.32675765244475946
2015-04-20,0.33907939467702874
2015-04-21,0.3348198687466906
2015-04-22,0.3347077148579038
2015-04-23,0.33448982731789495
2015-04-24,0.3232877034516385
2015-04-27,0.3172100147062785
2015-04-28,0.31582092207373935
2015-04-29,0.3118635166226534
2015-04-30,0.3062605401250632
2015-05-01,0.3046965354804221
2015-05-04,0.31004239480453444
2015-05-05,0.30627092373033016
2015-05-06,0.3182119176773477
2015-05-07,0.31877309215898086
2015-05-08,0.3120623893810913
2015-05-11,0.31719289866563866
2015-05-12,0.3165025274059825
2015-05-13,0.3161799494441995
2015-05-14,0.3173161022216086
2015-05-15,0.32540049053505576
2015-05-18,0.32922600231318383
2015-05-19,0.3290042833272381
2015-05-20,0.3267875765165179
2015-05-21,0.3283739603467192
2015-05-22,0.33022371076272306
2015-05-26,0.33311066687043034
2015-05-27,0.33811550191750456
2015-05-28,0.34200858173215753
2015-05-29,0.338855710850878
2015-06-01,0.3389787071406556
2015-06-02,0.34170431795388784
2015-06-03,0.33096884434129326
2015-06-04,0.33084596178570785
2015-06-05,0.3161550212784577
2015-06-08,0.3163571046737987
2015-06-09,0.32207237856038
2015-06-10,0.3212429137080238
2015-06-11,0.321405378947314
2015-06-12,0.32168803111551275
2015-06-15,0.32247753744131646
2015-06-16,0.3266244094994661
2015-06-17,0.3260857745262859
2015-06-18,0.32477280009868215
2015-06-19,0.32667428279473065
2015-06-22,0.2930568997763685
2015-06-23,0.29874178310331007
2015-06-24,0.3002287531027965
2015-06-25,0.29977406378000276
2015-06-26,0.2941970282447167
2015-06-29,0.29500100215058284
2015-06-30,0.3301586139110094
2015-07-01,0.32767092653536906
2015-07-02,0.3301556025118851
2015-07-06,0.32907619719644216
2015-07-07,0.33135165544935163
2015-07-08,0.3282447252728246
2015-07-09,0.3459475289875895
2015-07-10,0.3473894403709009
2015-07-13,0.35877217511222564
2015-07-14,0.3713024299054341
2015-07-15,0.3616004084681
2015-07-16,0.35612435843455964
2015-07-17,0.3590996926726971
2015-07-20,0.34580268458937147
2015-07-21,0.350397837922306
2015-07-22,0.3604788911126269
2015-07-23,0.35655655586017687
2015-07-24,0.3532312839785861
2015-07-27,0.35267370482589916
2015-07-28,0.3486467730176038
2015-07-29,0.35404170502082494
2015-07-30,0.3550332167695051
2015-07-31,0.33873341014110364
2015-08-03,0.333702672168852
2015-08-04,0.33148666091511614
2015-08-05,0.3248345494125534
2015-08-06,0.3303235547950795
2015-08-07,0.3351594832867531
2015-08-10,0.33049553383355357
2015-08-11,0.3275267974593074
2015-08-12,0.3343338333651994
2015-08-13,0.3310388172437529
2015-08-14,0.33272474815320324
2015-08-17,0.3342415418961861
2015-08-18,0.33518658434563886
2015-08-19,0.337311753059197
2015-08-20,0.335747129933485
2015-08-21,0.3588151096480873
2015-08-24,0.3903170990289679
2015-08-25,0.4404158532401776
2015-08-26,0.4384678733222516
2015-08-27,0.49931452297099804
2015-08-28,0.5155267021119166
2015-08-31,0.5126424189389387
2015-09-01,0.514479889360165
2015-09-02,0.5358119409427298
2015-09-03,0.5435945157273934
2015-09-04,0.5376959023530682
2015-09-08,0.54160089850651
2015-09-09,0.5566701272514706
2015-09-10,0.559014782740805
2015-09-11,0.556079111315053
2015-09-14,0.5501319775142154
2015-09-15,0.5493005398287812
2015-09-16,0.5525062224891975
2015-09-17,0.5537332557593853
2015-09-18,0.550758459602852
2015-09-21,0.5505534797673577
2015-09-22,0.5493300783864508
2015-09-23,0.5528825765951647
2015-09-24,0.5435590656851157
2015-09-25,0.5411016139917492
2015-09-28,0.5353915370716331
2015-09-29,0.5416708955865619
2015-09-30,0.5394417505361414
2015-10-01,0.537149165277326
2015-10-02,0.5293530756518854
2015-10-05,0.5353348193802097
2015-10-06,0.5376435915463493
2015-10-07,0.5324980794937845
2015-10-08,0.5308660646959579
2015-10-09,0.5306346709403272
2015-10-12,0.5298134478490513
2015-10-13,0.5403812515024152
2015-10-14,0.5415795716163665
2015-10-15,0.5322145342538179
2015-10-16,0.5310654080322561
2015-10-19,0.5337104687784534
2015-10-20,0.5389464103490853
2015-10-21,0.5328009486101085
2015-10-22,0.5232184732210345
2015-10-23,0.5184760596226028
2015-10-26,0.5169672977593824
2015-10-27,0.5154114766407397
2015-10-28,0.5103735905765024
2015-10-29,0.5110472919567897
2015-10-30,0.5093499106760713
2015-11-02,0.5058859779727436
2015-11-03,0.50976609376048
2015-11-04,0.5091202993852352
2015-11-05,0.5075081043030323
2015-11-06,0.5004826548324817
2015-11-09,0.49371354782015303
2015-11-10,0.49466854340600086
2015-11-11,0.49293501026631276
2015-11-12,0.49245026473023
2015-11-13,0.49392381942719543
2015-11-16,0.484072412898533
2015-11-17,0.477490909421507
2015-11-18,0.4462717451585033
2015-11-19,0.447435926460955
2015-11-20,0.40732465084162617
2015-11-23,0.39074899498060084
2015-11-24,0.3912056733836316
2015-11-25,0.3880538077825182
2015-11-27,0.3568610569545647
2015-11-30,0.34853504224706366
2015-12-01,0.34903023767173313
2015-12-02,0.3433189132612134
2015-12-03,0.32172990355950726
2015-12-04,0.31737044742107906
2015-12-07,0.32855939467116385
2015-12-08,0.33203378730113514
2015-12-09,0.33071739907234426
2015-12-10,0.33050551265465455
2015-12-11,0.3248077676892698
2015-12-14,0.3355754914928586
2015-12-15,0.3260773969976373
2015-12-16,0.3288230724440945
2015-12-17,0.3268512765875258
2015-12-18,0.3306942612490526
2015-12-21,0.34225767545771085
2015-12-22,0.3481427061403834
2015-12-23,0.3318733539741357
2015-12-24,0.33515217571800965
2015-12-28,0.32364475251226216
2015-12-29,0.3260016701402708
2015-12-30,0.3257673029424109
2015-12-31,0.31793275675347005
2016-01-04,0.32709986143775654
2016-01-05,0.3381593660590197
2016-01-06,0.3383655133637625
2016-01-07,0.34555577300074514
2016-01-08,0.3701073729306552
2016-01-11,0.3759489052548529
2016-01-12,0.37977979854869015
2016-01-13,0.38354716898771585
2016-01-14,0.40468819659919025
2016-01-15,0.4107631263815923
2016-01-19,0.43053385345853556
2016-01-20,0.43809165989914645
2016-01-21,0.4288461623062036
2016-01-22,0.427083685156136
2016-01-25,0.43951094499116217
2016-01-26,0.44999137828423796
2016-01-27,0.44632494231493525
2016-01-28,0.44652157703201556
2016-01-29,0.4275736927667845
2016-02-01,0.4426418242729459
2016-02-02,0.44172694120318984
2016-02-03,0.45376307650459097
2016-02-04,0.4492411699121427
2016-02-05,0.452432516534973
2016-02-08,0.4523375385819494
2016-02-09,0.45080049881248285
2016-02-10,0.44903786198104734
2016-02-11,0.44287117381099866
2016-02-12,0.4338989024212003
2016-02-16,0.4321171071743444
2016-02-17,0.4427395429790802
2016-02-18,0.4489177517750255
2016-02-19,0.4463661014605285
2016-02-22,0.44440152323733184
2016-02-23,0.44975384596163437
2016-02-24,0.4534655477500128
2016-02-25,0.45383411419455316
2016-02-26,0.45490658811883516
2016-02-29,0.4524915522549352
2016-03-01,0.4493440186596367
2016-03-02,0.4614206438331723
2016-03-03,0.46253087677623034
2016-03-04,0.4529771980104656
2016-03-07,0.45181921952794946
2016-03-08,0.45161586008255755
2016-03-09,0.44983976590109553
2016-03-10,0.4522682602022927
2016-03-11,0.44887791121289305
2016-03-14,0.4570196345190823
2016-03-15,0.4558100940150737
2016-03-16,0.4508504937141966
2016-03-17,0.45057170886583575
2016-03-18,0.4448652917696405
2016-03-21,0.44158357923247477
2016-03-22,0.4403012825555247
2016-03-23,0.4377466861318557
2016-03-24,0.43735986556137235
2016-03-28,0.4358010012982113
2016-03-29,0.4322014145154083
2016-03-30,0.4334452475037909
2016-03-31,0.43014866705963883
2016-04-01,0.42369146028834437
2016-04-04,0.4246134232274112
2016-04-05,0.42358942417297746
2016-04-06,0.40677417265068866
2016-04-07,0.40268688850841744
2016-04-08,0.41054514667941483
2016-04-11,0.4129171546687414
2016-04-12,0.39489077127022426
2016-04-13,0.3926203377985761
2016-04-14,0.37818734038854035
2016-04-15,0.37921625900219685
2016-04-18,0.38097848222962644
2016-04-19,0.3852066705329071
2016-04-20,0.3758236687593083
2016-04-21,0.36769569535404534
2016-04-22,0.36724147200457746
2016-04-25,0.35789235790496665
2016-04-26,0.3726595025156219
2016-04-27,0.3492290892624696
2016-04-28,0.34796263679784983
2016-04-29,0.3307083932851803
2016-05-02,0.3348264819253733
2016-05-03,0.33920755878798936
2016-05-04,0.32825000927432646
2016-05-05,0.3280243176812952
2016-05-06,0.3304800728916445
2016-05-09,0.33395054311884775
2016-05-10,0.339594250323139
2016-05-11,0.3378202872155123
2016-05-12,0.32743439702915106
2016-05-13,0.30969570599343754
2016-05-16,0.31120650184337084
2016-05-17,0.31927007250118933
2016-05-18,0.3161487792643759
2016-05-19,0.3074866852648027
2016-05-20,0.30485143143885657
2016-05-23,0.2997344801986977
2016-05-24,0.30259738084023463
2016-05-25,0.3120927734099694
2016-05-26,0.28494620844769
2016-05-27,0.28520245943028216
2016-05-31,0.2885787571101862
2016-06-01,0.28938757625199424
2016-06-02,0.29364937606335595
2016-06-03,0.2828540495591874
2016-06-06,0.2805373066904505
2016-06-07,0.2800886734848822
2016-06-08,0.26679820354424505
2016-06-09,0.2674480161317907
2016-06-10,0.2683999481844618
2016-06-13,0.27666447538735783
2016-06-14,0.2808253682357143
2016-06-15,0.27855508817873015
2016-06-16,0.2791104655777746
2016-06-17,0.2803136625181535
2016-06-20,0.2778133947338534
2016-06-21,0.284122348001102
2016-06-22,0.28405045653822075
2016-06-23,0.27724590079445666
2016-06-24,0.29116583228007503
2016-06-27,0.36853717168151023
2016-06-28,0.38451202380658733
2016-06-29,0.4004771380528373
2016-06-30,0.4150953769031886
2016-07-01,0.4103353215681109
2016-07-05,0.40204935297773525
2016-07-06,0.4032337512129611
2016-07-07,0.40403941910004854
2016-07-08,0.40239492829378626
2016-07-11,0.40996116743120525
2016-07-12,0.41323647668631425
2016-07-13,0.41838796042870646
2016-07-14,0.4186270159636989
2016-07-15,0.4265128994212228
2016-07-18,0.43159483900936774
2016-07-19,0.43669643614504183
2016-07-20,0.4402571222009697
2016-07-21,0.4375103218872446
2016-07-22,0.44338444299218077
2016-07-25,0.45101774183762355
2016-07-26,0.4495398599847815
2016-07-27,0.4490880125221203
2016-07-28,0.4439993488297808
2016-07-29,0.43526281250210996
2016-08-01,0.4269941233896413
2016-08-02,0.4252550690099888
2016-08-03,0.42711281404986046
2016-08-04,0.4264875843318927
2016-08-05,0.4219512602810249
2016-08-08,0.4216905492010357
2016-08-09,0.4227232793619589
2016-08-10,0.4275344054065147
2016-08-11,0.42036497034438836
2016-08-12,0.41741661919896067
2016-08-15,0.4198689912958759
2016-08-16,0.4258218790538338
2016-08-17,0.43030420378947837
2016-08-18,0.43025087001632345
2016-08-19,0.41950048953480995
2016-08-22,0.41617640479676904
2016-08-23,0.4179120478937817
2016-08-24,0.4198199392752812
2016-08-25,0.4236870750965153
2016-08-26,0.42304577148057976
2016-08-29,0.42901933170528667
2016-08-30,0.43306700713141816
2016-08-31,0.43557482116245305
2016-09-01,0.4369567093032657
2016-09-02,0.4334509554705742
2016-09-06,0.43330754123507287
2016-09-07,0.42491038732603187
2016-09-08,0.41914416820192063
2016-09-09,0.42123753366781425
2016-09-12,0.44987443853164616
2016-09-13,0.4585489677418627
2016-09-14,0.46880125350051266
2016-09-15,0.46720264533647904
2016-09-16,0.47244901158474845
2016-09-19,0.4708574585738756
2016-09-20,0.4606203401155731
2016-09-21,0.386324666936768
2016-09-22,0.3566738630765224
2016-09-23,0.33648200432265063
2016-09-26,0.31924773897232306
2016-09-27,0.32720396068053864
2016-09-28,0.33733033637587073
2016-09-29,0.33172053379128635
2016-09-30,0.33197053644986313
2016-10-03,0.3386625600687393
2016-10-04,0.31785737624443067
2016-10-05,0.3168381856668676
2016-10-06,0.3157146328952459
2016-10-07,0.31335055520001337
2016-10-10,0.3148962977252625
2016-10-11,0.31371121980949657
2016-10-12,0.3309792378124033
2016-10-13,0.33776001028255764
2016-10-14,0.34208538351648066
2016-10-17,0.3413053320022921
2016-10-18,0.3420910737792416
2016-10-19,0.3428882981931969
2016-10-20,0.3450712095758887
2016-10-21,0.3475062528029037
2016-10-24,0.3503329088508649
2016-10-25,0.36137487355031545
2016-10-26,0.3519605885812722
2016-10-27,0.344159433616594
2016-10-28,0.34100301336144595
2016-10-31,0.32815960832337654
2016-11-01,0.31843258756332987
2016-11-02,0.3207111843031555
2016-11-03,0.3220594773479311
2016-11-04,0.3235623676074277
2016-11-07,0.32196696751933346
2016-11-08,0.368156794444881
2016-11-09,0.36589533284991965
2016-11-10,0.3507023339227943
2016-11-11,0.3308397556800595
2016-11-14,0.3233475028817678
2016-11-15,0.31800901912680296
2016-11-16,0.3195247649511056
2016-11-17,0.3188015490999191
2016-11-18,0.3123427608285009
2016-11-21,0.3086558124927077
2016-11-22,0.3085131846204443
2016-11-23,0.3024324214021594
2016-11-25,0.2991391988672613
2016-11-28,0.29942537574177136
2016-11-29,0.3036142996448728
2016-11-30,0.3025552630810955
2016-12-01,0.3017262569215493
2016-12-02,0.3092767654115492
2016-12-05,0.3093068283843931
2016-12-06,0.28125375908461325
2016-12-07,0.27076018549711833
2016-12-08,0.273321633200064
2016-12-09,0.2708172912636249
2016-12-12,0.26101245226569425
2016-12-13,0.2616652866541926
2016-12-14,0.2637588348477855
2016-12-15,0.26511067404159505
2016-12-16,0.2617535914346671
2016-12-19,0.26131412231294576
2016-12-20,0.25979194427674845
2016-12-21,0.25677353085835647
2016-12-22,0.2529708630960601
2016-12-23,0.2519132597046871
2016-12-27,0.2526273626517687
2016-12-28,0.250531339867136
2016-12-29,0.2561740781054917
2016-12-30,0.25587375681938385
2017-01-03,0.25901120124256494
2017-01-04,0.2612652859950164
2017-01-05,0.26044732225339534
2017-01-06,0.2611829839506244
2017-01-09,0.24953784831557657
2017-01-10,0.24892319430504053
2017-01-11,0.24645394120254593
2017-01-12,0.24654947490761572
2017-01-13,0.24570623683682266
2017-01-17,0.24811430458779668
2017-01-18,0.25318132077264177
2017-01-19,0.2549957459745484
2017-01-20,0.25776566589791344
2017-01-23,0.2555058055495366
2017-01-24,0.25380081144592115
2017-01-25,0.25910189682963203
2017-01-26,0.26241342210234536
2017-01-27,0.26619183593457196
2017-01-30,0.2641304295433629
2017-01-31,0.26302319642906635
2017-02-01,0.2601738103246635
2017-02-02,0.25493915659517424
2017-02-03,0.2528115114885807
2017-02-06,0.23252327216238627
2017-02-07,0.23416963087532702
2017-02-08,0.23490980054657376
2017-02-09,0.22882507954838222
2017-02-10,0.23012977746490373
2017-02-13,0.23216446582292485
2017-02-14,0.23231933848469372
2017-02-15,0.23346983227284146
2017-02-16,0.23448520979655876
2017-02-17,0.23789059952263986
2017-02-21,0.23629616590266211
2017-02-22,0.2407323971813462
2017-02-23,0.24201456628572915
2017-02-24,0.2410289115399593
2017-02-27,0.23702418520932517
2017-02-28,0.23707281531256102
2017-03-01,0.23679140536657778
2017-03-02,0.23058127505766382
2017-03-03,0.23709358362831456
2017-03-06,0.23585332624129685
2017-03-07,0.23862882450761683
2017-03-08,0.21980917471190753
2017-03-09,0.22218437575000274
2017-03-10,0.22499310188101188
2017-03-13,0.22381142718305475
2017-03-14,0.2206367934033644
2017-03-15,0.2186770282858981
2017-03-16,0.22089449176398038
2017-03-17,0.2152725168247598
2017-03-20,0.21392190384675974
2017-03-21,0.2126853319129473
2017-03-22,0.23610993852736023
2017-03-23,0.23982336859311568
2017-03-24,0.23861736164281064
2017-03-27,0.23667983152932345
2017-03-28,0.22746366057980982
2017-03-29,0.22734007813071447
2017-03-30,0.22182243753329048
2017-03-31,0.21924082446105883
2017-04-03,0.22138878581918964
2017-04-04,0.22231940252618268
2017-04-05,0.2218418595750933
2017-04-06,0.22297545828477422
2017-04-07,0.22403408343554984
2017-04-10,0.22565656921351696
2017-04-11,0.22475520109050726
2017-04-12,0.22509525999195343
2017-04-13,0.2244649572658598
2017-04-17,0.22875278533384802
2017-04-18,0.23627270606704148
2017-04-19,0.23501430652838473
2017-04-20,0.23486470035679965
2017-04-21,0.23044887992091379
2017-04-24,0.22483720610122493
2017-04-25,0.24257413057705243
2017-04-26,0.2524193587281181
2017-04-27,0.24705263995521257
2017-04-28,0.24646306331168766
2017-05-01,0.2466701611265983
2017-05-02,0.24842751173935293
2017-05-03,0.24855794945056703
2017-05-04,0.24649621047366638
2017-05-05,0.24495622352159774
2017-05-08,0.24654003437326585
2017-05-09,0.24594418358728268
2017-05-10,0.24599515141968126
2017-05-11,0.24297783487992952
2017-05-12,0.24422034248600347
2017-05-15,0.24199911612779618
2017-05-16,0.24585238562578754
2017-05-17,0.24984027682668064
2017-05-18,0.30106166231926096
2017-05-19,0.29663786553059057
2017-05-22,0.3008449148353478
2017-05-23,0.30440591513420207
2017-05-24,0.3068956247749869
2017-05-25,0.30622336323188926
2017-05-26,0.29762622865462607
2017-05-30,0.29440208464104956
2017-05-31,0.29552117052088617
2017-06-01,0.29266627236610876
2017-06-02,0.2877934471020082
2017-06-05,0.28575269599931935
2017-06-06,0.28522035080495456
2017-06-07,0.2831214698110972
2017-06-08,0.28412369431085904
2017-06-09,0.280263265626256
2017-06-12,0.2785476350901461
2017-06-13,0.2815278025278678
2017-06-14,0.28569200400080375
2017-06-15,0.2857913912621812
2017-06-16,0.26760330759943335
2017-06-19,0.2638292798929865
2017-06-20,0.2700138474995981
2017-06-21,0.27457085862853586
2017-06-22,0.2733093780906429
2017-06-23,0.2644720331490799
2017-06-26,0.2633817578002322
2017-06-27,0.2637251590993579
2017-06-28,0.27049465874545886
2017-06-29,0.27804266352798707
2017-06-30,0.28628559900222783
2017-07-03,0.2853905806503589
2017-07-05,0.28471200190007123
2017-07-06,0.28532657189874727
2017-07-07,0.2889109278805303
2017-07-10,0.29229049702262183
2017-07-11,0.2890573532731563
2017-07-12,0.2853249220489264
2017-07-13,0.2848837014693301
2017-07-14,0.2860628825038107
2017-07-17,0.2886618678692383
2017-07-18,0.2854116758881615
2017-07-19,0.2809576070125837
2017-07-20,0.2736504802092443
2017-07-21,0.271559935671127
2017-07-24,0.2731353447811102
2017-07-25,0.275074837704252
2017-07-26,0.2735781624294611
2017-07-27,0.2669970731501582
2017-07-28,0.26947904376042514
2017-07-31,0.26699313341833525
2017-08-01,0.2680838187990851
2017-08-02,0.26882339610240064
2017-08-03,0.26649503810367564
2017-08-04,0.2661855726497718
2017-08-07,0.2652475023313894
2017-08-08,0.26452038471575073
2017-08-09,0.26555288855624565
2017-08-10,0.2616672887416179
2017-08-11,0.2770962955666468
2017-08-14,0.2531152795555343
2017-08-15,0.262789828865581
2017-08-16,0.26139388547573805
2017-08-17,0.2594833571274383
2017-08-18,0.2721120373952492
2017-08-21,0.27477189085316756
2017-08-22,0.2721036826211659
2017-08-23,0.2792399510080929
2017-08-24,0.27887560556503216
2017-08-25,0.2797357118873226
2017-08-28,0.2838794640582556
2017-08-29,0.2859323653639267
2017-08-30,0.287729036802891
2017-08-31,0.28939933836023424
2017-09-01,0.2860307511075109
2017-09-05,0.28410168324797413
2017-09-06,0.283885832525653
2017-09-07,0.28422849536413985
2017-09-08,0.27769962226651157
2017-09-11,0.2776878691812885
2017-09-12,0.2873999541529793
2017-09-13,0.2883435655152767
2017-09-14,0.28291322128706087
2017-09-15,0.2795181185376411
2017-09-18,0.2782475198326276
2017-09-19,0.280319157883257
2017-09-20,0.2796956513028226
2017-09-21,0.27660491519488534
2017-09-22,0.26583558951226843
2017-09-25,0.25690188903617783
2017-09-26,0.2537566253565997
2017-09-27,0.2532682574525295
2017-09-28,0.2578139474840291
2017-09-29,0.25674421742004994
2017-10-02,0.25075119495077464
2017-10-03,0.24476443819484675
2017-10-04,0.24510604161073038
2017-10-05,0.24504802910220352
2017-10-06,0.24090882131137897
2017-10-09,0.24131844054973903
2017-10-10,0.24019550153782315
2017-10-11,0.23929957148756245
2017-10-12,0.24177526026495647
2017-10-13,0.24004051012749916
2017-10-16,0.24115460471591915
2017-10-17,0.2396778306715962
2017-10-18,0.23863426882476407
2017-10-19,0.24179188495961532
2017-10-20,0.24277829415799057
2017-10-23,0.24590573137474933
2017-10-24,0.24407512891315641
2017-10-25,0.2425686154313495
2017-10-26,0.24316194453148338
2017-10-27,0.243795928234527
2017-10-30,0.23518799415144334
2017-10-31,0.24117862798814663
2017-11-01,0.23886009853941137
2017-11-02,0.23553148721075295
2017-11-03,0.23298357996265356
2017-11-06,0.20455378867580207
2017-11-07,0.20389245498015743
2017-11-08,0.19170688650560266
2017-11-09,0.1905435614226349
2017-11-10,0.1964782573705287
2017-11-13,0.1745562894347471
2017-11-14,0.17369694151828804
2017-11-15,0.1743524661238136
2017-11-16,0.16701883275861926
2017-11-17,0.17245928518320044
2017-11-20,0.17313367083705378
2017-11-21,0.1747960677303836
2017-11-22,0.1745991965032343
2017-11-24,0.17596517675807394
2017-11-27,0.1743781595749232
2017-11-28,0.17497913367726278
2017-11-29,0.17465842439229665
2017-11-30,0.1860588183456223
2017-12-01,0.18650846139255794
2017-12-04,0.18824008131264952
2017-12-05,0.1987989454257267
2017-12-06,0.19589481721367025
2017-12-07,0.19664304723448262
2017-12-08,0.1972814994429238
2017-12-11,0.19723320930229954
2017-12-12,0.20055298479671435
2017-12-13,0.20297314968324423
2017-12-14,0.20239566626337177
2017-12-15,0.20234233351401668
2017-12-18,0.20107583717334077
2017-12-19,0.2018522865807377
2017-12-20,0.19561979176368682
2017-12-21,0.19527278051935626
2017-12-22,0.19552093112650362
2017-12-26,0.19661799365960325
2017-12-27,0.1977397401850721
2017-12-28,0.19854582898907314
2017-12-29,0.19909747191746066
2018-01-02,0.20163140998864384
2018-01-03,0.20559787547379518
2018-01-04,0.20811197403760257
2018-01-05,0.20708886582715919
2018-01-08,0.2095126177489452
2018-01-09,0.2095533156693549
2018-01-10,0.2109772368317141
2018-01-11,0.21126518460705052
2018-01-12,0.2132356997691156
2018-01-16,0.21486439680743416
2018-01-17,0.21561418971488786
2018-01-18,0.22331882530845606
2018-01-19,0.22260380957895512
2018-01-22,0.2235063210389508
2018-01-23,0.2248109133672545
2018-01-24,0.22341056222750677
2018-01-25,0.22565987619550884
2018-01-26,0.22941994905429205
2018-01-29,0.23183688035566113
2018-01-30,0.23474034257684473
2018-01-31,0.24254538484079546
2018-02-01,0.24063717662882841
2018-02-02,0.24017503060102252
2018-02-05,0.267804447063089
2018-02-06,0.3611143942575504
2018-02-07,0.3776091691590564
2018-02-08,0.37422087948756644
2018-02-09,0.4330727338444167
2018-02-12,0.43875843728712527
2018-02-13,0.4444911905261104
2018-02-14,0.44348925768710873
2018-02-15,0.45004514908852966
2018-02-16,0.45238134619137893
2018-02-20,0.44787024574492595
2018-02-21,0.44328189169853993
2018-02-22,0.4452940017296344
2018-02-23,0.443999594705265
2018-02-26,0.45233287296466973
2018-02-27,0.4586114063010926
2018-02-28,0.46761667517327354
2018-03-01,0.46697744200681746
2018-03-02,0.4683709612052154
2018-03-05,0.47993575560869206
2018-03-06,0.48238427393979877
2018-03-07,0.48105148808636194
2018-03-08,0.4796912373306534
2018-03-09,0.47958295696025
2018-03-12,0.48514885783627815
2018-03-13,0.48526081446255204
2018-03-14,0.4872048372139545
2018-03-15,0.48580903098647366
2018-03-16,0.4862461715416716
2018-03-19,0.48426972735557505
2018-03-20,0.48977269003828144
2018-03-21,0.48339026645829986
2018-03-22,0.4841054117186714
2018-03-23,0.49962095884393565
2018-03-26,0.5118204745314627
2018-03-27,0.5209465063231553
2018-03-28,0.5240588312476931
2018-03-29,0.5194883686647208
2018-04-02,0.5225920099124328
2018-04-03,0.5332895384303519
2018-04-04,0.5355400362614788
2018-04-05,0.5377364968504406
2018-04-06,0.5363136749093308
2018-04-09,0.546725760836048
2018-04-10,0.5470606450422271
2018-04-11,0.5542514928158425
2018-04-12,0.5543539935988091
2018-04-13,0.5568607457627022
2018-04-16,0.5550721940505556
2018-04-17,0.5549456008383681
2018-04-18,0.559199706392325
2018-04-19,0.5557828321282677
2018-04-20,0.5547239532048639
2018-04-23,0.5575280533203112
2018-04-24,0.5592722184543923
2018-04-25,0.5592431386424606
2018-04-26,0.5556318015743535
2018-04-27,0.5520514683544399
2018-04-30,0.5549351002888003
2018-05-01,0.5592614991261238
2018-05-02,0.5506063981711397
2018-05-03,0.5131820924940254
2018-05-04,0.5061802341617366
2018-05-07,0.509281163727599
2018-05-08,0.47355817296920216
2018-05-09,0.4695253078311053
2018-05-10,0.46815346614453257
2018-05-11,0.46779110215467984
2018-05-14,0.462038980125427
2018-05-15,0.4588575884784731
2018-05-16,0.462458432511484
2018-05-17,0.467997629833109
2018-05-18,0.4664702267446802
2018-05-21,0.46311417885779393
2018-05-22,0.45853835927135567
2018-05-23,0.45273751341039276
2018-05-24,0.44988281921657847
2018-05-25,0.45094882537942194
2018-05-29,0.4482983433564053
2018-05-30,0.4489673582029556
2018-05-31,0.44819031188931385
2018-06-01,0.4492033665219807
2018-06-04,0.4553740780240153
2018-06-05,0.45617964627109187
2018-06-06,0.4479728564363409
2018-06-07,0.45119915148322487
2018-06-08,0.44717699868479655
2018-06-11,0.4480594701531176
2018-06-12,0.4474777843024293
2018-06-13,0.4492620498086892
2018-06-14,0.44271797535907126
2018-06-15,0.44613107737540514
2018-06-18,0.4469611255210479
2018-06-19,0.42343835922773426
2018-06-20,0.4025338629444516
2018-06-21,0.37899477266998177
2018-06-22,0.360873074810842
2018-06-25,0.3590693391795623
2018-06-26,0.3622177638017944
2018-06-27,0.33503114063810796
2018-06-28,0.3362231343177304
2018-06-29,0.32997075255282515
2018-07-02,0.33122840768075834
2018-07-03,0.3034362766442606
2018-07-05,0.30800506280406675
2018-07-06,0.2935199630928151
2018-07-09,0.29605898802939085
2018-07-10,0.2926725015395598
2018-07-11,0.29301089535431074
2018-07-12,0.29646214638362506
2018-07-13,0.2902458275064956
2018-07-16,0.29485543654043345
2018-07-17,0.2928485250932355
2018-07-18,0.2882353809147999
2018-07-19,0.2844568811710677
2018-07-20,0.27878229664545806
2018-07-23,0.28477516119842616
2018-07-24,0.28025266411686695
2018-07-25,0.2798571906171268
2018-07-26,0.27421704808898967
2018-07-27,0.2656501237605583
2018-07-30,0.26721139771002284
2018-07-31,0.2722721890748411
2018-08-01,0.2631844191051549
2018-08-02,0.25937059291683545
2018-08-03,0.25994772276469186
2018-08-06,0.2528021934070523
2018-08-07,0.2528934583289847
2018-08-08,0.25140976456405684
2018-08-09,0.25299775495127125
2018-08-10,0.24985823723697217
2018-08-13,0.2530492869073409
2018-08-14,0.2543662367578976
2018-08-15,0.25568618800369736
2018-08-16,0.25635636881221097
2018-08-17,0.2581146644805396
2018-08-20,0.25557529124777745
2018-08-21,0.2554888492177556
2018-08-22,0.25501871744054205
2018-08-23,0.24782182046516396
2018-08-24,0.24350878533368864
2018-08-27,0.24441552434567146
2018-08-28,0.23851854426992078
2018-08-29,0.23759861717920266
2018-08-30,0.23780208292813867
2018-08-31,0.23379069257653312
2018-09-04,0.23436700869406768
2018-09-05,0.23200358242757144
2018-09-06,0.23298838944419764
2018-09-07,0.23174305727793088
2018-09-10,0.23087274872221483
2018-09-11,0.23091692216759868
2018-09-12,0.22916294285627833
2018-09-13,0.22645634003032145
2018-09-14,0.22426396752651231
2018-09-17,0.22625074570905054
2018-09-18,0.2278350751707644
2018-09-19,0.2284166498459798
2018-09-20,0.20588296310229773
2018-09-21,0.2097902124222373
2018-09-24,0.20113496464605868
2018-09-25,0.20112488095643088
2018-09-26,0.20170689519907442
2018-09-27,0.2037565313487592
2018-09-28,0.1995362415401732
2018-10-01,0.1936547981910306
2018-10-02,0.19140402212926
2018-10-03,0.18756233702930303
2018-10-04,0.18640862756737475
2018-10-05,0.19343321917522183
2018-10-08,0.1941604401510826
2018-10-09,0.19678121301271037
2018-10-10,0.19795618149073382
2018-10-11,0.24922747343245646
2018-10-12,0.2589144834619031
2018-10-15,0.270972499206652
2018-10-16,0.2712574257613444
2018-10-17,0.2959286011617676
2018-10-18,0.29213341211063304
2018-10-19,0.3050508674120888
2018-10-22,0.3083982773820845
2018-10-23,0.30977108275206006
2018-10-24,0.3076257153261573
2018-10-25,0.3584210612612572
2018-10-26,0.3737817772678685
2018-10-29,0.37850662703216076
2018-10-30,0.37257214003130495
2018-10-31,0.3781971556499219
2018-11-01,0.38227351300838724
2018-11-02,0.3842965527132676
2018-11-05,0.38137019290778296
2018-11-06,0.377179699332992
2018-11-07,0.37631064200615905
2018-11-08,0.3842787533795
2018-11-09,0.3808481640975605
2018-11-12,0.3830077199307393
2018-11-13,0.3972086209706203
2018-11-14,0.39491220456185494
2018-11-15,0.3931643685837492
2018-11-16,0.3952981271158997
2018-11-19,0.3907659166483167
2018-11-20,0.39576306521123605
2018-11-21,0.3916161526631385
2018-11-23,0.39001051295085537
2018-11-26,0.3890400034161075
2018-11-27,0.398527760349479
2018-11-28,0.3984918809040919
2018-11-29,0.4156537646173002
2018-11-30,0.4168102395960832
2018-12-03,0.42304558401487397
2018-12-04,0.4284673368933974
2018-12-06,0.4522529197811409
2018-12-07,0.44836492244821696
2018-12-10,0.46115510359423956
2018-12-11,0.46001517065253433
2018-12-12,0.45941407064625484
2018-12-13,0.4603024562673158
2018-12-14,0.4586259114296927
2018-12-17,0.46174986694733333
2018-12-18,0.4632069261019382
2018-12-19,0.4618823600370188
2018-12-20,0.4629401376710081
2018-12-21,0.4630932752119822
2018-12-24,0.4657029018052494
2018-12-26,0.4690163396766528
2018-12-27,0.511782993112493
2018-12-28,0.5151331867490853
2018-12-31,0.5160480962302325
2019-01-02,0.5180382379332378
2019-01-03,0.5155821350849479
2019-01-04,0.523201352437436
2019-01-07,0.5398193079356924
2019-01-08,0.5416777129160631
2019-01-09,0.5314189287389475
2019-01-10,0.5295242838862153
2019-01-11,0.5289504471675843
2019-01-14,0.5296336064103035
2019-01-15,0.5229837196252412
2019-01-16,0.5253092847817172
2019-01-17,0.518894216503111
2019-01-18,0.5232759120890927
2019-01-22,0.5246692806971313
2019-01-23,0.5307513090101945
2019-01-24,0.5165583656753605
2019-01-25,0.5069602443997994
2019-01-28,0.504260955879338
2019-01-29,0.5066770964944077
2019-01-30,0.5039248644629691
2019-01-31,0.5030222932668492
2019-02-01,0.4990961017493626
2019-02-04,0.4994209307577739
2019-02-05,0.5028243470169195
2019-02-06,0.5035548206786665
2019-02-07,0.4995010677849196
2019-02-08,0.5046918814759114
2019-02-11,0.5051696800479557
2019-02-12,0.4996019334295996
2019-02-13,0.5042375263049702
2019-02-14,0.5050113176718236
2019-02-15,0.5032996659701675
2019-02-19,0.506173885448739
2019-02-20,0.5033681002740865
2019-02-21,0.5039658700013242
2019-02-22,0.5061379700071357
2019-02-25,0.5055857432370626
2019-02-26,0.5032070060938109
2019-02-27,0.5049641815572867
2019-02-28,0.49488634843874896
2019-03-01,0.4925703056774322
2019-03-04,0.4922395857389837
2019-03-05,0.49033889887810156
2019-03-06,0.4656139798525854
2019-03-07,0.4724198576814911
2019-03-08,0.4596525172661404
2019-03-11,0.4616781754212175
2019-03-12,0.46428314560456985
2019-03-13,0.46312266244557576
2019-03-14,0.4662973307296409
2019-03-15,0.464551518421536
2019-03-18,0.4529220547524861
2019-03-19,0.45468655451273216
2019-03-20,0.4499199517856294
2019-03-21,0.44561773143371397
2019-03-22,0.4352268870252592
2019-03-25,0.4306460917522269
2019-03-26,0.36186447219074186
2019-03-27,0.3616395483596742
2019-03-28,0.36579074126164196
2019-03-29,0.36216852849999215
2019-04-01,0.36752581300664405
2019-04-02,0.33425997875312036
2019-04-03,0.2902403008910022
2019-04-04,0.28866405367810016
2019-04-05,0.2888262560539902
2019-04-08,0.29047077811394517
2019-04-09,0.2911114868402231
2019-04-10,0.2952426513245608
2019-04-11,0.29390773377308854
2019-04-12,0.29570651533836545
2019-04-15,0.2954785449945808
2019-04-16,0.2950293304049516
2019-04-17,0.28694042404795933
2019-04-18,0.26841100411729385
2019-04-22,0.27424026589938033
2019-04-23,0.2820030754880124
2019-04-24,0.28273948716212094
2019-04-25,0.27717887290560894
2019-04-26,0.27897752335936987
2019-04-29,0.2658937192172878
2019-04-30,0.26969814832864836
2019-05-01,0.26600828850118563
2019-05-02,0.2690733688654176
2019-05-03,0.267424098030331
2019-05-06,0.2663186968342534
2019-05-07,0.2569161764192359
2019-05-08,0.27915686995260103
2019-05-09,0.2807529478651069
2019-05-10,0.2715479005317034
2019-05-13,0.27131128924424935
2019-05-14,0.32424839026905106
2019-05-15,0.3302277769807502
2019-05-16,0.33076181452737
2019-05-17,0.32676784125513647
2019-05-20,0.32879850180054465
2019-05-21,0.3305539056679406
2019-05-22,0.334137600898353
2019-05-23,0.3328698161321151
2019-05-24,0.3433616363917716
2019-05-28,0.344586144468839
2019-05-29,0.34454857510616904
2019-05-30,0.34467703381128134
2019-05-31,0.3456186243075911
2019-06-03,0.35477385592196703
2019-06-04,0.34474037067307334
2019-06-05,0.3765977811707963
2019-06-06,0.36706836032583146
2019-06-07,0.3639845420541957
2019-06-10,0.363884375000264
2019-06-11,0.36427610424854184
2019-06-12,0.36640275258918703
2019-06-13,0.3660669944405529
2019-06-14,0.3664722300713926
2019-06-17,0.3685358149634363
2019-06-18,0.36423500735091485
2019-06-19,0.3515833948192186
2019-06-20,0.3506050776287897
2019-06-21,0.34900678725125334
2019-06-24,0.34557083685563167
2019-06-25,0.34760905246909135
2019-06-26,0.3486465063362861
2019-06-27,0.33802478044674716
2019-06-28,0.33820947740257823
2019-07-01,0.33696298070885583
2019-07-02,0.3419966971952947
2019-07-03,0.3406959702211722
2019-07-05,0.3423996772064072
2019-07-08,0.3410690708202589
2019-07-09,0.3406343393028546
2019-07-10,0.341666649603203
2019-07-11,0.345838392130892
2019-07-12,0.34498970576194216
2019-07-15,0.3461643463942931
2019-07-16,0.35070615138467826
2019-07-17,0.3504851446493091
2019-07-18,0.35143163012914325
2019-07-19,0.34405952151862074
2019-07-22,0.3468811128377724
2019-07-23,0.35052813052786413
2019-07-24,0.3554874650281738
2019-07-25,0.34703337209587937
2019-07-26,0.3548631432310611
2019-07-29,0.3526195178548606
2019-07-30,0.35369991865989076
2019-07-31,0.35368847756201593
2019-08-01,0.3600470147522334
2019-08-02,0.34773623076402516
2019-08-05,0.3495126127842012
2019-08-06,0.3875837341871568
2019-08-07,0.39409635066497467
2019-08-08,0.3570829480023426
2019-08-09,0.3666087993627088
2019-08-12,0.3706531259012689
2019-08-13,0.3811386412458206
2019-08-14,0.38954732967368527
2019-08-15,0.4197570153213602
2019-08-16,0.40697388875912716
2019-08-19,0.41525881956182453
2019-08-20,0.41308039024255333
2019-08-21,0.4122991222166161
2019-08-22,0.41244874529658
2019-08-23,0.4121875203852067
2019-08-26,0.43193928021029243
2019-08-27,0.427841028900237
2019-08-28,0.4343101861721907
2019-08-29,0.4136591775120333
2019-08-30,0.42234657719344254
2019-09-03,0.4268200348417037
2019-09-04,0.43004757116283127
2019-09-05,0.4371752846311406
2019-09-06,0.44316988625984216
2019-09-09,0.4444403016751808
2019-09-10,0.436940426856082
2019-09-11,0.4317344019425152
2019-09-12,0.4339204559577146
2019-09-13,0.4278165738730803
2019-09-16,0.42779686505473963
2019-09-17,0.4256001348114589
2019-09-18,0.42564474750686204
2019-09-19,0.42632659975005166
2019-09-20,0.4224285908618306
2019-09-23,0.42801186642790007
2019-09-24,0.428285154725061
2019-09-25,0.43448190136540166
2019-09-26,0.43388447212104436
2019-09-27,0.4334320304733645
2019-09-30,0.4298588095121286
2019-10-01,0.428764744344331
2019-10-02,0.43027381645193646
2019-10-03,0.43543138973858975
2019-10-04,0.4370604098137667
2019-10-07,0.44552854498319894
2019-10-08,0.44542211553893823
2019-10-09,0.4537849356498927
2019-10-10,0.455559272196272
2019-10-11,0.45710047615193256
2019-10-14,0.46584440166307056
2019-10-15,0.46737358997231904
2019-10-16,0.47159950179242754
2019-10-17,0.4722323497418059
2019-10-18,0.48258221169922144
2019-10-21,0.48212086327405235
2019-10-22,0.4898849978952133
2019-10-23,0.48638832989618924
2019-10-24,0.48231834900317677
2019-10-25,0.46517980499242756
2019-10-28,0.46402221628938967
2019-10-29,0.46501532743811225
2019-10-30,0.43228108530803616
2019-10-31,0.4271367537639447
2019-11-01,0.4241708848852464
2019-11-04,0.4048743387825235
2019-11-05,0.39792072762112496
2019-11-06,0.3887309413350224
2019-11-07,0.3794319615035916
2019-11-08,0.33642747905433545
2019-11-11,0.3427221011258379
2019-11-12,0.3359431333337402
2019-11-13,0.3300486502276966
2019-11-14,0.3278127250022877
2019-11-15,0.3235466587444667
2019-11-18,0.3242647602830618
2019-11-19,0.29170111647042607
2019-11-20,0.28596335512902404
2019-11-21,0.2876667843744704
2019-11-22,0.2862815308293092
2019-11-25,0.27623959390113184
2019-11-26,0.28109111338222914
2019-11-27,0.2714580792258407
2019-11-29,0.2648004191443476
2019-12-02,0.25444937488995156
2019-12-03,0.2611183328195835
2019-12-04,0.26913957963980806
2019-12-05,0.27090307404658137
2019-12-06,0.26942233087161926
2019-12-09,0.2743712959762267
2019-12-10,0.2758130829384056
2019-12-11,0.2767483944101268
2019-12-12,0.2776894548457543
2019-12-13,0.28421898076381885
2019-12-16,0.2830902999041402
2019-12-17,0.2829157473672523
2019-12-18,0.28241009301120934
2019-12-19,0.2734547789869896
2019-12-20,0.27235771894059785
2019-12-23,0.2729435986115311
2019-12-24,0.27203428573713584
2019-12-26,0.27343940412537454
2019-12-27,0.26539153931258336
2019-12-30,0.2529795274454053
2019-12-31,0.2546883688827235
2020-01-02,0.24849005915637606
2020-01-03,0.25577937319485483
2020-01-06,0.24076587197524046
2020-01-07,0.2368502365883541
2020-01-08,0.23300285586625846
2020-01-09,0.22560206921140766
2020-01-10,0.22555166722531964
2020-01-13,0.22075513587717327
2020-01-14,0.22188750905099708
2020-01-15,0.22225277165434212
2020-01-16,0.21900836151252023
2020-01-17,0.2226827886593719
2020-01-21,0.2217196355796589
2020-01-22,0.22537220234774974
2020-01-23,0.22670803048810903
2020-01-24,0.2248346802799494
2020-01-27,0.2252905835314563
2020-01-28,0.24885216089785978
2020-01-29,0.25644273520799377
2020-01-30,0.25570685380027197
2020-01-31,0.2524184540875645
2020-02-03,0.2713010955181074
2020-02-04,0.27692160591813936
2020-02-05,0.2917292307967109
2020-02-06,0.29084211079189926
2020-02-07,0.29110486965128246
2020-02-10,0.2909395164019384
2020-02-11,0.2927953746900329
2020-02-12,0.2916567145734755
2020-02-13,0.2959005651280512
2020-02-14,0.29456799814767304
2020-02-18,0.292442665093643
2020-02-19,0.2934324742692258
2020-02-20,0.29163379465026573
2020-02-21,0.29381722138840005
2020-02-24,0.3047868847689388
2020-02-25,0.3697836825958219
2020-02-26,0.40807052374815544
2020-02-27,0.40661891204029493
2020-02-28,0.46307137339361143
2020-03-02,0.44499945986629247
2020-03-03,0.47689579456990705
2020-03-04,0.49634463728356004
2020-03-05,0.5246923133609113
2020-03-06,0.5330242207827505
2020-03-09,0.537928370167916
2020-03-10,0.6039079258537422
2020-03-11,0.6285299584297859
2020-03-12,0.652032436983835
2020-03-13,0.7123531137136961
2020-03-16,0.736148739400452
2020-03-17,0.7769975058018966
2020-03-18,0.7710871184749687
2020-03-19,0.7596179631213351
2020-03-20,0.7398202504306293
2020-03-23,0.7280414499781473
2020-03-24,0.713877766523882
2020-03-25,0.7280357213671239
2020-03-26,0.7176287614982281
2020-03-27,0.7203777251845579
2020-03-30,0.7205436033560298
2020-03-31,0.7207022668056993
2020-04-01,0.7181880197878519
2020-04-02,0.7209947147651828
2020-04-03,0.7192159808990971
2020-04-06,0.7186268518259229
2020-04-07,0.7274205056971438
2020-04-08,0.7265625080279483
2020-04-09,0.7277353797725441
2020-04-13,0.7242534440542859
2020-04-14,0.7206272412368329
2020-04-15,0.7201311824297445
2020-04-16,0.7193470311350011
2020-04-17,0.7175230422701014
2020-04-20,0.7144403527448313
2020-04-21,0.7136625958885218
2020-04-22,0.7157464835437547
2020-04-23,0.7151004336561114
2020-04-24,0.7136444796423149
2020-04-27,0.7152721209167068
2020-04-28,0.7161606425363612
2020-04-29,0.7155486506343594
2020-04-30,0.7141823925579974
2020-05-01,0.7112489415227137
2020-05-04,0.7141194059993136
2020-05-05,0.7132014940453906
2020-05-06,0.7139817095102902
2020-05-07,0.7131894200079691
2020-05-08,0.7127620539353773
2020-05-11,0.7124249172099795
2020-05-12,0.7111190262009083
2020-05-13,0.7065565168739446
2020-05-14,0.7071857367098959
2020-05-15,0.7059596477392481
2020-05-18,0.703723157072314
2020-05-19,0.7026088867831352
2020-05-20,0.6992794485817133
2020-05-21,0.699353567000954
2020-05-22,0.6996749263563582
2020-05-26,0.6966846332421593
2020-05-27,0.6956518467924582
2020-05-28,0.6929623212906998
2020-05-29,0.6906121137985872
2020-06-01,0.6869114391311821
2020-06-02,0.6866687181005288
2020-06-03,0.6854859958898508
2020-06-04,0.6711550152518511
2020-06-05,0.6652267676085741
2020-06-08,0.6581813118789803
2020-06-09,0.6268535524024414
2020-06-10,0.6077786545678805
2020-06-11,0.5390335495938121
2020-06-12,0.5484034480867263
2020-06-15,0.5408813487834772
2020-06-16,0.5578438122227376
2020-06-17,0.5608708046371405
2020-06-18,0.5739999745500837
2020-06-19,0.5330351114114766
2020-06-22,0.5439330785171164
2020-06-23,0.5277849646503601
2020-06-24,0.515853289021775
2020-06-25,0.5190290763421382
2020-06-26,0.5199682656276639
2020-06-29,0.5083884800725684
2020-06-30,0.5132178212668614
2020-07-01,0.5117883446935633
2020-07-02,0.46154171199703864
2020-07-06,0.46399086518370103
2020-07-07,0.4579567527048401
2020-07-08,0.46597438096835975
2020-07-09,0.4715879356403859
2020-07-10,0.46377538415664976
2020-07-13,0.4580820000474175
2020-07-14,0.4643047839230242
2020-07-15,0.46650525934029907
2020-07-16,0.4654536488423503
2020-07-17,0.4438857537679196
2020-07-20,0.43905036921028945
2020-07-21,0.4389893380263503
2020-07-22,0.43550556320900147
2020-07-23,0.4351688513902036
2020-07-24,0.4352778340038758
2020-07-27,0.42351221688756663
2020-07-28,0.42685535425983834
2020-07-29,0.4118875487215403
2020-07-30,0.4123974724294577
2020-07-31,0.40687574794534465
2020-08-03,0.40288597206816873
2020-08-04,0.4036080873159688
2020-08-05,0.3993332877927959
2020-08-06,0.3985048814614459
2020-08-07,0.39350695098043903
2020-08-10,0.3859692031905988
2020-08-11,0.3862584217506013
2020-08-12,0.39411753034247543
2020-08-13,0.37906843733660167
2020-08-14,0.3785145340235131
2020-08-17,0.37368164930694564
2020-08-18,0.36967356562448267
2020-08-19,0.36824839800262144
2020-08-20,0.3728438354506026
2020-08-21,0.37192038789851556
2020-08-24,0.3727207999462338
2020-08-25,0.3743705253081033
2020-08-26,0.37481874618387834
2020-08-27,0.36913197042298423
2020-08-28,0.36746095002634843
2020-08-31,0.37223754964843814
2020-09-01,0.3604226125655018
2020-09-02,0.3619765437737964
2020-09-03,0.36691417618708067
2020-09-04,0.39850523165179097
2020-09-08,0.3131461075225151
2020-09-09,0.3261630313002322
2020-09-10,0.3299770850489706
2020-09-11,0.3295456102579999
2020-09-14,0.3294810598427758
2020-09-15,0.33300651559694294
2020-09-16,0.3336636375119775
2020-09-17,0.3323914098449794
2020-09-18,0.3333686386002776
2020-09-21,0.3198615252217726
2020-09-22,0.3190100100859321
2020-09-23,0.3068515879182253
2020-09-24,0.3146928935032357
2020-09-25,0.30559816133630047
2020-09-28,0.31031968773946156
2020-09-29,0.3159220821158544
2020-09-30,0.30875015479644724
2020-10-01,0.30580015774123087
2020-10-02,0.30564802467583624
2020-10-05,0.3097181242690632
2020-10-06,0.31688758698372266
2020-10-07,0.31719075604480174
2020-10-08,0.3228682209076322
2020-10-09,0.32551641390388925
2020-10-12,0.3287929084488475
2020-10-13,0.330418092611667
2020-10-14,0.33107099462402717
2020-10-15,0.33431911484613636
2020-10-16,0.3351106026031275
2020-10-19,0.3344938124344101
2020-10-20,0.3411033991028966
2020-10-21,0.3395358511328724
2020-10-22,0.336782443629694
2020-10-23,0.33741189702304697
2020-10-26,0.3397551456250898
2020-10-27,0.35725581459466876
2020-10-28,0.356188140869764
2020-10-29,0.37924230170727485
2020-10-30,0.3841726257353539
2020-11-02,0.3821246182420349
2020-11-03,0.3842295083770697
2020-11-04,0.3914896279358878
2020-11-05,0.38868477054150535
2020-11-06,0.39867915090350137
2020-11-09,0.4024249708039283
2020-11-10,0.3798983329089503
2020-11-11,0.375276668049544
2020-11-12,0.37544243521907106
2020-11-13,0.3769245741483401
2020-11-16,0.3808670833505617
2020-11-17,0.3818858233719787
2020-11-18,0.3800510125817972
2020-11-19,0.3821284138481133
2020-11-20,0.38940987933984794
2020-11-23,0.3924693101980365
2020-11-24,0.3930610467855037
2020-11-25,0.3961622729046525
2020-11-27,0.3995635725109196
2020-11-30,0.397407800703364
2020-12-01,0.37165572715026796
2020-12-02,0.372501435336186
2020-12-03,0.3594621781778769
2020-12-04,0.3551823405087344
2020-12-07,0.3506594162638006
2020-12-08,0.35052305535191147
2020-12-09,0.34206543371904136
2020-12-10,0.345317402402555
2020-12-11,0.3443995545258149
2020-12-14,0.3425005914834962
2020-12-15,0.34088736570290923
2020-12-16,0.34216004284404694
2020-12-17,0.342689631660825
2020-12-18,0.3295341507221161
2020-12-21,0.3282603753162857
2020-12-22,0.3258181331386436
2020-12-23,0.3200534756657879
2020-12-24,0.31994698438930735
2020-12-28,0.3233626817573177
2020-12-29,0.32217682474339415
2020-12-30,0.318730621946859
2020-12-31,0.31319645262558826
2021-01-04,0.30998406372620724
2021-01-05,0.30773252067066287
2021-01-06,0.3059160071099521
2021-01-07,0.3041303398038641
2021-01-08,0.30850253520401727
2021-01-11,0.3069540403626516
2021-01-12,0.3039888199307231
2021-01-13,0.3023358326025287
2021-01-14,0.30038720494865734
2021-01-15,0.2945964122418529
2021-01-19,0.29530018936338776
2021-01-20,0.2949833386601683
2021-01-21,0.29231387501761763
2021-01-22,0.2924700878702231
2021-01-25,0.2785361928122553
2021-01-26,0.2769569673401071
2021-01-27,0.25098184643396404
2021-01-28,0.26411656216037516
2021-01-29,0.26047954856298683
2021-02-01,0.26687065650739056
2021-02-02,0.26711810505079214
2021-02-03,0.262451157713517
2021-02-04,0.2508597979887037
2021-02-05,0.2519648689052453
2021-02-08,0.24879472909197273
2021-02-09,0.25273237477201804
2021-02-10,0.2518310324031449
2021-02-11,0.24874394416634657
2021-02-12,0.24275139974444146
2021-02-16,0.23839900497540223
2021-02-17,0.2378203084127588
2021-02-18,0.2341124957615804
2021-02-19,0.2331153098309046
2021-02-22,0.22866646680100344
2021-02-23,0.23041741782867878
2021-02-24,0.22815238180836114
2021-02-25,0.23122456192781413
2021-02-26,0.2525763048123222
2021-03-01,0.2508558386724898
2021-03-02,0.26123437747190753
2021-03-03,0.26737323558622383
2021-03-04,0.2727493227331313
2021-03-05,0.27814300062126496
2021-03-08,0.2843765670180359
2021-03-09,0.28162335608561667
2021-03-10,0.28497709687659306
2021-03-11,0.2834441636366844
2021-03-12,0.28794273714911967
2021-03-15,0.2873360242340233
2021-03-16,0.28502781930835064
2021-03-17,0.2849634088166025
2021-03-18,0.2850216672419912
2021-03-19,0.2938104202620306
2021-03-22,0.29365389972268996
2021-03-23,0.29465467990328886
2021-03-24,0.2958400974685324
2021-03-25,0.29561346768948016
2021-03-26,0.29576892821928275
2021-03-29,0.303761685692211
2021-03-30,0.3036510759816286
2021-03-31,0.3034902703227399
2021-04-01,0.3019023337142716
2021-04-05,0.304548639308766
2021-04-06,0.30778920536149634
2021-04-07,0.3045770323069727
2021-04-08,0.30555100982259537
2021-04-09,0.30906542414199206
2021-04-12,0.3106332475681283
2021-04-13,0.3124573735251846
2021-04-14,0.3158698793754007
2021-04-15,0.3162645046230549
2021-04-16,0.318779810243992
2021-04-19,0.32289857839225033
2021-04-20,0.3257500931456678
2021-04-21,0.3288861818126852
2021-04-22,0.3300706334019288
2021-04-23,0.3343880205827802
2021-04-26,0.3217550709769724
2021-04-27,0.32660993510791797
2021-04-28,0.31944243745825035
2021-04-29,0.3161964246645382
2021-04-30,0.31487038802340994
2021-05-03,0.324711305500637
2021-05-04,0.3231852431482489
2021-05-05,0.3251603322130205
2021-05-06,0.32317147482254205
2021-05-07,0.3227070613537341
2021-05-10,0.3246932634111929
2021-05-11,0.33207858693178366
2021-05-12,0.3353382453961317
2021-05-13,0.3490964105999672
2021-05-14,0.3522880657942325
2021-05-17,0.3601899574644952
2021-05-18,0.36270213869735907
2021-05-19,0.3643723680604603
2021-05-20,0.3640465276986137
2021-05-21,0.36627393948175085
2021-05-24,0.3495600087862855
2021-05-25,0.3554327599881111
2021-05-26,0.34679541605507297
2021-05-27,0.3437862868905215
2021-05-28,0.34018739940086756
2021-06-01,0.33225543207934516
2021-06-02,0.3257770133058546
2021-06-03,0.3270775517059454
2021-06-04,0.3190289064313817
2021-06-07,0.3255511498294931
2021-06-08,0.32294515454769107
2021-06-09,0.3249717428448458
2021-06-10,0.3283191147702229
2021-06-11,0.32958844729367576
2021-06-14,0.33163960191797837
2021-06-15,0.31827006250256007
2021-06-16,0.3243900819403571
2021-06-17,0.3272125948412405
2021-06-18,0.32350446896589274
2021-06-21,0.33162300846707854
2021-06-22,0.33782170297640207
2021-06-23,0.3180052333998634
2021-06-24,0.31546235199501216
2021-06-25,0.31935524210704663
2021-06-28,0.3183257120436094
2021-06-29,0.3101459212936881
2021-06-30,0.3065011370327666
2021-07-01,0.3058228278799372
2021-07-02,0.30425672335910775
2021-07-06,0.3009729581623104
2021-07-07,0.29999704451539666
2021-07-08,0.30067716071944384
2021-07-09,0.30209566189059245
2021-07-12,0.3067996021349549
2021-07-13,0.30371919931310476
2021-07-14,0.3034967619946809
2021-07-15,0.2994003168033912
2021-07-16,0.29988273371852353
2021-07-19,0.30377390624242046
2021-07-20,0.30173176195652873
2021-07-21,0.3063847595729871
2021-07-22,0.3094979334381442
2021-07-23,0.30904238450138166
2021-07-26,0.3114371763421574
2021-07-27,0.3134632187849623
2021-07-28,0.30882402676054316
2021-07-29,0.30738940241735413
2021-07-30,0.30503386590813175
2021-08-02,0.30274796159090445
2021-08-03,0.3046213498550522
2021-08-04,0.3037026160800494
2021-08-05,0.29776119589175154
2021-08-06,0.2926632642874242
2021-08-09,0.26057852162048734
2021-08-10,0.2563321458643751
2021-08-11,0.23720034978542406
2021-08-12,0.23869273724534623
2021-08-13,0.23547316820069708
2021-08-16,0.2393673017035034
2021-08-17,0.2314758299103789
2021-08-18,0.23435973742239216
2021-08-19,0.2322972430094725
2021-08-20,0.23114949410343988
2021-08-23,0.23100202099467143
2021-08-24,0.23772284834178167
2021-08-25,0.23525070550516358
2021-08-26,0.23575998047395197
2021-08-27,0.23766871187167116
2021-08-30,0.24103363729475286
2021-08-31,0.23484690960876803
2021-09-01,0.23636291129985498
2021-09-02,0.23660159752235488
2021-09-03,0.23498256575999568
2021-09-07,0.2353321640002145
2021-09-08,0.23626865380728101
2021-09-09,0.2375821646130516
2021-09-10,0.2348950909444535
2021-09-13,0.23265834413242115
2021-09-14,0.23496659908541287
2021-09-15,0.22571988233794443
2021-09-16,0.221375869989304
2021-09-17,0.221428957787182
2021-09-20,0.22561146307907884
2021-09-21,0.23436120189291199
2021-09-22,0.233777378262262
2021-09-23,0.23980960414883443
2021-09-24,0.24814117996033738
2021-09-27,0.24878638102135137
2021-09-28,0.24952953375512613
2021-09-29,0.2736292245964637
2021-09-30,0.2746922530351842
2021-10-01,0.27920017153009796
2021-10-04,0.281562257174346
2021-10-05,0.2853776439971745
2021-10-06,0.2914381480303988
2021-10-07,0.28510505283740445
2021-10-08,0.2919167038128195
2021-10-11,0.28945864946713695
2021-10-12,0.28519455888387785
2021-10-13,0.28445306651869356
2021-10-14,0.2747765254373749
2021-10-15,0.28367956612981654
2021-10-18,0.2864556967025958
2021-10-19,0.28613324658770045
2021-10-20,0.28959463790830053
2021-10-21,0.2864419790785007
2021-10-22,0.28541172475820054
2021-10-25,0.27729657325085405
2021-10-26,0.2808027666654934
2021-10-27,0.27629766946725925
2021-10-28,0.2652585365886831
2021-10-29,0.27130528253584024
2021-11-01,0.2714833478210402
2021-11-02,0.2700154074289408
2021-11-03,0.26555401148556157
2021-11-04,0.26808549286741123
2021-11-05,0.26309088833363864
2021-11-08,0.2651155371944091
2021-11-09,0.26298761038962704
2021-11-10,0.26175096989723184
2021-11-11,0.26611512485557126
2021-11-12,0.2610901408838028
2021-11-15,0.26458605177596084
2021-11-16,0.26350068869703347
2021-11-17,0.25594949409969175
2021-11-18,0.2599515383558926
2021-11-19,0.25607369271887565
2021-11-22,0.2500347312524065
2021-11-23,0.2449750756012152
2021-11-24,0.24411819866408166
2021-11-26,0.2436488619147141
2021-11-29,0.26773344060049914
2021-11-30,0.27117793717560623
2021-12-01,0.2852623342518318
2021-12-02,0.2858108632874036
2021-12-03,0.2852026102986976
2021-12-06,0.2818394154557419
2021-12-07,0.2816211082397078
2021-12-08,0.2993578859172195
2021-12-09,0.2968972738461972
2021-12-10,0.2927371995469854
2021-12-13,0.2870775714207013
2021-12-14,0.2872555421750729
2021-12-15,0.2755489707952703
2021-12-16,0.2829765937651213
2021-12-17,0.2781082029841878
2021-12-20,0.2740920088447158
2021-12-21,0.27728990705592355
2021-12-22,0.2896668052690597
2021-12-23,0.2787696605699314
2021-12-27,0.2807713042122772
2021-12-28,0.281753505116928
2021-12-29,0.2805720244241583
2021-12-30,0.27303571490247586
2021-12-31,0.27175041094497593
2022-01-03,0.2740576428796556
2022-01-04,0.27020751867842163
2022-01-05,0.2659388560832341
2022-01-06,0.27617094394962616
2022-01-07,0.27180521457315243
2022-01-10,0.27144228539739784
2022-01-11,0.2635919526332605
2022-01-12,0.26557944473970846
2022-01-13,0.2650906610476543
2022-01-14,0.26883492480733606
2022-01-18,0.2652707906913574
2022-01-19,0.2787307641508209
2022-01-20,0.28661743057854727
2022-01-21,0.29054388411448917
2022-01-24,0.2999595380287856
2022-01-25,0.30662257117063485
2022-01-26,0.3067857198456496
2022-01-27,0.30404640848296033
2022-01-28,0.2968073636775158
2022-01-31,0.3046546947311557
2022-02-01,0.3150968792769377
2022-02-02,0.31902939881071124
2022-02-03,0.31624172602643164
2022-02-04,0.3206823330795028
2022-02-07,0.3191609679787486
2022-02-08,0.3167226475154847
2022-02-09,0.3201478603232838
2022-02-10,0.3245348040722314
2022-02-11,0.32818968739325916
2022-02-14,0.33763601067476123
2022-02-15,0.3378517540279637
2022-02-16,0.35073662535246647
2022-02-17,0.3536346915471115
2022-02-18,0.3632209502325065
2022-02-22,0.36383710861173246
2022-02-23,0.36438778115978315
2022-02-24,0.3569317801305208
2022-02-25,0.35150935345743306
2022-02-28,0.34888942971719916
2022-03-01,0.34782487462094086
2022-03-02,0.3498509710228377
2022-03-03,0.35924567098088783
2022-03-04,0.3598285418842238
2022-03-07,0.35239199361632967
2022-03-08,0.3653902738301587
2022-03-09,0.36475676104871024
2022-03-10,0.3858558915868896
2022-03-11,0.3845866055564638
2022-03-14,0.3865771618972595
2022-03-15,0.38052503557955986
2022-03-16,0.39988370419945973
2022-03-17,0.41250170057969066
2022-03-18,0.4134536419468718
2022-03-21,0.41086143618472243
2022-03-22,0.4097039531016195
2022-03-23,0.41038431258751545
2022-03-24,0.41107384598307994
2022-03-25,0.4146626784217537
2022-03-28,0.41435291802175267
2022-03-29,0.4139778693081475
2022-03-30,0.41476764264182736
2022-03-31,0.417491967110337
2022-04-01,0.423021616053991
2022-04-04,0.42079814692219686
2022-04-05,0.42335967232134714
2022-04-06,0.4292052829185148
2022-04-07,0.428853884748084
2022-04-08,0.42812557032991655
2022-04-11,0.4268471913006874
2022-04-12,0.42743194807773816
2022-04-13,0.431813755162889
2022-04-14,0.42832204011513353
2022-04-18,0.42876845984756495
2022-04-19,0.4252702965048595
2022-04-20,0.42732522560920344
2022-04-21,0.4211901063680504
2022-04-22,0.42159092397100717
2022-04-25,0.4351402300635543
2022-04-26,0.4471174806483981
2022-04-27,0.45606431651256124
2022-04-28,0.44533500866073067
2022-04-29,0.4536571689947906
2022-05-02,0.46856061682686184
2022-05-03,0.4697002500657662
2022-05-04,0.4702145640876781
2022-05-05,0.4810890775742916
2022-05-06,0.4921862472055496
2022-05-09,0.48849190347514343
2022-05-10,0.4974810046264071
2022-05-11,0.49082076644506023
2022-05-12,0.4908503400259112
2022-05-13,0.48006519579606277
2022-05-16,0.4902002841059599
2022-05-17,0.48807084187781075
2022-05-18,0.4904206396509732
2022-05-19,0.5055722737110296
2022-05-20,0.4974289543452096
2022-05-23,0.5021282388421632
2022-05-24,0.49988722604383445
2022-05-25,0.5004918740152426
2022-05-26,0.5015449158870102
2022-05-27,0.5032415595094666
2022-05-31,0.5096398061062902
2022-06-01,0.5107840785485719
2022-06-02,0.505676291107086
2022-06-03,0.5150380009141241
2022-06-06,0.5124011869984878
2022-06-07,0.5149014986576517
2022-06-08,0.5162087312711293
2022-06-09,0.5192065069401315
2022-06-10,0.5236441039999139
2022-06-13,0.5290144886506061
2022-06-14,0.5439444608818514
2022-06-15,0.5373814514846911
2022-06-16,0.5399455366839306
2022-06-17,0.5460145163527014
2022-06-21,0.5436570157435285
2022-06-22,0.5481945650557162
2022-06-23,0.5468202040022644
2022-06-24,0.5440886987586988
2022-06-27,0.5551990867567816
2022-06-28,0.5551163003904103
2022-06-29,0.5567356409282901
2022-06-30,0.5563160313392085
2022-07-01,0.556392488557326
2022-07-05,0.5493484767355397
2022-07-06,0.548960866028042
2022-07-07,0.5487633821760811
2022-07-08,0.5541242279295311
2022-07-11,0.5563490462520181
2022-07-12,0.5575514358833898
2022-07-13,0.5546997626714056
2022-07-14,0.5558683678552441
2022-07-15,0.5551815920921334
2022-07-18,0.5552079073676048
2022-07-19,0.5627029168325832
2022-07-20,0.5680011559317125
2022-07-21,0.5612424378531415
2022-07-22,0.5585331607580418
2022-07-25,0.5519119302128173
2022-07-26,0.5575538957143226
2022-07-27,0.552478835799771
2022-07-28,0.544964743482723
2022-07-29,0.5453498809827555
2022-08-01,0.5437903668634889
2022-08-02,0.5359172862673446
2022-08-03,0.5214302317136982
2022-08-04,0.5235745134611713
2022-08-05,0.5098293780603687
2022-08-08,0.5122955128767865
2022-08-09,0.5101891695458721
2022-08-10,0.5140948168615125
2022-08-11,0.5145613647512765
2022-08-12,0.5142744647354338
2022-08-15,0.5171530627889656
2022-08-16,0.49409876495570393
2022-08-17,0.5000946288050293
2022-08-18,0.5057969239671265
2022-08-19,0.5046633080861369
2022-08-22,0.511387595757014
2022-08-23,0.5199694162160147
2022-08-24,0.5116304873649968
2022-08-25,0.5048018357392358
2022-08-26,0.5079230882727821
2022-08-29,0.5288538585625411
2022-08-30,0.5261794122279337
2022-08-31,0.5243106454127745
2022-09-01,0.5257205256042312
2022-09-02,0.5183853451336388
2022-09-06,0.5192869847926089
2022-09-07,0.5115108258853767
2022-09-08,0.5036736442164447
2022-09-09,0.4780668088564818
2022-09-12,0.4886024796818973
2022-09-13,0.4880405660354055
2022-09-14,0.5039592059444415
2022-09-15,0.5045730608897304
2022-09-16,0.49225720366585085
2022-09-19,0.4929470600484335
2022-09-20,0.4972629243312233
2022-09-21,0.48200509076263864
2022-09-22,0.4871327921281171
2022-09-23,0.48038911477713886
2022-09-26,0.4857695875197026
2022-09-27,0.4867627416705917
2022-09-28,0.4944032786265309
2022-09-29,0.5057459087541669
2022-09-30,0.512680617568649
2022-10-03,0.508811429030892
2022-10-04,0.5193104701844895
2022-10-05,0.5358883586815316
2022-10-06,0.5398008637209298
2022-10-07,0.5399109319466435
2022-10-10,0.5565687769079278
2022-10-11,0.5530485312328622
2022-10-12,0.5510568814287979
2022-10-13,0.5418112155900429
2022-10-14,0.5482339098447412
2022-10-17,0.5548216373468451
2022-10-18,0.56512090120699
2022-10-19,0.5664767281393827
2022-10-20,0.566495749439181
2022-10-21,0.5547421875724313
2022-10-24,0.5672575344865095
2022-10-25,0.5746589997752747
2022-10-26,0.5800058513227598
2022-10-27,0.5706885081040428
2022-10-28,0.5561052590722858
2022-10-31,0.560742804278478
2022-11-01,0.5634772210805632
2022-11-02,0.560989894323806
2022-11-03,0.5671108118971669
2022-11-04,0.5507857572057668
2022-11-07,0.5459180510456281
2022-11-08,0.5383465434355189
2022-11-09,0.5310140512219877
2022-11-10,0.5360851571787033
2022-11-11,0.5737704332891971
2022-11-14,0.5718180908520474
2022-11-15,0.5687965130315192
2022-11-16,0.5611569144685433
2022-11-17,0.5640379215771874
2022-11-18,0.5613176731365732
2022-11-21,0.5573160641952933
2022-11-22,0.5424764851282253
2022-11-23,0.5430117701107635
2022-11-25,0.5425954355347931
2022-11-28,0.5417166530859082
2022-11-29,0.5496883909216511
2022-11-30,0.5490325514589481
2022-12-01,0.552937393011253
2022-12-02,0.5465169230978107
2022-12-05,0.5446596454941396
2022-12-06,0.5439490332520125
2022-12-07,0.5446743521636013
2022-12-08,0.520953606741273
2022-12-09,0.5181212201615456
2022-12-12,0.522850939664162
2022-12-13,0.5269039094202426
2022-12-14,0.5258547171804967
2022-12-15,0.5238647982428104
2022-12-16,0.5339641162158895
2022-12-19,0.5352057059335187
2022-12-20,0.5341816717887533
2022-12-21,0.5327319179208666
2022-12-22,0.5364485157605534
2022-12-23,0.5358561222115769
2022-12-27,0.5307487167983338
2022-12-28,0.5287573132892952
2022-12-29,0.5229863532272093
2022-12-30,0.5123448798464674
2023-01-03,0.5140996604405031
2023-01-04,0.5132232391198535
2023-01-05,0.4959003537630996
2023-01-06,0.4938561322167572
2023-01-09,0.5014183375432533
2023-01-10,0.4971019480856553
2023-01-11,0.4931892998548769
2023-01-12,0.48529582183726294
2023-01-13,0.4779087666029216
2023-01-17,0.47719140692649603
2023-01-18,0.47687261657425534
2023-01-19,0.48678500758445636
2023-01-20,0.47506183641126726
2023-01-23,0.4792935766296273
2023-01-24,0.4778445068179647
2023-01-25,0.48847016517335645
2023-01-26,0.4974580865821648
2023-01-27,0.4928750242179257
2023-01-30,0.48620374518744314
2023-01-31,0.49448118060497576
2023-02-01,0.48620094423769233
2023-02-02,0.4908718179043824
2023-02-03,0.48892124643938845
2023-02-06,0.490066527360828
2023-02-07,0.4979132440606123
2023-02-08,0.4903220779606026
2023-02-09,0.43123914806687036
2023-02-10,0.4252141101964193
2023-02-13,0.42220951162619813
2023-02-14,0.42521494176239466
2023-02-15,0.4186859316942925
2023-02-16,0.41952568580632926
2023-02-17,0.42389193338811637
2023-02-21,0.42242603302750975
2023-02-22,0.42946595709257135
2023-02-23,0.4257504044422541
2023-02-24,0.42429843454609406
2023-02-27,0.4185372434462171
2023-02-28,0.4185340725882453
2023-03-01,0.4023031541716129
2023-03-02,0.40671631521920715
2023-03-03,0.40597414926831477
2023-03-06,0.40067483648627283
2023-03-07,0.3935028617804802
2023-03-08,0.3992780081233724
2023-03-09,0.4006078959487496
2023-03-10,0.40597795706018613
2023-03-13,0.40151595720680416
2023-03-14,0.3963983906565521
2023-03-15,0.40150278674486517
2023-03-16,0.37268777801518804
2023-03-17,0.37895710376458774
2023-03-20,0.3781142070559743
2023-03-21,0.3788119011234796
2023-03-22,0.37736310771419
2023-03-23,0.37801678236522157
2023-03-24,0.3741771307932198
2023-03-27,0.37362168304781296
2023-03-28,0.3664249386301348
2023-03-29,0.355831899674466
2023-03-30,0.3607841628550128
2023-03-31,0.36433341976070327
2023-04-03,0.36985865362767606
2023-04-04,0.36842875540399805
2023-04-05,0.35844640386410953
2023-04-06,0.35937648791176025
2023-04-10,0.35513225412973226
2023-04-11,0.3534840060767703
2023-04-12,0.3530961008106869
2023-04-13,0.3541096325302062
2023-04-14,0.3581417898773287
2023-04-17,0.3491146399432679
2023-04-18,0.34611994188589856
2023-04-19,0.3364690028798851
2023-04-20,0.3279330281873559
2023-04-21,0.3246621296568931
2023-04-24,0.32505231337942037
2023-04-25,0.3268437650298509
2023-04-26,0.3416510091824343
2023-04-27,0.3328769284049426
2023-04-28,0.3337470723559358
2023-05-01,0.3285485196439339
2023-05-02,0.3248216791633553
2023-05-03,0.32187911755162885
2023-05-04,0.31654335636127456
2023-05-05,0.3113832196783596
2023-05-08,0.31732203948722276
2023-05-09,0.3213679800109798
2023-05-10,0.32160083904335196
2023-05-11,0.3160560077945505
2023-05-12,0.31321196158179115
2023-05-15,0.31331756466434024
2023-05-16,0.3085735854632615
2023-05-17,0.3089445962468066
2023-05-18,0.30158079322332093
2023-05-19,0.3092313755320038
2023-05-22,0.31111278484234567
2023-05-23,0.30597365879164556
2023-05-24,0.30799729426866146
2023-05-25,0.306400986930504
2023-05-26,0.3004811903647861
2023-05-30,0.31077981854475495
2023-05-31,0.30588828327846934
2023-06-01,0.307186105750498
2023-06-02,0.29979959377935766
2023-06-05,0.30057996682507776
2023-06-06,0.2895183324508222
2023-06-07,0.2788616197188875
2023-06-08,0.27717813027605503
2023-06-09,0.27128843936160907
2023-06-12,0.27046392848149764
2023-06-13,0.26381888055375785
2023-06-14,0.26197308499162986
2023-06-15,0.2593287387034472
2023-06-16,0.2586670673349126
2023-06-20,0.24775142824414428
2023-06-21,0.2516844875887285
2023-06-22,0.2557570088270794
2023-06-23,0.25655431583332333
2023-06-26,0.2588606531837407
2023-06-27,0.2501873292192934
2023-06-28,0.25450295817699764
2023-06-29,0.2497778967254263
2023-06-30,0.24894070081760608
2023-07-03,0.24918051782751413
2023-07-05,0.24666394803573088
2023-07-06,0.24855260142188032
2023-07-07,0.2549231290879613
2023-07-10,0.2550455492849058
2023-07-11,0.25375847370967136
2023-07-12,0.25171014742467973
2023-07-13,0.2550281231056051
2023-07-14,0.2584165525973228
2023-07-17,0.25923087185365834
2023-07-18,0.25863026687205565
2023-07-19,0.25982750359341006
2023-07-20,0.2584994560907969
2023-07-21,0.26094686351229773
2023-07-24,0.24583823097223767
2023-07-25,0.24786683357099523
2023-07-26,0.24620634637483102
2023-07-27,0.24071279602685752
2023-07-28,0.23529966315293122
2023-07-31,0.23127970554570593
2023-08-01,0.23158084456301076
2023-08-02,0.22725095149127192
2023-08-03,0.23068831411616003
2023-08-04,0.229652103810774
2023-08-07,0.2273461043609668
2023-08-08,0.2286961063868828
2023-08-09,0.23179358144195575
2023-08-10,0.2365422448160088
2023-08-11,0.2352004324109047
2023-08-14,0.2350762780688681
2023-08-15,0.22877119794711864
2023-08-16,0.23018150746450272
2023-08-17,0.232874895455656
2023-08-18,0.23464154780162028
2023-08-21,0.23153384867278115
2023-08-22,0.23272426591696213
2023-08-23,0.23307559806774977
2023-08-24,0.224935871848394
2023-08-25,0.23789400341099248
2023-08-28,0.2361554360047735
2023-08-29,0.23747466758049912
2023-08-30,0.2402610843439626
2023-08-31,0.24060909370648048
2023-09-01,0.2413489862421384
2023-09-05,0.2437051323892792
2023-09-06,0.2442029954313276
2023-09-07,0.24558514264534323
2023-09-08,0.24213026041181757
2023-09-11,0.2425279766653449
2023-09-12,0.2439670503604762
2023-09-13,0.24041278309991812
2023-09-14,0.24087023478195024
2023-09-15,0.2398976061916871
2023-09-18,0.24164752159878114
2023-09-19,0.24360084144378366
2023-09-20,0.24118424368483127
2023-09-21,0.24502981991058134
2023-09-22,0.25030385453999054
2023-09-25,0.25057050361883865
2023-09-26,0.25377626625062244
2023-09-27,0.25829344000220855
2023-09-28,0.2589717479341079
2023-09-29,0.26012559831216037
2023-10-02,0.25423043010417906
2023-10-03,0.25389843370317483
2023-10-04,0.261491237352228
2023-10-05,0.2617904435396066
2023-10-06,0.26132333313176026
2023-10-09,0.26137183775760225
2023-10-10,0.2623765777062439
2023-10-11,0.2616169228485273
2023-10-12,0.26317796178465847
2023-10-13,0.2642991615746879
2023-10-16,0.2663947866095289
2023-10-17,0.2717341566481306
2023-10-18,0.27042210468843664
2023-10-19,0.27774802434406876
2023-10-20,0.285241724378667
2023-10-23,0.2966963237458863
2023-10-24,0.29532154166628843
2023-10-25,0.2994229855733264
2023-10-26,0.310151976138129
2023-10-27,0.302955063607027
2023-10-30,0.3017022042985917
2023-10-31,0.3112229053470568
2023-11-01,0.3068845779929817
2023-11-02,0.3139049782896386
2023-11-03,0.324750473993899
2023-11-06,0.33117973979908516
2023-11-07,0.3312381153617915
2023-11-08,0.32746621507131946
2023-11-09,0.3196599539060737
2023-11-10,0.31903713681496826
2023-11-13,0.3317624008870378
2023-11-14,0.33114406329926166
2023-11-15,0.3451420744601104
2023-11-16,0.3440175394024365
2023-11-17,0.33088255988933124
2023-11-20,0.3207738679377655
2023-11-21,0.3233533228462762
2023-11-22,0.3226688076838787
2023-11-24,0.31695883923719
2023-11-27,0.31739955371988354
2023-11-28,0.32303865049392577
2023-11-29,0.32728587442236845
2023-11-30,0.32536677275255527
2023-12-01,0.3223573339549948
2023-12-04,0.32455938138027246
2023-12-05,0.3247077098652301
2023-12-06,0.3240621287998061
2023-12-07,0.3265908316157949
2023-12-08,0.329219810260433
2023-12-11,0.3291169239388931
2023-12-12,0.32009980334924576
2023-12-13,0.3169277208247927
2023-12-14,0.31971217377171307
2023-12-15,0.3070716115780518
2023-12-18,0.29153564177133284
2023-12-19,0.2908010630078809
2023-12-20,0.29120940803971995
2023-12-21,0.29361362765525617
2023-12-22,0.29711734025271924
2023-12-26,0.29898581863507007
2023-12-27,0.30036461327686953
2023-12-28,0.30231676987499756
2023-12-29,0.29155433577368645
2024-01-02,0.294064363134152
2024-01-03,0.2982512508574631
2024-01-04,0.2986507072507818
2024-01-05,0.2991781400369979
2024-01-08,0.2991338991798048
2024-01-09,0.3038794974155986
2024-01-10,0.302978128289628
2024-01-11,0.2978383131933522
2024-01-12,0.2952716070228761
2024-01-16,0.29431130506085285
2024-01-17,0.28299094423767285
2024-01-18,0.2868145120391836
2024-01-19,0.28068580839467083
2024-01-22,0.28539358708873586
2024-01-23,0.28369306558794316
2024-01-24,0.2681894702864541
2024-01-25,0.2636508978595748
2024-01-26,0.26124290375070197
2024-01-29,0.26072994777793773
2024-01-30,0.26572507175903637
2024-01-31,0.2611377314612053
2024-02-01,0.26667787861971587
2024-02-02,0.26305554938234943
2024-02-05,0.2602209416401613
2024-02-06,0.26297910135533714
2024-02-07,0.256289799210495
2024-02-08,0.25598918309495033
2024-02-09,0.24019438186089806
2024-02-12,0.2388800710611689
2024-02-13,0.22555225628239853
2024-02-14,0.23624185730410385
2024-02-15,0.24532406119702185
2024-02-16,0.24276619304931457
2024-02-20,0.24133514835831896
2024-02-21,0.24124270850714438
2024-02-22,0.23794679194565063
2024-02-23,0.2508694500169396
2024-02-26,0.247981205588797
2024-02-27,0.2463019357885602
2024-02-28,0.24713633012890807
2024-02-29,0.24931222837421207
2024-03-01,0.25031150767261007
2024-03-04,0.24738008764927508
2024-03-05,0.24540816425883746
2024-03-06,0.2515086512852683
2024-03-07,0.2495859706552991
2024-03-08,0.24595473680713606
2024-03-11,0.247412209194391
2024-03-12,0.25114389337042387
2024-03-13,0.24933099756022659
2024-03-14,0.252410313489614
2024-03-15,0.25299706820135426
2024-03-18,0.25405670383479206
2024-03-19,0.2525285189381115
2024-03-20,0.2438595212061532
2024-03-21,0.24459227545594647
2024-03-22,0.23969023077931212
2024-03-25,0.24003545402369314
2024-03-26,0.23977451501315697
2024-03-27,0.23801149239891958
2024-03-28,0.23434675896516924
2024-04-01,0.22703253102963997
2024-04-02,0.22266506414217516
2024-04-03,0.22514266895433832
2024-04-04,0.22298491273601218
2024-04-05,0.22463243350341633
2024-04-08,0.22754840505723545
2024-04-09,0.22735999531005413
2024-04-10,0.2262163633184676
2024-04-11,0.2303914429290555
2024-04-12,0.23237906312445994
2024-04-15,0.24293504500770427
2024-04-16,0.245158929994782
2024-04-17,0.23756443155802848
2024-04-18,0.23785147352007674
2024-04-19,0.23959066608711962
2024-04-22,0.24642462175397212
2024-04-23,0.2510524191590553
2024-04-24,0.25689447379124253
2024-04-25,0.2520817053391704
2024-04-26,0.2484568011786885
2024-04-29,0.2419802065748943
2024-04-30,0.24108397395766348
2024-05-01,0.2458956764451139
2024-05-02,0.2454075171292627
2024-05-03,0.2532142544325701
2024-05-06,0.2535070297363422
2024-05-07,0.26159441347210843
2024-05-08,0.2589538989195887
2024-05-09,0.2579152450662725
2024-05-10,0.2506259923019783
2024-05-13,0.24578182645289826
2024-05-14,0.24766630701986272
2024-05-15,0.24973004271594287
2024-05-16,0.2548351500698396
2024-05-17,0.25570863792469656
2024-05-20,0.24225474335417704
2024-05-21,0.24351291190536908
2024-05-22,0.2435918002810443
2024-05-23,0.24132333385323687
2024-05-24,0.2441080549607787
2024-05-28,0.2421472504643654
2024-05-29,0.24021239716701834
2024-05-30,0.2435555698527957
2024-05-31,0.2349578487994117
2024-06-03,0.23624421509632337
2024-06-04,0.2359342957623637
2024-06-05,0.23579689480740934
2024-06-06,0.23982661358504884
2024-06-07,0.23832517069886758
2024-06-10,0.23756342494769758
2024-06-11,0.2371285755829796
2024-06-12,0.2353391464258543
2024-06-13,0.23535318347632792
2024-06-14,0.23378840903956097
2024-06-17,0.2274587250634271
2024-06-18,0.2301067891805579
2024-06-20,0.22917417344315053
2024-06-21,0.2275636014913653
2024-06-24,0.22735000537876812
2024-06-25,0.22803159043440965
2024-06-26,0.22888165963859497
2024-06-27,0.2297493387385812
2024-06-28,0.2266324475112961
2024-07-01,0.2264256137976372
2024-07-02,0.22053868755699982
2024-07-03,0.21933107109465966
2024-07-05,0.2202808749244105
2024-07-08,0.21997886071421288
2024-07-09,0.2171389591023757
2024-07-10,0.21434994632345267
2024-07-11,0.20645443218463125
2024-07-12,0.204455004026222
2024-07-15,0.20426809987216696
2024-07-16,0.20166437199905293
2024-07-17,0.20032722013607918
2024-07-18,0.2151253839335419
2024-07-19,0.21502111945324046
2024-07-22,0.2096261258503267
2024-07-23,0.21177521847428704
2024-07-24,0.215842319777879
2024-07-25,0.23825759122012644
2024-07-26,0.23917019661973726
2024-07-29,0.2367421024775944
2024-07-30,0.23817814478216107
2024-07-31,0.24030073029860044
2024-08-01,0.24483187221802696
2024-08-02,0.24915773928961285
2024-08-05,0.2713833445473346
2024-08-06,0.2788804531560685
2024-08-07,0.28279353918581746
2024-08-08,0.28350765131852496
2024-08-09,0.3025272278008652
2024-08-12,0.3018348481678768
2024-08-13,0.29754495277866955
2024-08-14,0.30487728200377745
2024-08-15,0.3050232809128857
2024-08-16,0.31440584468911886
2024-08-19,0.3151123308125283
2024-08-20,0.3188927767302187
2024-08-21,0.317502851268007
2024-08-22,0.3189621065614571
2024-08-23,0.32177341408351323
2024-08-26,0.32129180916425176
2024-08-27,0.3251002412339592
2024-08-28,0.3287921614042533
2024-08-29,0.3346488050441404
2024-08-30,0.3356744066358238
2024-09-03,0.3344354946113948
2024-09-04,0.3499428232860877
2024-09-05,0.34975170762190577
2024-09-06,0.3502445243559086
2024-09-09,0.3606759874822336
2024-09-10,0.3652990404851289
2024-09-11,0.36280037579294305
2024-09-12,0.3708166157318807
2024-09-13,0.3689180602500422
2024-09-16,0.3664032120036819
2024-09-17,0.3691537785287558
2024-09-18,0.36924423349498503
2024-09-19,0.3707698178295338
2024-09-20,0.37842499357981546
2024-09-23,0.3780727123697858
2024-09-24,0.380217974852967
2024-09-25,0.3795701217942109
2024-09-26,0.38079137439159194
2024-09-27,0.3760959621450306
2024-09-30,0.37484242108955196
2024-10-01,0.37652490149859
2024-10-02,0.38149448998373137
2024-10-03,0.3824722251366678
2024-10-04,0.38352706938660575
2024-10-07,0.3884240697833356
2024-10-08,0.38881150586080093
2024-10-09,0.38937052355123575
2024-10-10,0.39206454470978025
2024-10-11,0.38817569938347746
2024-10-14,0.385983013592469
2024-10-15,0.3852777326486858
2024-10-16,0.3843059622053936
2024-10-17,0.38489297030830466
2024-10-18,0.3706789561629262
2024-10-21,0.3765710138197131
2024-10-22,0.37601494727532997
2024-10-23,0.37385683251846474
2024-10-24,0.3776885929507916
2024-10-25,0.37029976189912
2024-10-28,0.35951181260766835
2024-10-29,0.33504648596495307
2024-10-30,0.31432007491395125
2024-10-31,0.3121582432618683
2024-11-01,0.31637287496130917
2024-11-04,0.2897121007931513
2024-11-05,0.2903672792673134
2024-11-06,0.29218873802247725
2024-11-07,0.30791271337266646
2024-11-08,0.30531964067762407
2024-11-11,0.2915177570776985
2024-11-12,0.2864910703606976
2024-11-13,0.28481032227168135
2024-11-14,0.2840161692092788
2024-11-15,0.2845819858889783
2024-11-18,0.2833456811313015
2024-11-19,0.28241585578826045
2024-11-20,0.27829716258134146
2024-11-21,0.27773712236478615
2024-11-22,0.27249274505072985
2024-11-25,0.2712706867402619
2024-11-26,0.266757097879726
2024-11-27,0.24134592547340053
2024-11-29,0.24380824269807888
2024-12-02,0.24370555959475645
2024-12-03,0.23024537075009952
2024-12-04,0.22705056832199869
2024-12-05,0.22849960315573148
2024-12-06,0.22562952194226402
2024-12-09,0.22624371083683315
2024-12-10,0.2295604717489079
2024-12-11,0.23040874985382892
2024-12-12,0.23229147583951787
2024-12-13,0.22806338103941623
2024-12-16,0.21293078876790625
2024-12-17,0.21482388272348973
2024-12-18,0.21676714582593884
2024-12-19,0.24122813810453178
2024-12-20,0.2383341549842572
2024-12-23,0.24199404783149414
2024-12-24,0.2413396254646894
2024-12-26,0.24380752395317704
2024-12-27,0.24127310336109134
2024-12-30,0.24551069997036087
2024-12-31,0.2499080118632037
2025-01-02,0.24809623560825983
2025-01-03,0.24567298936902557
2025-01-06,0.248980179199729
2025-01-07,0.24746321553436645
2025-01-08,0.24915252305806282
2025-01-10,0.24876028491101804
2025-01-13,0.2522466796408843
2025-01-14,0.25077155495955955
2025-01-15,0.25262329803370415
2025-01-16,0.2608132738185
2025-01-17,0.26048093608881423
2025-01-21,0.26330173755859976
2025-01-22,0.2642349687915603
2025-01-23,0.26334898032201953
2025-01-24,0.26687076180937175
2025-01-27,0.26734020724157015
2025-01-28,0.2690934451956621
2025-01-29,0.26660966410073944
2025-01-30,0.2677515584025126
2025-01-31,0.25623160532254124
2025-02-03,0.2570063153491792
2025-02-04,0.2575697786243425
2025-02-05,0.25535539383160283
2025-02-06,0.23522064814218627
2025-02-07,0.237294007170408
2025-02-10,0.23879047873390813
2025-02-11,0.24236939938442842
2025-02-12,0.2424182549284532
2025-02-13,0.24169675286144568
2025-02-14,0.23986820659341937
2025-02-18,0.2382416180482448
2025-02-19,0.23680429295760402
2025-02-20,0.2359032676610834
2025-02-21,0.23790429375086605
2025-02-24,0.2501221306106521
2025-02-25,0.25282921061936325
2025-02-26,0.25520435833840566
2025-02-27,0.25564924597389177
2025-02-28,0.26178260971882894
2025-03-03,0.26432033817499856
2025-03-04,0.273231013722838
2025-03-05,0.27286518629345463
2025-03-06,0.27408165512394217
2025-03-07,0.2887169692511538
2025-03-10,0.2846383221132934
2025-03-11,0.30498147526886776
2025-03-12,0.30124533255598984
2025-03-13,0.3025850880419269
2025-03-14,0.3073771595483004
2025-03-17,0.3224702321879107
2025-03-18,0.3253847056559588
2025-03-19,0.32674640191637505
2025-03-20,0.31579395584289494
2025-03-21,0.31955548882500134
2025-03-24,0.3166529052410071
2025-03-25,0.3265476453859885
2025-03-26,0.323663542005524
2025-03-27,0.3271914963135029
2025-03-28,0.3252868634803014
2025-03-31,0.3307051507613284
2025-04-01,0.32995551191350136
2025-04-02,0.3294925091613829
2025-04-03,0.3277673040206708
2025-04-04,0.3812157232750031
2025-04-07,0.4236641559173047
2025-04-08,0.4214355227589876
2025-04-09,0.42157837013503446
2025-04-10,0.5182329427977748
2025-04-11,0.5266654850698866
2025-04-14,0.52447156366964
2025-04-15,0.5261965946614306
2025-04-16,0.5253916180531137
2025-04-17,0.527709971455803
2025-04-21,0.5262663751025013
2025-04-22,0.5297350244329369
2025-04-23,0.5356307202445029
2025-04-24,0.5603559187385251
2025-04-25,0.5636403469333697
2025-04-28,0.5640978486002102
2025-04-29,0.5713590700537563
2025-04-30,0.5732967961726834
2025-05-01,0.5721245321425752
2025-05-02,0.5678372451452602
2025-05-05,0.5751091369079386
2025-05-06,0.5771290253508934
2025-05-07,0.5791224342769723
2025-05-08,0.576824312164132
2025-05-09,0.5768391719158381
2025-05-12,0.5786408681553397
2025-05-13,0.5847502581701631
2025-05-14,0.5846753500242879
2025-05-15,0.5865364715722683
2025-05-16,0.5872753704851332
2025-05-19,0.588963346136692
2025-05-20,0.5878171033867792
2025-05-21,0.5899645013061565
2025-05-22,0.592202509874055
2025-05-23,0.5972453317923294
2025-05-27,0.5972451670673056
2025-05-28,0.5993871129735979
2025-05-29,0.6002918814057682
2025-05-30,0.6031470857333382
2025-06-02,0.6026448023616313
2025-06-03,0.6030647953148159
2025-06-04,0.6083071922475692
2025-06-05,0.60621361886714
2025-06-06,0.6101485636016207
2025-06-09,0.6122231201446553
2025-06-10,0.6160324908231458
2025-06-11,0.611214172798476
2025-06-12,0.6106512237138364
2025-06-13,0.6068071311307851
2025-06-16,0.6051028497019622
2025-06-17,0.6070576637333571
2025-06-18,0.6077998145520644
2025-06-20,0.6027589264628475
2025-06-23,0.6018209458701663
2025-06-24,0.60169870635761
2025-06-25,0.6027567733943142
2025-06-26,0.5989442202513934
2025-06-27,0.6007589079009527
2025-06-30,0.5999815216959624
2025-07-01,0.5991718786822445
2025-07-02,0.5864891669152104
2025-07-03,0.5349097634915346
2025-07-07,0.5379323434873661
2025-07-08,0.5376379132190984
2025-07-09,0.3890575340167977
2025-07-10,0.3454695352737821
2025-07-11,0.3470397193314148
2025-07-14,0.3493063109255652
2025-07-15,0.34856861307401854
2025-07-16,0.3326414076348627
2025-07-17,0.33417082454403957
2025-07-18,0.31524235158933506
2025-07-21,0.3037511452144781
2025-07-22,0.29198347145598186
2025-07-23,0.2733510553244562
2025-07-24,0.2678456716989211
2025-07-25,0.26444720212333617
2025-07-28,0.2638255617507269
2025-07-29,0.26635942785315925
2025-07-30,0.2704248173574587
2025-07-31,0.25721263551117834
2025-08-01,0.2495326234028323
2025-08-04,0.25311668953163485
2025-08-05,0.258233753768098
2025-08-06,0.26000141281667877
2025-08-07,0.25608960989072244
2025-08-08,0.21083445054274225
2025-08-11,0.20234505121995916
2025-08-12,0.20342990723640542
2025-08-13,0.21050402937211085
2025-08-14,0.20898303742609936
2025-08-15,0.20646594203417196
2025-08-18,0.20144862124529453
2025-08-19,0.19492759123933326
2025-08-20,0.19842872247615298
2025-08-21,0.19779204728179745
2025-08-22,0.1865980261965073
2025-08-25,0.1903272804937225
2025-08-26,0.19079362660172564
2025-08-27,0.1901909209643985
2025-08-28,0.19044598448872482
2025-08-29,0.1903550581356102
2025-09-02,0.19465757624197194
2025-09-03,0.19868804763256645
2025-09-04,0.1952837878801879
2025-09-05,0.19483321184383623
2025-09-08,0.190876613208044
2025-09-09,0.19026960092670916
2025-09-10,0.19051294712221162
2025-09-11,0.1807726788101903
2025-09-12,0.17460426740835672
2025-09-15,0.17379870195169625
2025-09-16,0.17849996281034977
2025-09-17,0.17881889153654498
2025-09-18,0.17698555802508087
2025-09-19,0.17582883953751252
2025-09-22,0.17622083423880344
2025-09-23,0.17301137788412976
2025-09-24,0.17442455457787398
2025-09-25,0.17496422434931155
2025-09-26,0.1714156591846145
2025-09-29,0.1714398906912027
2025-09-30,0.16963239666272537
2025-10-01,0.16692800057170504
2025-10-02,0.1665480945252419
2025-10-03,0.16605418011164536
2025-10-06,0.1674826576996922
2025-10-07,0.16566966665764618
2025-10-08,0.16817406777776414
2025-10-09,0.16923294123368357
2025-10-10,0.16960304166757872
2025-10-13,0.1912460196342317
2025-10-14,0.19972109975092814
2025-10-15,0.1992822669070585
2025-10-16,0.1975619777994103
2025-10-17,0.20025513982769028
2025-10-20,0.2021141888638757
2025-10-21,0.20422813682695853
2025-10-22,0.20273034640310986
2025-10-23,0.2065738004006794
2025-10-24,0.21114031116065726
2025-10-27,0.2143339492159297
2025-10-28,0.20951251418078345
2025-10-29,0.20757122441549852
2025-10-30,0.20478319474988813
2025-10-31,0.20654818869187389
2025-11-03,0.2056662467500777
2025-11-04,0.2054266183501205
2025-11-05,0.21551984204886024
2025-11-06,0.20904291461316374
2025-11-07,0.2074154795404873
2025-11-10,0.20829661775928912
2025-11-11,0.215528483392033
2025-11-12,0.2174981912631348
2025-11-13,0.2132486817701012
2025-11-14,0.2240354108643304
2025-11-17,0.22336848028194792
2025-11-18,0.22379401037141966
2025-11-19,0.22466368238257264
2025-11-20,0.22361541158727008
2025-11-21,0.23937572311602748
2025-11-24,0.23918168113958543
2025-11-25,0.24415334188052945
2025-11-26,0.2425298732678583
2025-11-28,0.24383518345468597
2025-12-01,0.24810910506899053
2025-12-02,0.25057483596938557
2025-12-03,0.2511925054351923
2025-12-04,0.2506261091975729
2025-12-05,0.25276080386888405
2025-12-08,0.2529474929050814
2025-12-09,0.25270619185343735
2025-12-10,0.25021841641972453
2025-12-11,0.248518055978077
2025-12-12,0.24576415137411065
2025-12-15,0.2485174237194288
2025-12-16,0.24704766584925744
2025-12-17,0.24904022728556238
2025-12-18,0.254707705603992
2025-12-19,0.2568712741210301
2025-12-22,0.2612402898888816
2025-12-23,0.2618251616044875
2025-12-24,0.2639624784477492
2025-12-26,0.26593501779524303
2025-12-29,0.2695598943493463
2025-12-30,0.2712777463536802
2025-12-31,0.27225427057287305
2026-01-02,0.2775560387308943
2026-01-05,0.2742384345436207
2026-01-06,0.27306305892867533
2026-01-07,0.2710235550607525
2026-01-08,0.25282396384939165
2026-01-09,0.2498181143436719
2026-01-12,0.24907865067789414
2026-01-13,0.24743083532337773
2026-01-14,0.24631440887970893
2026-01-15,0.24722945453696252
2026-01-16,0.24340911364191342
2026-01-20,0.2426490188501271
2026-01-21,0.24506443334994163
2026-01-22,0.24329800654891276
2026-01-23,0.24125799600546408
2026-01-26,0.23774811587622083
2026-01-27,0.23889316209604503
2026-01-28,0.24072406466515114
2026-01-29,0.23547089122457335
2026-01-30,0.2337100149052757
2026-02-02,0.23478682250679944
2026-02-03,0.22835533225003593
2026-02-04,0.23006596513283775
2026-02-05,0.23480046187895945
2026-02-06,0.23648785070061204
2026-02-09,0.23878210962406454
2026-02-10,0.2385299917012664
2026-02-11,0.23794295472264432
2026-02-12,0.22613092408478572
2026-02-13,0.2295640235542202
2026-02-17,0.22713071707659277
2026-02-18,0.22476914495516667
2026-02-19,0.2240864667041017
2026-02-20,0.21107956750120097
2026-02-23,0.21014905036545434
2026-02-24,0.2112092434117073
2026-02-25,0.2104263508686111
2026-02-26,0.21481619044960779
2026-02-27,0.21276065322583834
2026-03-02,0.2081620800556686
2026-03-03,0.20569506057991405
2026-03-04,0.20858074860500406
2026-03-05,0.21089979436998355
2026-03-06,0.2103849838187874
2026-03-09,0.2101447117321478
2026-03-10,0.2118871222759365
2026-03-11,0.21256725896958834
2026-03-12,0.21353212411955766
2026-03-13,0.2146980894555379
2026-03-16,0.21556396738160935
2026-03-17,0.21770120534820103
2026-03-18,0.2135410468659735
2026-03-19,0.21181942691709213
2026-03-20,0.20824282141506356
2026-03-23,0.20998975383643725
2026-03-24,0.2112585105492058
2026-03-25,0.210434614391296
2026-03-26,0.20961797676829663
2026-03-27,0.21667475467186217
2026-03-30,0.22091817460023563
2026-03-31,0.22119102900612414
2026-04-01,0.23661198610046888
2026-04-02,0.24051954963260216
2026-04-06,0.24066228624356112
2026-04-07,0.24198001465834856
2026-04-08,0.242690641389539
2026-04-09,0.25662331665888255
2026-04-10,0.25684659812654737
2026-04-13,0.25680679730621736
2026-04-14,0.25951883299268225
2026-04-15,0.26021593355645534
2026-04-16,0.2603862576126323
2026-04-17,0.25670153836474807
2026-04-20,0.2590818837295707
2026-04-21,0.25977710119710956
2026-04-22,0.26023701568406427
2026-04-23,0.2585845058925868
2026-04-24,0.26071797137474984
2026-04-27,0.2613633944078463
2026-04-28,0.2652479300386064
2026-04-29,0.2664026777794808
2026-04-30,0.2613783548523468
2026-05-01,0.25865543325289114
2026-05-04,0.25873193209793327
2026-05-05,0.25650709602027344
2026-05-06,0.2542085020212971
2026-05-07,0.2548739447799588
2026-05-08,0.2563416594283744
2026-05-11,0.2561040970049383
2026-05-12,0.2519069069890382
2026-05-13,0.2527923302081039
2026-05-14,0.25282927085348206
2026-05-15,0.2511592826562986
2026-05-18,0.2549240670709186
2026-05-19,0.25723767123915176
2026-05-20,0.2536588227664084
2026-05-21,0.2547949242965013
2026-05-22,0.2504645410625576
2026-05-26,0.24799712312711367
2026-05-27,0.24999616768831845
2026-05-28,0.2499714235480127
2026-05-29,0.24465199417387645
2026-06-01,0.24506977453246698
2026-06-02,0.24163155572482287
2026-06-03,0.23778506771125657
2026-06-04,0.2377654701097868
2026-06-05,0.23376601045162101
2026-06-08,0.24392872362905807
2026-06-09,0.23763293265045987
2026-06-10,0.2378903205006097
2026-06-11,0.24051604951496924
2026-06-12,0.2456753184485722
2026-06-15,0.2448671944957453
2026-06-16,0.24847222971356583
2026-06-17,0.24466639341421198
2026-06-18,0.2437870264382332
2026-06-22,0.24427925985137114
2026-06-23,0.2421708192539667
2026-06-24,0.24100661348747937
2026-06-25,0.23663747404112598
2026-06-26,0.23118526642384213
2026-06-29,0.2294591062439397
2026-06-30,0.22721719931824197
2026-07-01,0.22695648905407645
2026-07-02,0.22832014329847766
2026-07-06,0.2351492906278656
2026-07-07,0.23311767513732887
2026-07-08,0.23712625662159625
2026-07-09,0.2379196224933554
2026-07-10,0.23825064911597707
2026-07-13,0.23803275957121628
2026-07-14,0.24160138592357272
2026-07-15,0.24080039364168201
2026-07-16,0.24124645720956028
2026-07-17,0.25020617395245315
2026-07-20,0.24957771050958918
2026-07-21,0.25021079311198735
2026-07-22,0.2526581796688264
2026-07-23,0.252310106202596
2026-07-24,0.25212608789435603
2026-07-27,0.2530762025749401
2026-07-28,0.25806208319634794
2026-07-29,0.2650257776288767
2026-07-30,0.26683484595971246
2026-07-31,0.27145334174317737
2026-08-03,0.26895422997189966
2026-08-04,0.2706619193383844
2026-08-05,0.27286269129919116
2026-08-06,0.2727740304458124
2026-08-07,0.2741777229357664
2026-08-10,0.273062360558147
2026-08-11,0.27435058556186753
2026-08-12,0.2761644835153733
2026-08-13,0.27550624851196853
2026-08-14,0.2726417488201811
