date,mean_abs_corr
2015-06-25,0.12363939821135539
2015-06-26,0.12426371453402796
2015-06-29,0.12651988277161338
2015-06-30,0.12650067188189096
2015-07-01,0.12735765218172432
2015-07-02,0.12788522945408892
2015-07-06,0.12802379584890403
2015-07-07,0.12883602110592587
2015-07-08,0.13090044177654944
2015-07-09,0.1318489011741406
2015-07-10,0.1343966424175529
2015-07-13,0.13348480671616625
2015-07-14,0.13348977041077914
2015-07-15,0.13256944232466192
2015-07-16,0.13130625411026772
2015-07-17,0.13319267674964141
2015-07-20,0.1326893150610471
2015-07-21,0.1341767949222118
2015-07-22,0.13283196453659335
2015-07-23,0.1348265212082255
2015-07-24,0.13709555586257358
2015-07-27,0.13616860155225496
2015-07-28,0.13717089453335365
2015-07-29,0.13877381703083608
2015-07-30,0.1382193132973786
2015-07-31,0.1390905444123207
2015-08-03,0.1377933312715762
2015-08-04,0.1375728459178063
2015-08-05,0.13801442860907237
2015-08-06,0.1362860311150348
2015-08-07,0.13629160057292186
2015-08-10,0.13533141233052137
2015-08-11,0.13684402872964707
2015-08-12,0.13728026216974715
2015-08-13,0.13814922904828492
2015-08-14,0.1380532761655322
2015-08-17,0.1375497773061644
2015-08-18,0.1376904626994563
2015-08-19,0.13778901747624034
2015-08-20,0.13746485279550363
2015-08-21,0.13837381665417034
2015-08-24,0.14027916645678778
2015-08-25,0.1407130928369141
2015-08-26,0.14084434737713192
2015-08-27,0.13995972618022204
2015-08-28,0.1409458426166832
2015-08-31,0.1418804312899507
2015-09-01,0.14098050842440388
2015-09-02,0.14082931316108246
2015-09-03,0.1409661593513217
2015-09-04,0.1402573019293513
2015-09-08,0.14049023941229183
2015-09-09,0.14019425105618863
2015-09-10,0.1395328756293824
2015-09-11,0.1385406597908316
2015-09-14,0.1379948553112386
2015-09-15,0.1384018299223842
2015-09-16,0.1379345855233457
2015-09-17,0.13821663842910503
2015-09-18,0.13655146316753175
2015-09-21,0.13600672256380816
2015-09-22,0.1359487256898044
2015-09-23,0.13182461572823145
2015-09-24,0.13257566083948408
2015-09-25,0.13094505773507842
2015-09-28,0.12983946251741912
2015-09-29,0.12934666135200973
2015-09-30,0.1290250055106057
2015-10-01,0.1302525625551344
2015-10-02,0.13125242233951961
2015-10-05,0.1313731325759527
2015-10-06,0.13107670753860454
2015-10-07,0.1329094378458139
2015-10-08,0.13324994924041242
2015-10-09,0.13291296612541983
2015-10-12,0.1347204853228939
2015-10-13,0.13547359381303284
2015-10-14,0.13598937667700328
2015-10-15,0.140651369309877
2015-10-16,0.1425870789677046
2015-10-19,0.14316489415078598
2015-10-20,0.14476138484487103
2015-10-21,0.14357924242296058
2015-10-22,0.1407071739527519
2015-10-23,0.14042982860228942
2015-10-26,0.14043439738933375
2015-10-27,0.14390120796158934
2015-10-28,0.14181347308481426
2015-10-29,0.14080738260651124
2015-10-30,0.14347984481656317
2015-11-02,0.14249521060319204
2015-11-03,0.143028083153079
2015-11-04,0.1425987220237803
2015-11-05,0.14262211798124158
2015-11-06,0.14149634277641554
2015-11-09,0.14172303891571703
2015-11-10,0.14010039504481595
2015-11-11,0.1417605932942678
2015-11-12,0.14159093255890093
2015-11-13,0.14115485011795706
2015-11-16,0.13958135698687174
2015-11-17,0.1388564616454456
2015-11-18,0.13849021766333477
2015-11-19,0.13852433810880113
2015-11-20,0.13830482458312224
2015-11-23,0.13846519980375419
2015-11-24,0.1380650011625152
2015-11-25,0.13829142501399105
2015-11-27,0.13858835556506904
2015-11-30,0.1392197742076319
2015-12-01,0.14051975383604423
2015-12-02,0.13990877112317876
2015-12-03,0.13999320830162126
2015-12-04,0.138921648090492
2015-12-07,0.13951160982769345
2015-12-08,0.13981073065401847
2015-12-09,0.14003019230192829
2015-12-10,0.1390970231136256
2015-12-11,0.13852301155599903
2015-12-14,0.13740945347194536
2015-12-15,0.13767960064677348
2015-12-16,0.13628089477126182
2015-12-17,0.13602466740705468
2015-12-18,0.13579284076706413
2015-12-21,0.13609023635103804
2015-12-22,0.1347764705989947
2015-12-23,0.13309325396864907
2015-12-24,0.13225002153828766
2015-12-28,0.1321673750097937
2015-12-29,0.13214429019043517
2015-12-30,0.13297487562697907
2015-12-31,0.13372359984304522
2016-01-04,0.1338511969438209
2016-01-05,0.13466133984011622
2016-01-06,0.13410287683350874
2016-01-07,0.13532627116049975
2016-01-08,0.1355384393175076
2016-01-11,0.13496726121845304
2016-01-12,0.1345363415883665
2016-01-13,0.1330133356540137
2016-01-14,0.13208465185825705
2016-01-15,0.13181723840778148
2016-01-19,0.13177333255095958
2016-01-20,0.13317124280951992
2016-01-21,0.13621446753911948
2016-01-22,0.13643797582682024
2016-01-25,0.13476129511121446
2016-01-26,0.13534057103782374
2016-01-27,0.1352783847242981
2016-01-28,0.13518375910556332
2016-01-29,0.13188744125408475
2016-02-01,0.13376238284016753
2016-02-02,0.1341953458094629
2016-02-03,0.1340158234496837
2016-02-04,0.137215118021595
2016-02-05,0.13874751982137795
2016-02-08,0.14220680107654163
2016-02-09,0.14559848549176557
2016-02-10,0.14501890378570592
2016-02-11,0.14616110579506833
2016-02-12,0.14718585350765345
2016-02-16,0.14730485747210698
2016-02-17,0.14936650310519298
2016-02-18,0.15001696191978772
2016-02-19,0.148642087385508
2016-02-22,0.1483738818138432
2016-02-23,0.14797504101606604
2016-02-24,0.1492062221373074
2016-02-25,0.14898172505463209
2016-02-26,0.14757689497838436
2016-02-29,0.14781890613996151
2016-03-01,0.14850172309087442
2016-03-02,0.14853915917854152
2016-03-03,0.15075651490796985
2016-03-04,0.1501753556787889
2016-03-07,0.1498591156986897
2016-03-08,0.149546760958709
2016-03-09,0.15137266475169983
2016-03-10,0.15163003616751497
2016-03-11,0.15222541714273222
2016-03-14,0.15036947350887983
2016-03-15,0.15091813789468758
2016-03-16,0.15144184346159764
2016-03-17,0.15188935689381924
2016-03-18,0.15243975000435625
2016-03-21,0.15219500490015572
2016-03-22,0.15225002153396192
2016-03-23,0.1521544911949459
2016-03-24,0.15167492005305666
2016-03-28,0.15080737119998916
2016-03-29,0.15058796638929842
2016-03-30,0.15025050301919626
2016-03-31,0.15026220611077548
2016-04-01,0.15070439917898815
2016-04-04,0.15082505996444806
2016-04-05,0.14918244633817662
2016-04-06,0.1485024066793741
2016-04-07,0.14923056346374022
2016-04-08,0.14991993451409125
2016-04-11,0.1514792447629454
2016-04-12,0.15135863368685387
2016-04-13,0.15461057779226664
2016-04-14,0.15558441980505724
2016-04-15,0.15554101672128295
2016-04-18,0.15328687700247595
2016-04-19,0.15539223765310187
2016-04-20,0.1550703607211119
2016-04-21,0.1552667821241194
2016-04-22,0.15452534822205413
2016-04-25,0.1542037938769023
2016-04-26,0.15696942763450264
2016-04-27,0.15810258043440428
2016-04-28,0.1578683653496068
2016-04-29,0.1567599187913367
2016-05-02,0.15781932708350463
2016-05-03,0.15614445451860465
2016-05-04,0.1484048869318669
2016-05-05,0.13877753646238522
2016-05-06,0.13868060602386986
2016-05-09,0.1377489569076976
2016-05-10,0.138058010053236
2016-05-11,0.1383464164745015
2016-05-12,0.137937249571283
2016-05-13,0.13983060253206678
2016-05-16,0.14358002219771704
2016-05-17,0.14459171229657988
2016-05-18,0.14735051409708078
2016-05-19,0.1513045237396205
2016-05-20,0.15058354000983357
2016-05-23,0.15146057466413346
2016-05-24,0.15089316650894283
2016-05-25,0.1505965181425177
2016-05-26,0.15074896982542513
2016-05-27,0.15088587571439693
2016-05-31,0.15200846873072568
2016-06-01,0.1540420163719746
2016-06-02,0.1518673473507681
2016-06-03,0.14803322933433335
2016-06-06,0.14725714794295208
2016-06-07,0.14795688707490431
2016-06-08,0.1482881234358157
2016-06-09,0.14822351874822803
2016-06-10,0.14868046071860655
2016-06-13,0.149249415630857
2016-06-14,0.14860249623159277
2016-06-15,0.14789877695943235
2016-06-16,0.14860983313516918
2016-06-17,0.14904188116064762
2016-06-20,0.14837462037248564
2016-06-21,0.14908164005143548
2016-06-22,0.14906742076429408
2016-06-23,0.1484441563428536
2016-06-24,0.14923318911128505
2016-06-27,0.14987002462196744
2016-06-28,0.15129684351834996
2016-06-29,0.15092376219096615
2016-06-30,0.15156449664540989
2016-07-01,0.1510291012222836
2016-07-05,0.15154639631234956
2016-07-06,0.15202217817547028
2016-07-07,0.1518644195550213
2016-07-08,0.1528843219583751
2016-07-11,0.15150363583603454
2016-07-12,0.15208603388507874
2016-07-13,0.1532919161742293
2016-07-14,0.15237273561529763
2016-07-15,0.148745703972497
2016-07-18,0.14912086005389333
2016-07-19,0.1496764540067351
2016-07-20,0.14719249818814872
2016-07-21,0.14764939064229357
2016-07-22,0.14632112218228752
2016-07-25,0.14731763116132698
2016-07-26,0.14966279085162237
2016-07-27,0.1478823042846335
2016-07-28,0.1462362646290087
2016-07-29,0.14524862273748526
2016-08-01,0.14524578506429536
2016-08-02,0.14536562571681289
2016-08-03,0.14450910646776052
2016-08-04,0.14358084611514965
2016-08-05,0.14402472426372795
2016-08-08,0.1440351691408154
2016-08-09,0.1413673775181987
2016-08-10,0.1410260590881029
2016-08-11,0.14005534379331153
2016-08-12,0.13794736442093092
2016-08-15,0.13429600276990808
2016-08-16,0.13692037942092986
2016-08-17,0.13622408172605083
2016-08-18,0.13609187699313832
2016-08-19,0.13486909280957174
2016-08-22,0.13710631241668894
2016-08-23,0.13694492640527012
2016-08-24,0.13792722782771621
2016-08-25,0.13674468612773166
2016-08-26,0.13716622300741368
2016-08-29,0.14019854383190905
2016-08-30,0.14358239854008675
2016-08-31,0.14438186839363398
2016-09-01,0.1452870161780634
2016-09-02,0.14397289622376677
2016-09-06,0.14399485717562088
2016-09-07,0.1433929825431088
2016-09-08,0.14184956721885622
2016-09-09,0.14249399849726496
2016-09-12,0.14550646973728268
2016-09-13,0.14763265659120758
2016-09-14,0.1508408109633555
2016-09-15,0.15089686749864495
2016-09-16,0.15032618620306193
2016-09-19,0.14946367849609538
2016-09-20,0.14863972328085154
2016-09-21,0.14824099357023385
2016-09-22,0.14277374508863502
2016-09-23,0.14476810199067733
2016-09-26,0.1454619154299712
2016-09-27,0.1449809133841845
2016-09-28,0.14253708253467398
2016-09-29,0.14054151636711268
2016-09-30,0.1398675724530149
2016-10-03,0.13741544661591432
2016-10-04,0.13709214388008845
2016-10-05,0.13704095945732145
2016-10-06,0.1384276369518634
2016-10-07,0.13735727645676574
2016-10-10,0.13833737665096635
2016-10-11,0.13995756308023677
2016-10-12,0.14160651709699243
2016-10-13,0.1440044780990555
2016-10-14,0.14257463034489892
2016-10-17,0.14455105882156888
2016-10-18,0.14549249762585506
2016-10-19,0.1421057394961425
2016-10-20,0.1389568516296652
2016-10-21,0.1398264477886924
2016-10-24,0.14155543178393407
2016-10-25,0.13632287179116634
2016-10-26,0.13634056229788274
2016-10-27,0.13609176171255402
2016-10-28,0.13464611213717562
2016-10-31,0.13530311382824872
2016-11-01,0.1352536623112044
2016-11-02,0.13436694513709832
2016-11-03,0.13392113618705678
2016-11-04,0.13326083720041815
2016-11-07,0.13267101827421418
2016-11-08,0.13268312200578855
2016-11-09,0.1310532441909286
2016-11-10,0.14130533742858922
2016-11-11,0.1692176140824435
2016-11-14,0.1696726099494109
2016-11-15,0.17086797127790437
2016-11-16,0.17355367452958173
2016-11-17,0.17727816351148895
2016-11-18,0.17649942125679613
2016-11-21,0.17473175991835965
2016-11-22,0.17319900639204192
2016-11-23,0.17149241348575603
2016-11-25,0.16958497510454584
2016-11-28,0.1698346549496589
2016-11-29,0.1696879902616421
2016-11-30,0.17000177276486997
2016-12-01,0.17310474823875535
2016-12-02,0.19751822442476058
2016-12-05,0.19820957984872342
2016-12-06,0.19888834345735604
2016-12-07,0.19816820654172668
2016-12-08,0.1985044109656209
2016-12-09,0.1965467316633736
2016-12-12,0.19258567441573538
2016-12-13,0.19320458292765655
2016-12-14,0.19383969479918958
2016-12-15,0.1945879197572384
2016-12-16,0.19670398161123956
2016-12-19,0.19543422146412984
2016-12-20,0.19635334545359107
2016-12-21,0.19644213053188164
2016-12-22,0.19628230952755132
2016-12-23,0.19497348030980954
2016-12-27,0.1951866556150161
2016-12-28,0.19684802284872277
2016-12-29,0.19727765286553292
2016-12-30,0.19764387890064178
2017-01-03,0.19978602129551778
2017-01-04,0.2005428314704393
2017-01-05,0.19984304357854463
2017-01-06,0.20116889534737536
2017-01-09,0.2017073851770669
2017-01-10,0.202806141852516
2017-01-11,0.20230341357697917
2017-01-12,0.20270706830642168
2017-01-13,0.20252688288098422
2017-01-17,0.2063717839829324
2017-01-18,0.20759101259783622
2017-01-19,0.20960361418237164
2017-01-20,0.21193648368991047
2017-01-23,0.21112672174289468
2017-01-24,0.21010808584668342
2017-01-25,0.212289186039897
2017-01-26,0.21186141654646984
2017-01-27,0.21460810422065957
2017-01-30,0.21635858559431004
2017-01-31,0.21613111451328987
2017-02-01,0.21426628475050077
2017-02-02,0.21123182381918626
2017-02-03,0.20999365398347103
2017-02-06,0.20813713088212857
2017-02-07,0.20956500225142266
2017-02-08,0.2021367797430243
2017-02-09,0.17803701730328655
2017-02-10,0.17918742574333796
2017-02-13,0.1710985577305289
2017-02-14,0.17139857415642154
2017-02-15,0.17086798412125973
2017-02-16,0.1712801414707722
2017-02-17,0.1722846777148541
2017-02-21,0.17206262120904026
2017-02-22,0.17298272359613115
2017-02-23,0.17282419235735763
2017-02-24,0.17280085829438216
2017-02-27,0.17249171481805667
2017-02-28,0.1739566569118384
2017-03-01,0.16919822054549638
2017-03-02,0.14157418723667345
2017-03-03,0.14224188061418483
2017-03-06,0.1413484976697741
2017-03-07,0.14213865157505257
2017-03-08,0.14286399534355726
2017-03-09,0.14320419136061488
2017-03-10,0.1429302485370916
2017-03-13,0.14019998625202998
2017-03-14,0.13999693319725423
2017-03-15,0.13846104402605738
2017-03-16,0.14100752330408037
2017-03-17,0.13737850772834173
2017-03-20,0.13695626071457392
2017-03-21,0.13750162534523183
2017-03-22,0.1393777038286887
2017-03-23,0.14108012782073553
2017-03-24,0.14033850144629714
2017-03-27,0.1399352169395601
2017-03-28,0.13965858854234947
2017-03-29,0.13884449802407656
2017-03-30,0.13784985237844952
2017-03-31,0.1384405728735018
2017-04-03,0.13916505086412845
2017-04-04,0.13917176289506467
2017-04-05,0.13860352045260954
2017-04-06,0.13696521703649198
2017-04-07,0.13758243850231175
2017-04-10,0.13830015673639448
2017-04-11,0.13836784686522474
2017-04-12,0.13893112817013378
2017-04-13,0.1399759165046823
2017-04-17,0.13945160084475308
2017-04-18,0.13922921869683708
2017-04-19,0.1389011663482156
2017-04-20,0.1366163532693006
2017-04-21,0.1321403151882481
2017-04-24,0.13156662038255265
2017-04-25,0.13170485130530887
2017-04-26,0.12823806700604984
2017-04-27,0.12719188412478402
2017-04-28,0.12948194228804957
2017-05-01,0.1251889973163561
2017-05-02,0.12606148224066976
2017-05-03,0.12590567551972082
2017-05-04,0.12567697277107465
2017-05-05,0.12444651513560054
2017-05-08,0.12414349109164675
2017-05-09,0.12434895034705322
2017-05-10,0.12616253128792596
2017-05-11,0.12542829941565187
2017-05-12,0.1259935298657029
2017-05-15,0.12720924539001327
2017-05-16,0.12701110305552177
2017-05-17,0.13043166582263505
2017-05-18,0.13345456198814762
2017-05-19,0.13345041460535523
2017-05-22,0.13095885282957834
2017-05-23,0.13083715646622163
2017-05-24,0.1320609051141014
2017-05-25,0.13135029095512193
2017-05-26,0.13211763794394293
2017-05-30,0.1327021236380221
2017-05-31,0.13255661623722786
2017-06-01,0.13227234054928302
2017-06-02,0.13327879794232458
2017-06-05,0.1332160806955852
2017-06-06,0.1325327605645488
2017-06-07,0.13320917666277332
2017-06-08,0.13249267350968924
2017-06-09,0.13396820549350794
2017-06-12,0.18013291691235542
2017-06-13,0.18353936363343204
2017-06-14,0.18488252563931515
2017-06-15,0.1859480914073771
2017-06-16,0.18682737155872173
2017-06-19,0.18299895580145464
2017-06-20,0.18295081856311712
2017-06-21,0.18288424382277488
2017-06-22,0.18713199024942032
2017-06-23,0.1845328450177797
2017-06-26,0.18692305567581613
2017-06-27,0.1889522888607647
2017-06-28,0.19151996715899386
2017-06-29,0.19211182107030403
2017-06-30,0.1950353994757082
2017-07-03,0.1961625820877176
2017-07-05,0.2055871012300006
2017-07-06,0.20774395478334617
2017-07-07,0.2076761203701866
2017-07-10,0.2094031557599797
2017-07-11,0.21025147371150876
2017-07-12,0.2102688661261954
2017-07-13,0.20956657757870192
2017-07-14,0.21004584692743436
2017-07-17,0.21216323985903626
2017-07-18,0.21211530247414656
2017-07-19,0.21033183429040753
2017-07-20,0.21002815019541998
2017-07-21,0.21077069179091776
2017-07-24,0.21044901113025233
2017-07-25,0.20902200686561448
2017-07-26,0.2152273095399577
2017-07-27,0.2130036176759948
2017-07-28,0.2165764859504301
2017-07-31,0.21273296197198563
2017-08-01,0.21454976867925618
2017-08-02,0.21484447041478424
2017-08-03,0.21287156484716357
2017-08-04,0.2111693103491869
2017-08-07,0.210499471633129
2017-08-08,0.21045968598133852
2017-08-09,0.21057701304106732
2017-08-10,0.20867961644771832
2017-08-11,0.20918960125777253
2017-08-14,0.20920293389922653
2017-08-15,0.2107998105823165
2017-08-16,0.21020130947583607
2017-08-17,0.20857789819707395
2017-08-18,0.20887789226878598
2017-08-21,0.21101550187682644
2017-08-22,0.21048749668599315
2017-08-23,0.21071113971323835
2017-08-24,0.21012521790085295
2017-08-25,0.2121923379003064
2017-08-28,0.21574295784030106
2017-08-29,0.21929369954178357
2017-08-30,0.22072943686846436
2017-08-31,0.22255610071139625
2017-09-01,0.22089443190420363
2017-09-05,0.21990139432833963
2017-09-06,0.17330040660235546
2017-09-07,0.17210641320167638
2017-09-08,0.17243103908363475
2017-09-11,0.17181465138921015
2017-09-12,0.17059985012465115
2017-09-13,0.17320150996329808
2017-09-14,0.17240651233405896
2017-09-15,0.1721674711818496
2017-09-18,0.16660915283003572
2017-09-19,0.16640402550412933
2017-09-20,0.16491994600459
2017-09-21,0.16201316292288767
2017-09-22,0.1585337633081119
2017-09-25,0.15815399466555186
2017-09-26,0.16370100395512893
2017-09-27,0.1631179253837323
2017-09-28,0.1573278412018607
2017-09-29,0.15538722239167735
2017-10-02,0.15321346589444282
2017-10-03,0.15188224520666585
2017-10-04,0.14917276922442277
2017-10-05,0.14824685845194266
2017-10-06,0.14657551479757558
2017-10-09,0.1485463698799507
2017-10-10,0.1485854346628378
2017-10-11,0.14784637882473498
2017-10-12,0.14858892284026617
2017-10-13,0.15043517804200895
2017-10-16,0.15120864668144132
2017-10-17,0.15158453300429106
2017-10-18,0.15136029598762413
2017-10-19,0.1476644804024215
2017-10-20,0.1462752314787181
2017-10-23,0.14105987273569998
2017-10-24,0.1422476283038833
2017-10-25,0.1414540218524906
2017-10-26,0.14043094216387522
2017-10-27,0.13916440818068518
2017-10-30,0.14249581824463872
2017-10-31,0.1452028127173723
2017-11-01,0.14454544818982165
2017-11-02,0.14559918608474964
2017-11-03,0.14321751854977577
2017-11-06,0.14127926832105325
2017-11-07,0.13963344135144815
2017-11-08,0.13931011632721313
2017-11-09,0.1389983373418951
2017-11-10,0.1409938696964567
2017-11-13,0.14006605984803844
2017-11-14,0.13839233976749504
2017-11-15,0.13798294624163535
2017-11-16,0.13835826165992526
2017-11-17,0.13801338809767866
2017-11-20,0.13751452400478345
2017-11-21,0.13730366513128017
2017-11-22,0.1357009142289618
2017-11-24,0.13576115567475677
2017-11-27,0.13674226863867275
2017-11-28,0.13557012048184036
2017-11-29,0.13855799870630323
2017-11-30,0.16983581159756636
2017-12-01,0.16911891688496258
2017-12-04,0.16757523856655665
2017-12-05,0.1849508892102354
2017-12-06,0.18818590514349076
2017-12-07,0.19042998217906937
2017-12-08,0.1903595367842603
2017-12-11,0.18998664552009745
2017-12-12,0.19324717431205313
2017-12-13,0.19640358584103887
2017-12-14,0.19670757160798727
2017-12-15,0.19716462000290638
2017-12-18,0.19627736773639445
2017-12-19,0.19519955927943808
2017-12-20,0.19099149158126497
2017-12-21,0.1907381403375197
2017-12-22,0.19341691934635374
2017-12-26,0.19444305902344336
2017-12-27,0.19509634639262402
2017-12-28,0.19486574853198585
2017-12-29,0.19534765553265687
2018-01-02,0.19584507202499735
2018-01-03,0.19612859326295223
2018-01-04,0.19364788892965215
2018-01-05,0.19171750931201345
2018-01-08,0.19219852596205764
2018-01-09,0.19308230309849245
2018-01-10,0.193298678219508
2018-01-11,0.192185926922841
2018-01-12,0.19282604661768324
2018-01-16,0.19217810146252126
2018-01-17,0.19267250934749885
2018-01-18,0.19227818370179584
2018-01-19,0.19350663628272802
2018-01-22,0.19350859651575492
2018-01-23,0.19353207308019515
2018-01-24,0.1950357868478769
2018-01-25,0.19634075129829545
2018-01-26,0.1962731705336454
2018-01-29,0.19384014349566217
2018-01-30,0.1933806238574741
2018-01-31,0.1939385128728051
2018-02-01,0.19741796347377058
2018-02-02,0.19611701815420812
2018-02-05,0.19535989683626925
2018-02-06,0.20014865102554133
2018-02-07,0.19833041656322603
2018-02-08,0.1961061767064504
2018-02-09,0.19523444452406435
2018-02-12,0.1937451961243139
2018-02-13,0.19189041636879545
2018-02-14,0.19184914323416125
2018-02-15,0.19211361724995918
2018-02-16,0.19200028839899538
2018-02-20,0.18977038955331216
2018-02-21,0.19703884046541162
2018-02-22,0.1968513839280089
2018-02-23,0.19602133504709163
2018-02-26,0.19674241371385925
2018-02-27,0.19073878333092978
2018-02-28,0.16104221864118806
2018-03-01,0.1618641009497006
2018-03-02,0.15972113657099488
2018-03-05,0.13867811707686378
2018-03-06,0.13858461106134026
2018-03-07,0.13739369581263083
2018-03-08,0.13719681907143727
2018-03-09,0.137266946361357
2018-03-12,0.13743799122399436
2018-03-13,0.135376034523173
2018-03-14,0.13726306040837485
2018-03-15,0.13731417669091964
2018-03-16,0.13788006844744716
2018-03-19,0.13744912807180132
2018-03-20,0.13765006992771628
2018-03-21,0.13732279931684194
2018-03-22,0.13492018377782114
2018-03-23,0.13426133553033118
2018-03-26,0.13492797125328507
2018-03-27,0.13391715990265726
2018-03-28,0.14249394711829574
2018-03-29,0.14793568851714142
2018-04-02,0.1460919951587991
2018-04-03,0.1468336028139733
2018-04-04,0.14786558470488861
2018-04-05,0.14752354609740173
2018-04-06,0.14743676083614138
2018-04-09,0.14681673664721323
2018-04-10,0.1468351725525116
2018-04-11,0.14622643707105562
2018-04-12,0.146688470336423
2018-04-13,0.14783774850077133
2018-04-16,0.1501851550418928
2018-04-17,0.15091157431642793
2018-04-18,0.15183419005435314
2018-04-19,0.15122080075091685
2018-04-20,0.15281267213869135
2018-04-23,0.15265887456918428
2018-04-24,0.1545419776757789
2018-04-25,0.15320527924589375
2018-04-26,0.15294148073693908
2018-04-27,0.15418002140160708
2018-04-30,0.1533050868024459
2018-05-01,0.15380568195884053
2018-05-02,0.1554289193291646
2018-05-03,0.15273043600878733
2018-05-04,0.15381246772669266
2018-05-07,0.15460707207528623
2018-05-08,0.15560855384507105
2018-05-09,0.15586904351161548
2018-05-10,0.15666497386222675
2018-05-11,0.15715866852073176
2018-05-14,0.1593415682321623
2018-05-15,0.15932055628884484
2018-05-16,0.1605176269400729
2018-05-17,0.15388498090651243
2018-05-18,0.153343307190283
2018-05-21,0.1515122105777811
2018-05-22,0.15157157461981452
2018-05-23,0.15182269652720629
2018-05-24,0.15160077207006495
2018-05-25,0.15101775379480945
2018-05-29,0.15203543760683974
2018-05-30,0.1537227608861783
2018-05-31,0.15670306524511005
2018-06-01,0.1555398134579452
2018-06-04,0.1559403332867693
2018-06-05,0.15618716617628928
2018-06-06,0.15829624595607536
2018-06-07,0.15943777274046167
2018-06-08,0.16468147868498328
2018-06-11,0.1634973190286668
2018-06-12,0.16317862676110922
2018-06-13,0.16461168951734748
2018-06-14,0.1651859682699705
2018-06-15,0.16561928976151424
2018-06-18,0.16619326706951615
2018-06-19,0.1675766403247583
2018-06-20,0.1665966822984723
2018-06-21,0.1682959474790797
2018-06-22,0.1612912410814159
2018-06-25,0.15716329316767738
2018-06-26,0.15839567065695448
2018-06-27,0.15949106992647888
2018-06-28,0.16026009188803975
2018-06-29,0.1607621822356899
2018-07-02,0.15931022258698335
2018-07-03,0.15937951539647396
2018-07-05,0.1609543386185242
2018-07-06,0.16067608563024027
2018-07-09,0.16050351552143005
2018-07-10,0.16138931013525432
2018-07-11,0.16167605382020783
2018-07-12,0.16101002284258062
2018-07-13,0.15784643387086128
2018-07-16,0.1587825585188042
2018-07-17,0.15627655179869676
2018-07-18,0.1552485684097262
2018-07-19,0.15216488636102032
2018-07-20,0.15223144864560567
2018-07-23,0.1524026078105792
2018-07-24,0.1507719485532919
2018-07-25,0.1530700114702855
2018-07-26,0.1529756959435454
2018-07-27,0.1499096001831659
2018-07-30,0.1508266181247279
2018-07-31,0.15498969605306556
2018-08-01,0.15518785780046454
2018-08-02,0.15450550134068625
2018-08-03,0.15569151752747004
2018-08-06,0.15678668158702977
2018-08-07,0.15738521770822897
2018-08-08,0.1542018858145547
2018-08-09,0.15463074885446784
2018-08-10,0.1532998482455304
2018-08-13,0.1531154226219031
2018-08-14,0.15441886044570455
2018-08-15,0.1554554330358088
2018-08-16,0.15503216716405008
2018-08-17,0.15649684768454955
2018-08-20,0.15485407435149165
2018-08-21,0.1541187326260476
2018-08-22,0.15353040173206195
2018-08-23,0.15320645808743405
2018-08-24,0.15108833318877302
2018-08-27,0.1513638400118298
2018-08-28,0.14996287248080234
2018-08-29,0.15010567520077295
2018-08-30,0.1497427175575976
2018-08-31,0.14922851260774136
2018-09-04,0.14605531976408503
2018-09-05,0.14502995949219769
2018-09-06,0.1498752841375035
2018-09-07,0.148711155772837
2018-09-10,0.1474801240787339
2018-09-11,0.14553031536484368
2018-09-12,0.14597834701273255
2018-09-13,0.14356047312892473
2018-09-14,0.14316353773519688
2018-09-17,0.14326172992589956
2018-09-18,0.14392995968405575
2018-09-19,0.1430094560475181
2018-09-20,0.14119921702570912
2018-09-21,0.14116875298517867
2018-09-24,0.13934887030142099
2018-09-25,0.14376534293214865
2018-09-26,0.14514606465781854
2018-09-27,0.14602994392147908
2018-09-28,0.14492210721193763
2018-10-01,0.14471775986864185
2018-10-02,0.14411808777387175
2018-10-03,0.14515059286697776
2018-10-04,0.14463571770857397
2018-10-05,0.14461147947210357
2018-10-08,0.1444027399987812
2018-10-09,0.14701652374930024
2018-10-10,0.1479353508210114
2018-10-11,0.14927837551745105
2018-10-12,0.16062324954105625
2018-10-15,0.1637347648147848
2018-10-16,0.1632925548146442
2018-10-17,0.1626818318483167
2018-10-18,0.1600818110096377
2018-10-19,0.1621226831554694
2018-10-22,0.16409046773442176
2018-10-23,0.16722586771479436
2018-10-24,0.15964639353739302
2018-10-25,0.16113942246819757
2018-10-26,0.16145180329259912
2018-10-29,0.15810031204488373
2018-10-30,0.1595163074069953
2018-10-31,0.1583104999550316
2018-11-01,0.15971012489167583
2018-11-02,0.16216136138324988
2018-11-05,0.16066584895686692
2018-11-06,0.16181570804287992
2018-11-07,0.15997293107957675
2018-11-08,0.16042029981494968
2018-11-09,0.15916373699787376
2018-11-12,0.15878024276038066
2018-11-13,0.15988098541559337
2018-11-14,0.16017786238493334
2018-11-15,0.15956963346630076
2018-11-16,0.15837416491729625
2018-11-19,0.15767464933274833
2018-11-20,0.16264035748959732
2018-11-21,0.1711318063555938
2018-11-23,0.1701338408748523
2018-11-26,0.16976363218099444
2018-11-27,0.1698282632830477
2018-11-28,0.1706324094249294
2018-11-29,0.17054901161704472
2018-11-30,0.16770553072661362
2018-12-03,0.16875673225492924
2018-12-04,0.16906018801035555
2018-12-06,0.16976562631662265
2018-12-07,0.17097023405342984
2018-12-10,0.17180561684235082
2018-12-11,0.1727561373781314
2018-12-12,0.1726595629683918
2018-12-13,0.17212329812667662
2018-12-14,0.1720139509247023
2018-12-17,0.17054515900268583
2018-12-18,0.17023516529377591
2018-12-19,0.172195195875398
2018-12-20,0.17123561685548863
2018-12-21,0.173272220170464
2018-12-24,0.1723011468217259
2018-12-26,0.17273038893923628
2018-12-27,0.17420442891184607
2018-12-28,0.1739319247409203
2018-12-31,0.17411793019378574
2019-01-02,0.17412958723071667
2019-01-03,0.17305494833120488
2019-01-04,0.1731320859154674
2019-01-07,0.17031920066395045
2019-01-08,0.16797106838791467
2019-01-09,0.168022338760918
2019-01-10,0.1611443157791908
2019-01-11,0.16053664504048165
2019-01-14,0.16079425892471144
2019-01-15,0.1611410164187667
2019-01-16,0.16232405153010804
2019-01-17,0.16169883071697042
2019-01-18,0.16250031043033597
2019-01-22,0.16010358679646572
2019-01-23,0.16181963303878635
2019-01-24,0.1627471486291281
2019-01-25,0.16734459397411808
2019-01-28,0.17065834113889716
2019-01-29,0.1684389845949657
2019-01-30,0.16746118547282282
2019-01-31,0.16594448401624565
2019-02-01,0.16222936498129764
2019-02-04,0.16166924715453093
2019-02-05,0.15821965174945202
2019-02-06,0.15903879988401456
2019-02-07,0.15874715510444978
2019-02-08,0.15983617166877384
2019-02-11,0.15842278054411074
2019-02-12,0.1582383581590863
2019-02-13,0.15870605750544597
2019-02-14,0.15905006839884583
2019-02-15,0.15788852173498702
2019-02-19,0.15771948658746873
2019-02-20,0.1536341328187615
2019-02-21,0.14956150745537655
2019-02-22,0.14999341934728722
2019-02-25,0.14962569796010078
2019-02-26,0.15041316615845038
2019-02-27,0.15098499148763567
2019-02-28,0.15073590362336123
2019-03-01,0.1509355295310527
2019-03-04,0.151453822723916
2019-03-05,0.15195438593283286
2019-03-06,0.15075283208342805
2019-03-07,0.14959212776607772
2019-03-08,0.15019628827536186
2019-03-11,0.14842985096363076
2019-03-12,0.1479790237000232
2019-03-13,0.14779986739360457
2019-03-14,0.14916932145680425
2019-03-15,0.14832423602562747
2019-03-18,0.1478235808493432
2019-03-19,0.14885016507801652
2019-03-20,0.14674467911974667
2019-03-21,0.1486538673410053
2019-03-22,0.1495827388922545
2019-03-25,0.14877919149920282
2019-03-26,0.14870600021211913
2019-03-27,0.1490948267372384
2019-03-28,0.14879632157622885
2019-03-29,0.14762564175505732
2019-04-01,0.14656384262193897
2019-04-02,0.14368582326248
2019-04-03,0.14450702611921962
2019-04-04,0.1450880217941577
2019-04-05,0.14646898387688828
2019-04-08,0.14495773756884217
2019-04-09,0.14533467880262704
2019-04-10,0.14600037245717248
2019-04-11,0.14666982262762612
2019-04-12,0.14598815316742705
2019-04-15,0.14746066245619685
2019-04-16,0.14774874019144466
2019-04-17,0.1484633075872121
2019-04-18,0.14817849177858378
2019-04-22,0.14956709073548027
2019-04-23,0.1441337311330511
2019-04-24,0.14454813072940947
2019-04-25,0.14472833750216071
2019-04-26,0.14477353034206927
2019-04-29,0.1444535587981727
2019-04-30,0.14312863153901162
2019-05-01,0.14200262359376023
2019-05-02,0.1412249965261477
2019-05-03,0.14189728347663322
2019-05-06,0.1408987849366741
2019-05-07,0.14167872344250465
2019-05-08,0.14093759254478913
2019-05-09,0.14104753838536158
2019-05-10,0.14050898386995098
2019-05-13,0.1407660243483658
2019-05-14,0.14091849190331834
2019-05-15,0.14113260318009319
2019-05-16,0.1414969530046407
2019-05-17,0.14298178976152734
2019-05-20,0.14219155678905374
2019-05-21,0.14089606923328493
2019-05-22,0.14144146326047005
2019-05-23,0.14063841263987734
2019-05-24,0.14084384528871552
2019-05-28,0.141477342053767
2019-05-29,0.14028509901866854
2019-05-30,0.14194525018166865
2019-05-31,0.14067119471991296
2019-06-03,0.13980451686672102
2019-06-04,0.14540209627103073
2019-06-05,0.14631993608566762
2019-06-06,0.14834754861092145
2019-06-07,0.1467853714528838
2019-06-10,0.14797438361593807
2019-06-11,0.14990414318115516
2019-06-12,0.15119841163108322
2019-06-13,0.15323235594967602
2019-06-14,0.15356414539319163
2019-06-17,0.15239202166948293
2019-06-18,0.15287688404254768
2019-06-19,0.1573609025510909
2019-06-20,0.1570705769699023
2019-06-21,0.15678986073829923
2019-06-24,0.1570064633735318
2019-06-25,0.15751939227284267
2019-06-26,0.15799270438440227
2019-06-27,0.1622614124948769
2019-06-28,0.16271259619397158
2019-07-01,0.16112797024793593
2019-07-02,0.16179835324079356
2019-07-03,0.1647437717750534
2019-07-05,0.16591211536096792
2019-07-08,0.16592546236912775
2019-07-09,0.16554238012272576
2019-07-10,0.16603910668691
2019-07-11,0.16726192787538424
2019-07-12,0.16507656818799493
2019-07-15,0.1647761152003962
2019-07-16,0.16630162757181677
2019-07-17,0.16505129030547191
2019-07-18,0.16468086262502787
2019-07-19,0.16391106008564613
2019-07-22,0.16713583198285817
2019-07-23,0.168119971710397
2019-07-24,0.16825131740910046
2019-07-25,0.16410040756372424
2019-07-26,0.16678459463748363
2019-07-29,0.1663970207200665
2019-07-30,0.16609075238251395
2019-07-31,0.1670106241828567
2019-08-01,0.1650507116228338
2019-08-02,0.16523952147061777
2019-08-05,0.16508744400492376
2019-08-06,0.16673610907137712
2019-08-07,0.16693450739168744
2019-08-08,0.1658301013488239
2019-08-09,0.16465594334104453
2019-08-12,0.16389287320046395
2019-08-13,0.16083464502327596
2019-08-14,0.16109560691385505
2019-08-15,0.16075391602715333
2019-08-16,0.16137279355464895
2019-08-19,0.1589182743195275
2019-08-20,0.15923148279368116
2019-08-21,0.16027934848620917
2019-08-22,0.16007885036948175
2019-08-23,0.15886808321112983
2019-08-26,0.15875998707237235
2019-08-27,0.1610467256427082
2019-08-28,0.15425940568369567
2019-08-29,0.15476654884798133
2019-08-30,0.152720873570325
2019-09-03,0.15419966795669815
2019-09-04,0.15226383637123717
2019-09-05,0.15034182492831974
2019-09-06,0.15099193291468851
2019-09-09,0.1488426087671089
2019-09-10,0.15194370868857898
2019-09-11,0.15195018183065812
2019-09-12,0.1510978116267339
2019-09-13,0.1491245701044855
2019-09-16,0.14941313394310718
2019-09-17,0.14930338908883659
2019-09-18,0.1509034570967915
2019-09-19,0.15127900149482515
2019-09-20,0.151059576562371
2019-09-23,0.14381556424940053
2019-09-24,0.1435495971298546
2019-09-25,0.14469054765990974
2019-09-26,0.1452071650001921
2019-09-27,0.14207392264425678
2019-09-30,0.14309217839206906
2019-10-01,0.14235117995919574
2019-10-02,0.14265240972728777
2019-10-03,0.14290678830528528
2019-10-04,0.14293882928229215
2019-10-07,0.14404491904527814
2019-10-08,0.1434033270148515
2019-10-09,0.14287093204082493
2019-10-10,0.1430241454863164
2019-10-11,0.14222242730840337
2019-10-14,0.14374909960790117
2019-10-15,0.14333809005383613
2019-10-16,0.14195366827354186
2019-10-17,0.14368197594414928
2019-10-18,0.14440566650455847
2019-10-21,0.14573638492650712
2019-10-22,0.14647855132719975
2019-10-23,0.14877108671068054
2019-10-24,0.14845145034686413
2019-10-25,0.15393709643289286
2019-10-28,0.1540260660085644
2019-10-29,0.15268545393771793
2019-10-30,0.1518114175491879
2019-10-31,0.14939454793817977
2019-11-01,0.14735672935835012
2019-11-04,0.1469637805721582
2019-11-05,0.1486162833697319
2019-11-06,0.14745702621501136
2019-11-07,0.14903797407134187
2019-11-08,0.14836179403131827
2019-11-11,0.1458009736944161
2019-11-12,0.14672110235007693
2019-11-13,0.14788927057239143
2019-11-14,0.14858843332362637
2019-11-15,0.1493245430795976
2019-11-18,0.1482045432029751
2019-11-19,0.149384925412457
2019-11-20,0.147988329563747
2019-11-21,0.14788692198595854
2019-11-22,0.14645387759302228
2019-11-25,0.14545139581491723
2019-11-26,0.14561798087006753
2019-11-27,0.145225660150351
2019-11-29,0.14484024095117462
2019-12-02,0.14371891522815688
2019-12-03,0.14401995580201848
2019-12-04,0.1405653805438678
2019-12-05,0.1361865049392075
2019-12-06,0.13700306189249642
2019-12-09,0.13764262239166106
2019-12-10,0.13822446907178165
2019-12-11,0.13860208583231295
2019-12-12,0.13801904571422996
2019-12-13,0.14000744358690545
2019-12-16,0.14109375741536634
2019-12-17,0.1402415219451156
2019-12-18,0.1393975793683534
2019-12-19,0.1387594082527066
2019-12-20,0.13875432550489086
2019-12-23,0.13853000321539663
2019-12-24,0.13639432843018437
2019-12-26,0.13718014148954502
2019-12-27,0.13582186473143296
2019-12-30,0.1362514139004531
2019-12-31,0.13805629442438982
2020-01-02,0.1384774335851551
2020-01-03,0.13854878769900902
2020-01-06,0.1385890967821569
2020-01-07,0.14058266617479265
2020-01-08,0.14098483385084679
2020-01-09,0.14112386994387907
2020-01-10,0.14139146665396243
2020-01-13,0.14276269042523115
2020-01-14,0.14422827518802211
2020-01-15,0.14371913090450988
2020-01-16,0.14489124783678958
2020-01-17,0.14449360482629103
2020-01-21,0.14379200585109572
2020-01-22,0.14624701261542583
2020-01-23,0.1456323294160087
2020-01-24,0.14405970654353856
2020-01-27,0.14438417323459954
2020-01-28,0.1447556710274051
2020-01-29,0.14380055590028734
2020-01-30,0.14542362262699007
2020-01-31,0.1419286346781644
2020-02-03,0.13644121464135806
2020-02-04,0.13671060106279867
2020-02-05,0.1353966361177188
2020-02-06,0.14412922377871326
2020-02-07,0.14416051088106113
2020-02-10,0.14425016212623212
2020-02-11,0.14538856779978915
2020-02-12,0.1467297040634909
2020-02-13,0.14617225267334752
2020-02-14,0.14653425441349047
2020-02-18,0.14711152047892329
2020-02-19,0.14890213466665958
2020-02-20,0.14936497359591797
2020-02-21,0.1511605331625546
2020-02-24,0.1523067771947546
2020-02-25,0.15339829056937995
2020-02-26,0.15173761913560405
2020-02-27,0.15270946306275104
2020-02-28,0.15368473503125793
2020-03-02,0.15903635537269686
2020-03-03,0.16370895500294616
2020-03-04,0.16317318116108726
2020-03-05,0.16313588646433896
2020-03-06,0.16068785656032022
2020-03-09,0.16002819210880256
2020-03-10,0.15996492952732927
2020-03-11,0.1577501101826296
2020-03-12,0.15387274829329323
2020-03-13,0.15177176130683243
2020-03-16,0.15513122997008283
2020-03-17,0.15836428514220144
2020-03-18,0.1725781246571452
2020-03-19,0.18418806314076672
2020-03-20,0.1969015597274229
2020-03-23,0.20248354581299402
2020-03-24,0.20860072172830543
2020-03-25,0.20440980379948268
2020-03-26,0.20852389906890623
2020-03-27,0.20531555052013736
2020-03-30,0.2021113402249316
2020-03-31,0.20081075071635315
2020-04-01,0.19808481249309073
2020-04-02,0.19772287060150756
2020-04-03,0.1965791737903828
2020-04-06,0.19553581251541574
2020-04-07,0.19317872757901533
2020-04-08,0.19202153362066904
2020-04-09,0.1919466909136575
2020-04-13,0.1924733651206582
2020-04-14,0.19330389621452776
2020-04-15,0.19377709266911822
2020-04-16,0.19311278315727748
2020-04-17,0.1936884537885645
2020-04-20,0.19818259190760779
2020-04-21,0.19785218115772718
2020-04-22,0.19869056352924921
2020-04-23,0.1984553111411976
2020-04-24,0.19823588172381257
2020-04-27,0.19863913812643602
2020-04-28,0.20072476454578633
2020-04-29,0.20363343332054182
2020-04-30,0.2025161225097648
2020-05-01,0.20025431442318184
2020-05-04,0.1995742214780151
2020-05-05,0.19969630798762772
2020-05-06,0.1996474789439163
2020-05-07,0.19976441600362396
2020-05-08,0.2001395446057888
2020-05-11,0.1990973788270786
2020-05-12,0.19941286794311883
2020-05-13,0.19747881679014656
2020-05-14,0.19764662041502365
2020-05-15,0.19664982154364474
2020-05-18,0.19487160064052442
2020-05-19,0.19661530282540746
2020-05-20,0.19651788804365822
2020-05-21,0.19719400107104196
2020-05-22,0.19784921566100552
2020-05-26,0.19778646289711924
2020-05-27,0.20359320490508573
2020-05-28,0.20411317043126748
2020-05-29,0.2043543250096323
2020-06-01,0.20508540646774062
2020-06-02,0.20558702989280767
2020-06-03,0.2054938625702315
2020-06-04,0.20630821986838704
2020-06-05,0.20698804597097503
2020-06-08,0.20920009473044393
2020-06-09,0.21019708215589722
2020-06-10,0.21468792680841178
2020-06-11,0.21671326473854463
2020-06-12,0.21872320924091945
2020-06-15,0.21546745630731026
2020-06-16,0.2123560816997678
2020-06-17,0.21316903619533006
2020-06-18,0.20693338747670156
2020-06-19,0.20996792146149829
2020-06-22,0.20182017644461867
2020-06-23,0.20658836259702215
2020-06-24,0.20689719580264274
2020-06-25,0.20953589474660786
2020-06-26,0.21068401033159068
2020-06-29,0.20886818165741677
2020-06-30,0.2114140984592637
2020-07-01,0.2136261165048616
2020-07-02,0.21608908661975784
2020-07-06,0.21740060170713157
2020-07-07,0.21801080897163702
2020-07-08,0.2141374433940036
2020-07-09,0.21312420131853763
2020-07-10,0.21205392309802137
2020-07-13,0.2118547269721194
2020-07-14,0.2123966965544245
2020-07-15,0.20597934009053817
2020-07-16,0.20565761114358658
2020-07-17,0.20518537075107626
2020-07-20,0.20347144407647727
2020-07-21,0.20867310423102378
2020-07-22,0.21097317098007365
2020-07-23,0.21077744882854454
2020-07-24,0.2078884826068029
2020-07-27,0.20768543873698056
2020-07-28,0.20972944719693307
2020-07-29,0.2092548154196047
2020-07-30,0.20767039127085327
2020-07-31,0.2065862518057409
2020-08-03,0.20164149425091676
2020-08-04,0.20211281790123584
2020-08-05,0.20115322292526838
2020-08-06,0.19822787296266015
2020-08-07,0.19987223528988948
2020-08-10,0.20201944543925543
2020-08-11,0.2045107385265666
2020-08-12,0.207211172724343
2020-08-13,0.20586119700234812
2020-08-14,0.20421991381145088
2020-08-17,0.2050829869129673
2020-08-18,0.2068217995483671
2020-08-19,0.20632979327320253
2020-08-20,0.19814241780490685
2020-08-21,0.19605247803740894
2020-08-24,0.19700084392137457
2020-08-25,0.19572991370761167
2020-08-26,0.1945143448846943
2020-08-27,0.1935193151826006
2020-08-28,0.1938344787368004
2020-08-31,0.19309684609510036
2020-09-01,0.19166997384155235
2020-09-02,0.18994314287575448
2020-09-03,0.18922401132808067
2020-09-04,0.19400586158302094
2020-09-08,0.19480900313760752
2020-09-09,0.19368897686465922
2020-09-10,0.1922023541286183
2020-09-11,0.19348162192314936
2020-09-14,0.19354476274067828
2020-09-15,0.1931343893534806
2020-09-16,0.19508275503068054
2020-09-17,0.19470541346763254
2020-09-18,0.19530809607846664
2020-09-21,0.19444581889753973
2020-09-22,0.20431388827585195
2020-09-23,0.2047167242781808
2020-09-24,0.20533344951266358
2020-09-25,0.20312071900576362
2020-09-28,0.20310513535708263
2020-09-29,0.20278497214717056
2020-09-30,0.20424036225115463
2020-10-01,0.20404791848843018
2020-10-02,0.20550776710273977
2020-10-05,0.20296040163718668
2020-10-06,0.20327172801177384
2020-10-07,0.1961930784656297
2020-10-08,0.19988915537155344
2020-10-09,0.19918677684886876
2020-10-12,0.19927256259747034
2020-10-13,0.19961614072394276
2020-10-14,0.1977388490396543
2020-10-15,0.1963046934593151
2020-10-16,0.19744154911691808
2020-10-19,0.19330301142010153
2020-10-20,0.1955924300850192
2020-10-21,0.19220746510940276
2020-10-22,0.18938314476494572
2020-10-23,0.19362722661294018
2020-10-26,0.1931973921540665
2020-10-27,0.19618379999904087
2020-10-28,0.20138136060497955
2020-10-29,0.20377698515667292
2020-10-30,0.20179660519064166
2020-11-02,0.20228034939387518
2020-11-03,0.20118108225292083
2020-11-04,0.19965028656080186
2020-11-05,0.19580010501282158
2020-11-06,0.19102803682090033
2020-11-09,0.19197720526903322
2020-11-10,0.23559499586985477
2020-11-11,0.23725992978150814
2020-11-12,0.2411757997082603
2020-11-13,0.2423854046089986
2020-11-16,0.24495085354319351
2020-11-17,0.24517872267178492
2020-11-18,0.24383748208407355
2020-11-19,0.24376653605033777
2020-11-20,0.24832895087517273
2020-11-23,0.24908611746570503
2020-11-24,0.25068602202611934
2020-11-25,0.2543191948547024
2020-11-27,0.25441654282601717
2020-11-30,0.257726583782996
2020-12-01,0.25116646422383154
2020-12-02,0.2505760341261773
2020-12-03,0.25340756489365357
2020-12-04,0.25320191409640097
2020-12-07,0.25237959852558456
2020-12-08,0.25304279715760564
2020-12-09,0.25392206888963786
2020-12-10,0.25706787382486534
2020-12-11,0.25403899308256533
2020-12-14,0.253765383591109
2020-12-15,0.25380888306554883
2020-12-16,0.24454320435404067
2020-12-17,0.2453579459793315
2020-12-18,0.24483258760204243
2020-12-21,0.2451959021813689
2020-12-22,0.2427900162372812
2020-12-23,0.2423313030820806
2020-12-24,0.24253044806182983
2020-12-28,0.24352613772881743
2020-12-29,0.24191619568197997
2020-12-30,0.2408707369696399
2020-12-31,0.24053514677011695
2021-01-04,0.23864650922184508
2021-01-05,0.23618138475110761
2021-01-06,0.23517717841259583
2021-01-07,0.23504987910343933
2021-01-08,0.2376166887393198
2021-01-11,0.23596876630192115
2021-01-12,0.2348612469380284
2021-01-13,0.23427617103200632
2021-01-14,0.2337305497609286
2021-01-15,0.23261029764561766
2021-01-19,0.23191276388254314
2021-01-20,0.2322661768019838
2021-01-21,0.23037689796466052
2021-01-22,0.22942751533241315
2021-01-25,0.22808560798373304
2021-01-26,0.2254888586916901
2021-01-27,0.22477350163317175
2021-01-28,0.2246387721375094
2021-01-29,0.2239820647790016
2021-02-01,0.2229956423668248
2021-02-02,0.22501741328108996
2021-02-03,0.22056241386289124
2021-02-04,0.21994818482729597
2021-02-05,0.21882465946568494
2021-02-08,0.18068056420722653
2021-02-09,0.17563878792184237
2021-02-10,0.17394581629390926
2021-02-11,0.1728300128332247
2021-02-12,0.170290646392717
2021-02-16,0.16690299664189076
2021-02-17,0.16735577539129018
2021-02-18,0.16873180470714608
2021-02-19,0.16817493280833015
2021-02-22,0.17071294016182062
2021-02-23,0.1753193987663153
2021-02-24,0.17380851337825823
2021-02-25,0.17391795292571804
2021-02-26,0.17439663458814306
2021-03-01,0.17582345270172942
2021-03-02,0.17574513613372178
2021-03-03,0.17595039195461262
2021-03-04,0.17951735961089468
2021-03-05,0.18084646021153547
2021-03-08,0.17980268540215716
2021-03-09,0.18855026844927225
2021-03-10,0.1951414227249175
2021-03-11,0.19772808382479926
2021-03-12,0.20382362691925607
2021-03-15,0.2027897990372787
2021-03-16,0.20234197856640626
2021-03-17,0.20324204617131858
2021-03-18,0.2032679787623553
2021-03-19,0.20531750101007218
2021-03-22,0.21015994122534393
2021-03-23,0.20963663321268977
2021-03-24,0.20850452363536445
2021-03-25,0.20798209874629803
2021-03-26,0.20759963157429825
2021-03-29,0.20620581477182828
2021-03-30,0.20641579777988703
2021-03-31,0.20614708018793745
2021-04-01,0.21219822397208665
2021-04-05,0.2130534411012793
2021-04-06,0.20782753363758813
2021-04-07,0.2047178948705994
2021-04-08,0.20515477566168938
2021-04-09,0.20743330763622744
2021-04-12,0.20779600905124948
2021-04-13,0.20723572088856912
2021-04-14,0.21015109535289409
2021-04-15,0.2127131956468564
2021-04-16,0.21240518697273092
2021-04-19,0.21552844415726488
2021-04-20,0.2160483676068193
2021-04-21,0.2185111135132046
2021-04-22,0.21839354438826677
2021-04-23,0.21859237280012045
2021-04-26,0.22057825683318885
2021-04-27,0.2278288590753397
2021-04-28,0.22837510979446618
2021-04-29,0.22647359670091832
2021-04-30,0.22600672352383736
2021-05-03,0.22712330791675525
2021-05-04,0.23167113667947434
2021-05-05,0.23164021307512328
2021-05-06,0.23180651519931833
2021-05-07,0.232112829509564
2021-05-10,0.2330269692841512
2021-05-11,0.23468556251922373
2021-05-12,0.2447215558089451
2021-05-13,0.24601952292344856
2021-05-14,0.245412664766395
2021-05-17,0.24740105727652148
2021-05-18,0.25059953923248823
2021-05-19,0.24023476500852586
2021-05-20,0.24285494039889646
2021-05-21,0.24569045366557765
2021-05-24,0.24354083397407364
2021-05-25,0.241819353483661
2021-05-26,0.24438238984567576
2021-05-27,0.24356439037979843
2021-05-28,0.23817208280862137
2021-06-01,0.23904364368358919
2021-06-02,0.23952468767949528
2021-06-03,0.22010470499902887
2021-06-04,0.21056133178720693
2021-06-07,0.20480873139947317
2021-06-08,0.19894013789390189
2021-06-09,0.19498757348688378
2021-06-10,0.19675014365627672
2021-06-11,0.19684635679389118
2021-06-14,0.19673037882660263
2021-06-15,0.19726234061683906
2021-06-16,0.19703325627499824
2021-06-17,0.19728250420317384
2021-06-18,0.2023234318966866
2021-06-21,0.20450337326309406
2021-06-22,0.20855612908092744
2021-06-23,0.20918149693341256
2021-06-24,0.20960680979222
2021-06-25,0.2099151726063307
2021-06-28,0.2049277412573197
2021-06-29,0.20376838426511668
2021-06-30,0.20512576858558781
2021-07-01,0.2069949082752553
2021-07-02,0.20727538276402763
2021-07-06,0.20561211644663063
2021-07-07,0.20746217415006016
2021-07-08,0.2121486139855749
2021-07-09,0.2129035683860875
2021-07-12,0.21381330767967582
2021-07-13,0.2151559555364014
2021-07-14,0.2129757158581124
2021-07-15,0.21143905757959433
2021-07-16,0.21396034079376047
2021-07-19,0.21769204834561287
2021-07-20,0.21972069407565809
2021-07-21,0.22190741657655702
2021-07-22,0.21610443891518402
2021-07-23,0.215724908105702
2021-07-26,0.2166625188229834
2021-07-27,0.21896578403000355
2021-07-28,0.22324856603215637
2021-07-29,0.21718374021654602
2021-07-30,0.21578644129470556
2021-08-02,0.21198033538430994
2021-08-03,0.20988355231055264
2021-08-04,0.21379800511262048
2021-08-05,0.21164587487092826
2021-08-06,0.19704646350769367
2021-08-09,0.20275936937471917
2021-08-10,0.2002392649778751
2021-08-11,0.2065494743108054
2021-08-12,0.210498793510665
2021-08-13,0.20736169765252457
2021-08-16,0.20325790825723286
2021-08-17,0.20272415833018964
2021-08-18,0.20411910731624902
2021-08-19,0.20400512055164938
2021-08-20,0.2035017069008785
2021-08-23,0.20210451556944053
2021-08-24,0.2052904977406414
2021-08-25,0.20340029410297736
2021-08-26,0.20309651213102506
2021-08-27,0.2028563878652172
2021-08-30,0.20397632183740338
2021-08-31,0.2040411288550168
2021-09-01,0.20487567757439917
2021-09-02,0.2040395746825687
2021-09-03,0.20460261065615967
2021-09-07,0.2046286592784502
2021-09-08,0.20402199585428601
2021-09-09,0.2010620740248184
2021-09-10,0.20078685932304832
2021-09-13,0.19865218642653418
2021-09-14,0.19069384794327593
2021-09-15,0.1897683489406173
2021-09-16,0.182467113149268
2021-09-17,0.18201581446214807
2021-09-20,0.18182770530678244
2021-09-21,0.18210687258840458
2021-09-22,0.18077034984789184
2021-09-23,0.1793394003597754
2021-09-24,0.17804169460005165
2021-09-27,0.17717593414437252
2021-09-28,0.18192584828790315
2021-09-29,0.18389297634482463
2021-09-30,0.18159997069302852
2021-10-01,0.1804906690539704
2021-10-04,0.17955355933169415
2021-10-05,0.182485159064252
2021-10-06,0.18346545717263293
2021-10-07,0.18219445749683552
2021-10-08,0.181879733221204
2021-10-11,0.18071944306027218
2021-10-12,0.1802298908748895
2021-10-13,0.17645966065284746
2021-10-14,0.1778305250174951
2021-10-15,0.1778392470469152
2021-10-18,0.17624808107815843
2021-10-19,0.17796834872749495
2021-10-20,0.17726756032555427
2021-10-21,0.17626158619552998
2021-10-22,0.1741496096248239
2021-10-25,0.17159355353181596
2021-10-26,0.17241560391873414
2021-10-27,0.17034674582363535
2021-10-28,0.17060339593147805
2021-10-29,0.16628502782311405
2021-11-01,0.1655475262391164
2021-11-02,0.16398218110582763
2021-11-03,0.163974797126576
2021-11-04,0.16032015824263027
2021-11-05,0.16241859458072894
2021-11-08,0.16459851396189926
2021-11-09,0.16292609970364508
2021-11-10,0.1615877027586542
2021-11-11,0.1647425874469983
2021-11-12,0.16591372970573007
2021-11-15,0.16303007365378222
2021-11-16,0.16119320573568555
2021-11-17,0.15915600644413772
2021-11-18,0.160104744320281
2021-11-19,0.1585857415637474
2021-11-22,0.1571712967222827
2021-11-23,0.16154853145278833
2021-11-24,0.16251892816756644
2021-11-26,0.1623257863270561
2021-11-29,0.16378670216864546
2021-11-30,0.164820919585044
2021-12-01,0.1636619547176378
2021-12-02,0.16207273824284588
2021-12-03,0.16444057270989668
2021-12-06,0.1629827311341048
2021-12-07,0.16489566923542076
2021-12-08,0.1666690535494487
2021-12-09,0.1656307100375002
2021-12-10,0.16725892059895986
2021-12-13,0.1655782002522492
2021-12-14,0.16416867407263963
2021-12-15,0.1633853639881999
2021-12-16,0.16424714530202303
2021-12-17,0.17291386211266663
2021-12-20,0.17643291591778992
2021-12-21,0.17628918954418046
2021-12-22,0.1759726014657564
2021-12-23,0.17265019800284237
2021-12-27,0.17282467751278002
2021-12-28,0.17141798618849005
2021-12-29,0.17291444810787632
2021-12-30,0.17039246280792064
2021-12-31,0.17169764443960625
2022-01-03,0.17207700193752906
2022-01-04,0.1719162198119888
2022-01-05,0.17494194479388972
2022-01-06,0.17781790028460912
2022-01-07,0.17617043132566063
2022-01-10,0.1786673639089639
2022-01-11,0.17776484726256084
2022-01-12,0.17849149086850075
2022-01-13,0.1775873189975974
2022-01-14,0.17942120362525213
2022-01-18,0.17727929907607676
2022-01-19,0.1757516589112676
2022-01-20,0.17676047757764785
2022-01-21,0.17679602726591565
2022-01-24,0.17534122035960503
2022-01-25,0.17857307181767937
2022-01-26,0.1818891575492495
2022-01-27,0.18018001162048777
2022-01-28,0.17787842412866173
2022-01-31,0.1769005923632018
2022-02-01,0.17880501022855144
2022-02-02,0.1770411906444963
2022-02-03,0.1776818383338409
2022-02-04,0.1767026548903838
2022-02-07,0.17779143722580665
2022-02-08,0.17643580516683946
2022-02-09,0.17618952382771946
2022-02-10,0.1762183955459731
2022-02-11,0.17693451029989588
2022-02-14,0.17671768113696795
2022-02-15,0.17752748169945845
2022-02-16,0.17944984944690312
2022-02-17,0.17939310210312595
2022-02-18,0.17802839410174987
2022-02-22,0.17596114187293058
2022-02-23,0.17529706109517265
2022-02-24,0.17201385382532164
2022-02-25,0.17708947836408073
2022-02-28,0.1795751076314336
2022-03-01,0.18052790063898458
2022-03-02,0.1798445829425417
2022-03-03,0.18324633603836707
2022-03-04,0.18432403696298078
2022-03-07,0.18262366923730644
2022-03-08,0.18255035241040266
2022-03-09,0.18585160394998976
2022-03-10,0.18519292524958791
2022-03-11,0.18434497431811478
2022-03-14,0.18475051359415626
2022-03-15,0.1863458532753062
2022-03-16,0.1783698225071179
2022-03-17,0.1764251579984002
2022-03-18,0.17638371212429532
2022-03-21,0.17626811605500553
2022-03-22,0.1758535522656621
2022-03-23,0.17536088626800203
2022-03-24,0.1743480253373442
2022-03-25,0.173224420454509
2022-03-28,0.1740723556848521
2022-03-29,0.17374617997017863
2022-03-30,0.17202792803118472
2022-03-31,0.17216404459874907
2022-04-01,0.17086304444209868
2022-04-04,0.1707590323662658
2022-04-05,0.17211620957635748
2022-04-06,0.1731338975115982
2022-04-07,0.17497476450447916
2022-04-08,0.17486854393422152
2022-04-11,0.17816264869690418
2022-04-12,0.1777257143856535
2022-04-13,0.17977157488499904
2022-04-14,0.1808694290652908
2022-04-18,0.18124850115800806
2022-04-19,0.18116436000442968
2022-04-20,0.18116035204146583
2022-04-21,0.18140324839484323
2022-04-22,0.18029636368946655
2022-04-25,0.18758847454397398
2022-04-26,0.19106036223000342
2022-04-27,0.1911263006582075
2022-04-28,0.18618354686228591
2022-04-29,0.1857763349325886
2022-05-02,0.19286985450778557
2022-05-03,0.1963950765504186
2022-05-04,0.1954564616471833
2022-05-05,0.19767068085776268
2022-05-06,0.19866531289536413
2022-05-09,0.1981943869816885
2022-05-10,0.19633708198533387
2022-05-11,0.19878865229398196
2022-05-12,0.19742526074737063
2022-05-13,0.19488591163773986
2022-05-16,0.19595463208126035
2022-05-17,0.2008486415140974
2022-05-18,0.19998769339440756
2022-05-19,0.20314654822667533
2022-05-20,0.20216469245931765
2022-05-23,0.19559490946249936
2022-05-24,0.1896777955998509
2022-05-25,0.19495867618812018
2022-05-26,0.19379635026134454
2022-05-27,0.19310973142412255
2022-05-31,0.18949500249253498
2022-06-01,0.1874297172634202
2022-06-02,0.18806568946858984
2022-06-03,0.1859943797969275
2022-06-06,0.1876867654614285
2022-06-07,0.18687897259316705
2022-06-08,0.18805250083844033
2022-06-09,0.18531567442050384
2022-06-10,0.1865020232324258
2022-06-13,0.18551278054592282
2022-06-14,0.18506885649489815
2022-06-15,0.18473709742132077
2022-06-16,0.18279062075038263
2022-06-17,0.1831653312154147
2022-06-21,0.18497889486013827
2022-06-22,0.18784164758789765
2022-06-23,0.18562391559768457
2022-06-24,0.18380577004644644
2022-06-27,0.18417458108021756
2022-06-28,0.1821750048761307
2022-06-29,0.18038777534283265
2022-06-30,0.18003421483417062
2022-07-01,0.1794400403996368
2022-07-05,0.1828938821927501
2022-07-06,0.18400545619684808
2022-07-07,0.1832877059892557
2022-07-08,0.18116946249936983
2022-07-11,0.18219185118672784
2022-07-12,0.18364424289628378
2022-07-13,0.1842653149246552
2022-07-14,0.18409031730630124
2022-07-15,0.18270306077325033
2022-07-18,0.1827846591595769
2022-07-19,0.18282126206965868
2022-07-20,0.1835583564643393
2022-07-21,0.1808009015192739
2022-07-22,0.1798402631182943
2022-07-25,0.1823643476061887
2022-07-26,0.18643607360210504
2022-07-27,0.18814570006023162
2022-07-28,0.1839886950495948
2022-07-29,0.18128403306882548
2022-08-01,0.17980942752874515
2022-08-02,0.1792812885691125
2022-08-03,0.1794491959184849
2022-08-04,0.1787772893911891
2022-08-05,0.1809805835673085
2022-08-08,0.1803821633887124
2022-08-09,0.1785479830784302
2022-08-10,0.18671783856160348
2022-08-11,0.1866785176972303
2022-08-12,0.18534291069945602
2022-08-15,0.18492438289138902
2022-08-16,0.18269236099946412
2022-08-17,0.18304801270823404
2022-08-18,0.1847192945694177
2022-08-19,0.18083180154062703
2022-08-22,0.17510697943635936
2022-08-23,0.17598932310228826
2022-08-24,0.17549418140425915
2022-08-25,0.17646206832770267
2022-08-26,0.177300217263458
2022-08-29,0.17822436031729622
2022-08-30,0.17838307675300774
2022-08-31,0.17821517474946696
2022-09-01,0.17876866939461905
2022-09-02,0.1809944407965378
2022-09-06,0.18142758834544812
2022-09-07,0.18118674877406757
2022-09-08,0.18198942805246424
2022-09-09,0.18199538668660464
2022-09-12,0.182810491324076
2022-09-13,0.18378090583135168
2022-09-14,0.1846486257219404
2022-09-15,0.18298428745446568
2022-09-16,0.1797832142699909
2022-09-19,0.17816995503600694
2022-09-20,0.1764394956944806
2022-09-21,0.17793527787410005
2022-09-22,0.18074197417054055
2022-09-23,0.1811085426685243
2022-09-26,0.17971974196332619
2022-09-27,0.17998110315516647
2022-09-28,0.17569456300419853
2022-09-29,0.17260713905035213
2022-09-30,0.17120912384988463
2022-10-03,0.1715984935222932
2022-10-04,0.1706569549747878
2022-10-05,0.1693851968044475
2022-10-06,0.17117944413730826
2022-10-07,0.17310125491619327
2022-10-10,0.1713104295782248
2022-10-11,0.17296656787797757
2022-10-12,0.17154627952285947
2022-10-13,0.17153651097798644
2022-10-14,0.17159085866322896
2022-10-17,0.17458348228336323
2022-10-18,0.1722894276133385
2022-10-19,0.16986582697220848
2022-10-20,0.1704889783544701
2022-10-21,0.1691889821095724
2022-10-24,0.17009685808766817
2022-10-25,0.17344082740716393
2022-10-26,0.17493225810042398
2022-10-27,0.17791728582650182
2022-10-28,0.17436884384985912
2022-10-31,0.17206837652952345
2022-11-01,0.17284975991499602
2022-11-02,0.1761938771679867
2022-11-03,0.17001142140817033
2022-11-04,0.1679299372005181
2022-11-07,0.16642143300170759
2022-11-08,0.16657314563038217
2022-11-09,0.16405474552490387
2022-11-10,0.16061253620974345
2022-11-11,0.16320228620114857
2022-11-14,0.1669794531193492
2022-11-15,0.16587972086156702
2022-11-16,0.16559944050143116
2022-11-17,0.17020855091235307
2022-11-18,0.16909540592927483
2022-11-21,0.169277021395106
2022-11-22,0.17058014508448519
2022-11-23,0.16976034990696698
2022-11-25,0.17046448748984122
2022-11-28,0.17065905470146928
2022-11-29,0.16772121303124643
2022-11-30,0.16713062745662963
2022-12-01,0.16706794862367885
2022-12-02,0.16467085937522874
2022-12-05,0.16426459594732956
2022-12-06,0.1638307215938005
2022-12-07,0.1631630046779815
2022-12-08,0.16255339931645524
2022-12-09,0.1634245819654474
2022-12-12,0.16505217630254795
2022-12-13,0.16588596519623794
2022-12-14,0.16546599689989874
2022-12-15,0.16516988217398645
2022-12-16,0.16316140562074258
2022-12-19,0.16276597774809698
2022-12-20,0.16309221347326702
2022-12-21,0.16194689938993467
2022-12-22,0.16099300915299666
2022-12-23,0.16011540655437087
2022-12-27,0.16088366564478712
2022-12-28,0.16049472271037357
2022-12-29,0.16049812792874596
2022-12-30,0.16155784407455875
2023-01-03,0.1620758278852844
2023-01-04,0.15977701740151215
2023-01-05,0.15994599699622025
2023-01-06,0.1596240801531308
2023-01-09,0.1597671886178707
2023-01-10,0.16484930942560008
2023-01-11,0.16280274937715405
2023-01-12,0.16262865924091316
2023-01-13,0.16241389506328296
2023-01-17,0.1615925956353276
2023-01-18,0.16163184293893051
2023-01-19,0.16499223084782635
2023-01-20,0.16298626910311764
2023-01-23,0.16217753161235013
2023-01-24,0.16330696103460293
2023-01-25,0.16187752497610325
2023-01-26,0.16437452312536244
2023-01-27,0.16628200562162304
2023-01-30,0.1639130707527362
2023-01-31,0.16161577619619646
2023-02-01,0.1607528942761531
2023-02-02,0.1612659366494656
2023-02-03,0.16546173090462088
2023-02-06,0.16793846553657096
2023-02-07,0.17125312304861873
2023-02-08,0.1732942578428672
2023-02-09,0.1689560439042236
2023-02-10,0.16372173935921983
2023-02-13,0.17003081187812916
2023-02-14,0.17163277492294404
2023-02-15,0.16596801430120628
2023-02-16,0.16554906106492442
2023-02-17,0.16396824025996484
2023-02-21,0.1644890906988363
2023-02-22,0.16460252635292388
2023-02-23,0.16340600697501745
2023-02-24,0.16059818202008092
2023-02-27,0.16015993634673434
2023-02-28,0.15977689263738126
2023-03-01,0.1616021798323348
2023-03-02,0.16201050775710912
2023-03-03,0.16113133897844042
2023-03-06,0.16230437511587223
2023-03-07,0.16400678110175154
2023-03-08,0.16615788118229632
2023-03-09,0.1664835766610867
2023-03-10,0.16644042117669125
2023-03-13,0.1646888159526305
2023-03-14,0.16466844204255868
2023-03-15,0.16368670749508007
2023-03-16,0.1640538047496364
2023-03-17,0.16386604028377325
2023-03-20,0.1632846734732227
2023-03-21,0.1676293667182319
2023-03-22,0.16812422652041026
2023-03-23,0.1689435804937371
2023-03-24,0.1674533220997353
2023-03-27,0.1706802697818181
2023-03-28,0.1747049675173118
2023-03-29,0.1739948236437326
2023-03-30,0.17264172773954609
2023-03-31,0.17404615081090063
2023-04-03,0.1750604183817748
2023-04-04,0.18037596945630568
2023-04-05,0.18087521009425678
2023-04-06,0.17851780575936924
2023-04-10,0.1789108988653519
2023-04-11,0.18041056569677028
2023-04-12,0.18082305121633185
2023-04-13,0.1813074586756491
2023-04-14,0.1811921701896053
2023-04-17,0.1767332039119953
2023-04-18,0.1768759011767214
2023-04-19,0.17614459936496454
2023-04-20,0.1729414552015268
2023-04-21,0.1701705339533108
2023-04-24,0.16983154799827307
2023-04-25,0.1718808584444592
2023-04-26,0.17299694390484222
2023-04-27,0.17444788660658003
2023-04-28,0.17289070302863974
2023-05-01,0.16898334346748967
2023-05-02,0.16639863476924727
2023-05-03,0.16416808538253036
2023-05-04,0.1618833858961799
2023-05-05,0.16142571791196872
2023-05-08,0.16043803056007797
2023-05-09,0.16246189879240494
2023-05-10,0.15683581650740966
2023-05-11,0.15718652106459158
2023-05-12,0.15352681327794618
2023-05-15,0.1533012982212457
2023-05-16,0.1568494254627253
2023-05-17,0.15595072013289624
2023-05-18,0.15675660031986183
2023-05-19,0.16005734467028349
2023-05-22,0.16191294609709
2023-05-23,0.1624620751714274
2023-05-24,0.16145702984506574
2023-05-25,0.15811772059668178
2023-05-26,0.1624506389312362
2023-05-30,0.167566621712215
2023-05-31,0.16646129931253653
2023-06-01,0.16610623216143347
2023-06-02,0.16409445123864116
2023-06-05,0.1659144481355824
2023-06-06,0.16644593767799173
2023-06-07,0.16620415626553328
2023-06-08,0.17128396059416923
2023-06-09,0.1725305198306511
2023-06-12,0.17009549982069544
2023-06-13,0.17125691120247466
2023-06-14,0.17091220535043689
2023-06-15,0.1682651894523452
2023-06-16,0.16917046691061804
2023-06-20,0.16727911186201133
2023-06-21,0.1658720008622614
2023-06-22,0.16639031783971903
2023-06-23,0.1653094830064262
2023-06-26,0.1648152944188067
2023-06-27,0.16585543778910164
2023-06-28,0.1657660920153683
2023-06-29,0.165556187493528
2023-06-30,0.1637897733533572
2023-07-03,0.1639205759184868
2023-07-05,0.1623283100549811
2023-07-06,0.16292719418178972
2023-07-07,0.1607986434179851
2023-07-10,0.160576513158667
2023-07-11,0.16054583144348505
2023-07-12,0.15959636518431908
2023-07-13,0.16154174615771433
2023-07-14,0.16155888655445333
2023-07-17,0.1633268400693885
2023-07-18,0.16244773247551225
2023-07-19,0.16280561828939483
2023-07-20,0.16322788730873933
2023-07-21,0.16985060546636754
2023-07-24,0.16876861544853516
2023-07-25,0.16889318780007956
2023-07-26,0.16912122569792332
2023-07-27,0.16734281022034034
2023-07-28,0.16662181195060302
2023-07-31,0.16929373207822898
2023-08-01,0.1708974213191595
2023-08-02,0.16892283395366878
2023-08-03,0.16787483583682855
2023-08-04,0.16739728454582528
2023-08-07,0.166253269380013
2023-08-08,0.16572154130336975
2023-08-09,0.16441594188804456
2023-08-10,0.16441882154394646
2023-08-11,0.16295074981553373
2023-08-14,0.16335599802113776
2023-08-15,0.16500621723987757
2023-08-16,0.16424513740600427
2023-08-17,0.1636598005698189
2023-08-18,0.1631935751918602
2023-08-21,0.16349849868285196
2023-08-22,0.16718720617649155
2023-08-23,0.16241410540444512
2023-08-24,0.15853224906597146
2023-08-25,0.1582086854396169
2023-08-28,0.15705723917382627
2023-08-29,0.15841820914304905
2023-08-30,0.15514666490534088
2023-08-31,0.15479851858009885
2023-09-01,0.15769228412357067
2023-09-05,0.15018901095546253
2023-09-06,0.15164658426305022
2023-09-07,0.15209511108985865
2023-09-08,0.15024279363338594
2023-09-11,0.15106454702925834
2023-09-12,0.15084656852026726
2023-09-13,0.1511104865453359
2023-09-14,0.15171046110307876
2023-09-15,0.15233568542073112
2023-09-18,0.1506013758492025
2023-09-19,0.15059699283680875
2023-09-20,0.15091939696295154
2023-09-21,0.14940342464565626
2023-09-22,0.14982127497669806
2023-09-25,0.15136871877071528
2023-09-26,0.15126736436618504
2023-09-27,0.1526135311934464
2023-09-28,0.15268934131034023
2023-09-29,0.1516317535358109
2023-10-02,0.15303565229742597
2023-10-03,0.15434816797167597
2023-10-04,0.15450838801771968
2023-10-05,0.15445714902106614
2023-10-06,0.15368450961984556
2023-10-09,0.152808959102153
2023-10-10,0.15206601343118786
2023-10-11,0.15254365611338527
2023-10-12,0.15274272399882405
2023-10-13,0.152871466999528
2023-10-16,0.141156744965494
2023-10-17,0.14250275791167513
2023-10-18,0.1398455422530845
2023-10-19,0.13970767698318484
2023-10-20,0.1365879185068555
2023-10-23,0.13484590917153938
2023-10-24,0.13535575572505443
2023-10-25,0.13585416879652437
2023-10-26,0.13938410711173704
2023-10-27,0.13865496014525458
2023-10-30,0.14785153543840143
2023-10-31,0.15180106080374006
2023-11-01,0.14846999112111617
2023-11-02,0.1486669871272155
2023-11-03,0.1535632180949706
2023-11-06,0.15377574935546307
2023-11-07,0.15110118551148718
2023-11-08,0.14802356671387357
2023-11-09,0.1464195713926061
2023-11-10,0.14682732859711717
2023-11-13,0.14713170226608754
2023-11-14,0.14749730663849087
2023-11-15,0.14624191140911091
2023-11-16,0.14721361600933575
2023-11-17,0.14679075450544846
2023-11-20,0.14621997446329416
2023-11-21,0.14777283358305662
2023-11-22,0.1485289607409561
2023-11-24,0.14864476539335444
2023-11-27,0.14993579729425194
2023-11-28,0.14806525687534952
2023-11-29,0.15051487678200517
2023-11-30,0.14877404025653965
2023-12-01,0.150791684183935
2023-12-04,0.15183065749565844
2023-12-05,0.1527620315120113
2023-12-06,0.15307221337010307
2023-12-07,0.15208351371011755
2023-12-08,0.15254208934688426
2023-12-11,0.1519200640053178
2023-12-12,0.15150522456922233
2023-12-13,0.1510679310603195
2023-12-14,0.15202460144013957
2023-12-15,0.1602331032810677
2023-12-18,0.16126570851113933
2023-12-19,0.16187729192961658
2023-12-20,0.16199148032403515
2023-12-21,0.16134936237318204
2023-12-22,0.16093295582666708
2023-12-26,0.16253828390313863
2023-12-27,0.1620006112072355
2023-12-28,0.1608077208873615
2023-12-29,0.1615862414638314
2024-01-02,0.16212914888831342
2024-01-03,0.16928922220168388
2024-01-04,0.16972508786605375
2024-01-05,0.16969158614815708
2024-01-08,0.17062195163855332
2024-01-09,0.17097448103180554
2024-01-10,0.17287457962066177
2024-01-11,0.1710719692712221
2024-01-12,0.1722998775901885
2024-01-16,0.17154461484740957
2024-01-17,0.172910370143455
2024-01-18,0.17540285625315682
2024-01-19,0.17584291223328347
2024-01-22,0.17472130235565925
2024-01-23,0.17496275045763895
2024-01-24,0.17589005572583466
2024-01-25,0.1743210548384296
2024-01-26,0.16809035664310498
2024-01-29,0.16907112276642122
2024-01-30,0.17219285223776343
2024-01-31,0.17151017853059491
2024-02-01,0.16855855891980887
2024-02-02,0.16795554666213125
2024-02-05,0.16628620596474758
2024-02-06,0.1662744390240298
2024-02-07,0.16545476760142597
2024-02-08,0.1661404840206768
2024-02-09,0.16325418203162928
2024-02-12,0.16218924198723964
2024-02-13,0.1618365982990471
2024-02-14,0.1613155955765552
2024-02-15,0.1629082802631292
2024-02-16,0.16530979035030566
2024-02-20,0.16347288496891604
2024-02-21,0.16059386816022347
2024-02-22,0.158569785090462
2024-02-23,0.157960988974866
2024-02-26,0.15726751589022578
2024-02-27,0.15963238367480737
2024-02-28,0.1594386449896603
2024-02-29,0.16016033780234187
2024-03-01,0.16043168050073112
2024-03-04,0.16084894558043158
2024-03-05,0.1613309492357365
2024-03-06,0.16253506840999118
2024-03-07,0.16182916274045137
2024-03-08,0.16085261762723363
2024-03-11,0.1612693774623225
2024-03-12,0.16460063650216009
2024-03-13,0.16389895408058877
2024-03-14,0.15822691941386602
2024-03-15,0.15748500366565416
2024-03-18,0.15675023478466643
2024-03-19,0.15533896853401843
2024-03-20,0.15560170747229965
2024-03-21,0.15618463760359944
2024-03-22,0.1548694337460927
2024-03-25,0.15522494669945586
2024-03-26,0.15437975809640628
2024-03-27,0.15274696978391997
2024-03-28,0.15451500285004927
2024-04-01,0.1476018538144302
2024-04-02,0.14845561686188116
2024-04-03,0.14833882817058444
2024-04-04,0.14785164967550715
2024-04-05,0.14614546323874206
2024-04-08,0.14572890202129557
2024-04-09,0.14564468620682122
2024-04-10,0.14495517019260912
2024-04-11,0.14665353918331056
2024-04-12,0.14635233452209492
2024-04-15,0.14544790311270203
2024-04-16,0.14514986962371101
2024-04-17,0.14648060487172906
2024-04-18,0.1473521101316095
2024-04-19,0.14951177893770315
2024-04-22,0.15558601854445245
2024-04-23,0.15539847306065666
2024-04-24,0.155643226028818
2024-04-25,0.15409176252701148
2024-04-26,0.1540403902078023
2024-04-29,0.15311122377679628
2024-04-30,0.1533715143262291
2024-05-01,0.1535435736571163
2024-05-02,0.15245676452969636
2024-05-03,0.15297325549004337
2024-05-06,0.15253796865756372
2024-05-07,0.1545547317717625
2024-05-08,0.1542223737734475
2024-05-09,0.15301653186408914
2024-05-10,0.1536766093467302
2024-05-13,0.15282021072349808
2024-05-14,0.15199216745225688
2024-05-15,0.15404206778069682
2024-05-16,0.15429439752201426
2024-05-17,0.15184866432353278
2024-05-20,0.15190127092846187
2024-05-21,0.1539945057396889
2024-05-22,0.15053340133580342
2024-05-23,0.15055479383269738
2024-05-24,0.15193144565349723
2024-05-28,0.15120128202355668
2024-05-29,0.15023546098650498
2024-05-30,0.15156883213606182
2024-05-31,0.1547932984570409
2024-06-03,0.16498963529844132
2024-06-04,0.16326922408432223
2024-06-05,0.16295217629380904
2024-06-06,0.16238974693844696
2024-06-07,0.16262544009208857
2024-06-10,0.16113049067765958
2024-06-11,0.16158255514702993
2024-06-12,0.16156789361462717
2024-06-13,0.1621898816327255
2024-06-14,0.1590047101919225
2024-06-17,0.1593531049108364
2024-06-18,0.1601142085290554
2024-06-20,0.1586398294645896
2024-06-21,0.16162840003762166
2024-06-24,0.16214124555054718
2024-06-25,0.16320943612395764
2024-06-26,0.16470658035514196
2024-06-27,0.16424396597830399
2024-06-28,0.16346687597315154
2024-07-01,0.1614861303853712
2024-07-02,0.16172887694630902
2024-07-03,0.16113952801401762
2024-07-05,0.1615517657345912
2024-07-08,0.16176707603356597
2024-07-09,0.16194093881925398
2024-07-10,0.16049127834939467
2024-07-11,0.16017234188304916
2024-07-12,0.16099221378196168
2024-07-15,0.1592498071409287
2024-07-16,0.1571063699563306
2024-07-17,0.15905554681886883
2024-07-18,0.16457480431551783
2024-07-19,0.1648956200785165
2024-07-22,0.16444962595851204
2024-07-23,0.16457026998478244
2024-07-24,0.16524362193071684
2024-07-25,0.1659707011204835
2024-07-26,0.1665558102097682
2024-07-29,0.1665203142168562
2024-07-30,0.167435461613064
2024-07-31,0.1714048954115132
2024-08-01,0.17082441904753246
2024-08-02,0.17025829095549103
2024-08-05,0.16919348824199176
2024-08-06,0.18011869685568777
2024-08-07,0.1805108159696259
2024-08-08,0.1802240719754913
2024-08-09,0.1792538151050558
2024-08-12,0.17932218526638205
2024-08-13,0.18032580288854178
2024-08-14,0.1820387106932358
2024-08-15,0.18127809353124377
2024-08-16,0.17747352561202873
2024-08-19,0.17783208681592833
2024-08-20,0.17928982400251717
2024-08-21,0.1781328322451482
2024-08-22,0.17850753380012496
2024-08-23,0.17854075747971213
2024-08-26,0.17811501377245506
2024-08-27,0.17885477767234992
2024-08-28,0.17377842243953454
2024-08-29,0.1759521072675597
2024-08-30,0.17517877436117907
2024-09-03,0.1734954467770757
2024-09-04,0.17242601507898808
2024-09-05,0.1731613761416658
2024-09-06,0.1744908263530124
2024-09-09,0.17452438106307605
2024-09-10,0.17312236158721653
2024-09-11,0.1732534266677852
2024-09-12,0.17614431708840228
2024-09-13,0.17567126986102422
2024-09-16,0.17470421714734924
2024-09-17,0.173033866523973
2024-09-18,0.17364350733030418
2024-09-19,0.17266596379369678
2024-09-20,0.17042690400103894
2024-09-23,0.17044292362986957
2024-09-24,0.1702236876535555
2024-09-25,0.16958538818145868
2024-09-26,0.1716771725825465
2024-09-27,0.1699829196426085
2024-09-30,0.1705360053308854
2024-10-01,0.17128581072874874
2024-10-02,0.17023850197034818
2024-10-03,0.1704527554870627
2024-10-04,0.171386882465544
2024-10-07,0.17062419894903635
2024-10-08,0.1727610779259791
2024-10-09,0.17348892962749518
2024-10-10,0.17158424702419312
2024-10-11,0.16055548769121533
2024-10-14,0.16100803980674402
2024-10-15,0.16146750370160784
2024-10-16,0.15897766835253052
2024-10-17,0.15850639241931816
2024-10-18,0.15949374124663285
2024-10-21,0.15896320736290803
2024-10-22,0.15912676330106543
2024-10-23,0.1580990230985852
2024-10-24,0.15464834253793217
2024-10-25,0.15339084614595108
2024-10-28,0.15196126975341567
2024-10-29,0.15228277262533774
2024-10-30,0.13923261684844337
2024-10-31,0.13859542598505864
2024-11-01,0.13870710417339063
2024-11-04,0.13827565305334924
2024-11-05,0.13750838076671773
2024-11-06,0.13754574793050361
2024-11-07,0.1424050461976334
2024-11-08,0.14517548825720927
2024-11-11,0.14559344827069723
2024-11-12,0.14654279651570934
2024-11-13,0.14695467058584688
2024-11-14,0.14682749472485412
2024-11-15,0.14727584224855642
2024-11-18,0.14794318732958792
2024-11-19,0.14741215914459838
2024-11-20,0.147444533432774
2024-11-21,0.14730936543344497
2024-11-22,0.1481627595461879
2024-11-25,0.1475359152077887
2024-11-26,0.14726646620378872
2024-11-27,0.14706058879756842
2024-11-29,0.14785471175116413
2024-12-02,0.14776760224374122
2024-12-03,0.14959877124984133
2024-12-04,0.1492657392305191
2024-12-05,0.1515031411645904
2024-12-06,0.14966330287002746
2024-12-09,0.14852964795910736
2024-12-10,0.1497852223536606
2024-12-11,0.14999281296091946
2024-12-12,0.15032659253365316
2024-12-13,0.1482362371869004
2024-12-16,0.14633885551002046
2024-12-17,0.14665242547597557
2024-12-18,0.14689027209278532
2024-12-19,0.14856737928904487
2024-12-20,0.1483070404353505
2024-12-23,0.14873697736115044
2024-12-24,0.14891405527874702
2024-12-26,0.14961111537859725
2024-12-27,0.1510362823490375
2024-12-30,0.15146752115121032
2024-12-31,0.15146690212279165
2025-01-02,0.15208759522938275
2025-01-03,0.1511055097299975
2025-01-06,0.15152458142067782
2025-01-07,0.15133707379353195
2025-01-08,0.15158135270057183
2025-01-10,0.1516207141658069
2025-01-13,0.15142946669553364
2025-01-14,0.1538350729667839
2025-01-15,0.15369807702681004
2025-01-16,0.15387532005045992
2025-01-17,0.15307494800139818
2025-01-21,0.15253584219943805
2025-01-22,0.1521309797454169
2025-01-23,0.15648447402678556
2025-01-24,0.15893077672761255
2025-01-27,0.15785611469342464
2025-01-28,0.17800191166333204
2025-01-29,0.1775860627597621
2025-01-30,0.17985690012102742
2025-01-31,0.18049509955961576
2025-02-03,0.18154511880593188
2025-02-04,0.1821184088006179
2025-02-05,0.18083881750574482
2025-02-06,0.17689797273582059
2025-02-07,0.17511990701047156
2025-02-10,0.17522897889173275
2025-02-11,0.1745282046507293
2025-02-12,0.17527082021140353
2025-02-13,0.17400423153361086
2025-02-14,0.1719255838770213
2025-02-18,0.17021981031775826
2025-02-19,0.16995443832945512
2025-02-20,0.16838902151298807
2025-02-21,0.16816427178592852
2025-02-24,0.168455823220875
2025-02-25,0.16955233055593671
2025-02-26,0.17061632576395247
2025-02-27,0.17053996785944533
2025-02-28,0.17206097700289524
2025-03-03,0.1737079592067992
2025-03-04,0.17295379938451938
2025-03-05,0.18054545571093822
2025-03-06,0.17943092692138246
2025-03-07,0.1791956309594991
2025-03-10,0.1788297007158352
2025-03-11,0.17921274504704238
2025-03-12,0.18015358460864567
2025-03-13,0.18170713579801645
2025-03-14,0.18324944327778772
2025-03-17,0.1858567239785896
2025-03-18,0.18538235322980548
2025-03-19,0.18552509499092615
2025-03-20,0.1853967250008879
2025-03-21,0.18738771169223617
2025-03-24,0.18733177619255034
2025-03-25,0.18684985225387635
2025-03-26,0.18579889562451538
2025-03-27,0.18633937409448742
2025-03-28,0.1855090199122496
2025-03-31,0.18511769395762478
2025-04-01,0.18673527155537056
2025-04-02,0.18596356865345967
2025-04-03,0.18554683354858043
2025-04-04,0.1850522699314088
2025-04-07,0.192366430480595
2025-04-08,0.19303632988118216
2025-04-09,0.1934367239989247
2025-04-10,0.19240267647876447
2025-04-11,0.19258219351186076
2025-04-14,0.19279964242799771
2025-04-15,0.19457204587698979
2025-04-16,0.19479964055442606
2025-04-17,0.1952958802143328
2025-04-21,0.19468700499130037
2025-04-22,0.19511519638432662
2025-04-23,0.1956767273870535
2025-04-24,0.1847189440680434
2025-04-25,0.1878805512987022
2025-04-28,0.1890038681204704
2025-04-29,0.19508439306486455
2025-04-30,0.19634282530198563
2025-05-01,0.19522078976326043
2025-05-02,0.19455759573338785
2025-05-05,0.19662767852008825
2025-05-06,0.19787113209800192
2025-05-07,0.19871055126640022
2025-05-08,0.19676084477022557
2025-05-09,0.19351487914726245
2025-05-12,0.19469074151600516
2025-05-13,0.19534434450923402
2025-05-14,0.20044839598660172
2025-05-15,0.20166494420668088
2025-05-16,0.2059492936743778
2025-05-19,0.20471287806282915
2025-05-20,0.2050264453887674
2025-05-21,0.20436728982988572
2025-05-22,0.20116883616274508
2025-05-23,0.20030163765731684
2025-05-27,0.1993375221787753
2025-05-28,0.1969646317402798
2025-05-29,0.19765864276577724
2025-05-30,0.1996228670170415
2025-06-02,0.2014715847903463
2025-06-03,0.19949611349633076
2025-06-04,0.20237352500763853
2025-06-05,0.2035112487628275
2025-06-06,0.19554513842459892
2025-06-09,0.19218135686233065
2025-06-10,0.19247974116619068
2025-06-11,0.19435973725806915
2025-06-12,0.194515721453384
2025-06-13,0.19288499349726154
2025-06-16,0.1916278779379971
2025-06-17,0.19311096145186324
2025-06-18,0.19339185930766667
2025-06-20,0.1920284500497778
2025-06-23,0.19308553473342702
2025-06-24,0.1905179296970048
2025-06-25,0.18738124437293244
2025-06-26,0.18774033886648678
2025-06-27,0.18132710802086163
2025-06-30,0.18363279424083268
2025-07-01,0.18398293548184427
2025-07-02,0.18760149147672128
2025-07-03,0.17752280123994527
2025-07-07,0.16751289269711125
2025-07-08,0.16588117694418136
2025-07-09,0.1619410134847923
2025-07-10,0.16133203551042125
2025-07-11,0.1608624294916904
2025-07-14,0.16108387081137363
2025-07-15,0.16120983711871092
2025-07-16,0.16136539447348414
2025-07-17,0.16203559045457658
2025-07-18,0.16090989479354742
2025-07-21,0.15897959714942386
2025-07-22,0.15957511814149897
2025-07-23,0.16082940701378595
2025-07-24,0.15826221150195277
2025-07-25,0.15664178529019016
2025-07-28,0.15526120089979834
2025-07-29,0.15678726761041376
2025-07-30,0.15599370357860906
2025-07-31,0.15436201751344983
2025-08-01,0.15086064325043624
2025-08-04,0.1490717563809984
2025-08-05,0.149829123549122
2025-08-06,0.15152015868896568
2025-08-07,0.1513007134754553
2025-08-08,0.14879982771347125
2025-08-11,0.14356479443850123
2025-08-12,0.1431229939339996
2025-08-13,0.1416420445315963
2025-08-14,0.14479994442639157
2025-08-15,0.14333960760184786
2025-08-18,0.14268713957623327
2025-08-19,0.14223534556480982
2025-08-20,0.14562883403814614
2025-08-21,0.1450913110671883
2025-08-22,0.14473855317395593
2025-08-25,0.1445190320670515
2025-08-26,0.14481076941283103
2025-08-27,0.1433286088168392
2025-08-28,0.14360757230258675
2025-08-29,0.14408957785887894
2025-09-02,0.14545954545966813
2025-09-03,0.14730519523163066
2025-09-04,0.14770057642444562
2025-09-05,0.1448931110230214
2025-09-08,0.1421919685989325
2025-09-09,0.14124991175767215
2025-09-10,0.14154271265194845
2025-09-11,0.14408623916355642
2025-09-12,0.14308474427783957
2025-09-15,0.1428507527302024
2025-09-16,0.14352710396101268
2025-09-17,0.1447269192696121
2025-09-18,0.1440438989080029
2025-09-19,0.14686910274575093
2025-09-22,0.14718747860878006
2025-09-23,0.1463848745703814
2025-09-24,0.14602135088838622
2025-09-25,0.14575944668329496
2025-09-26,0.14173696605279065
2025-09-29,0.1417900114827672
2025-09-30,0.14081866746919053
2025-10-01,0.14036160406221534
2025-10-02,0.14166759319388705
2025-10-03,0.14134444343297436
2025-10-06,0.1417696101083981
2025-10-07,0.14024411119201002
2025-10-08,0.14091286049521068
2025-10-09,0.14189751249788782
2025-10-10,0.14163034227972693
2025-10-13,0.14201773563519068
2025-10-14,0.14231477730227593
2025-10-15,0.14390390686491297
2025-10-16,0.14012949087818552
2025-10-17,0.14202214868953822
2025-10-20,0.14547866039832827
2025-10-21,0.14611388902090144
2025-10-22,0.14613438165060624
2025-10-23,0.14691832163766272
2025-10-24,0.14824158315239241
2025-10-27,0.14732855100328687
2025-10-28,0.14689334634814324
2025-10-29,0.1460740592631949
2025-10-30,0.15358140681542248
2025-10-31,0.15372495171817918
2025-11-03,0.15376665323219832
2025-11-04,0.1537035011788297
2025-11-05,0.15548673602668772
2025-11-06,0.15492040722507588
2025-11-07,0.15275137673366387
2025-11-10,0.15418218644803794
2025-11-11,0.15445526011880345
2025-11-12,0.15902617517316214
2025-11-13,0.15787013546523868
2025-11-14,0.15791832260855146
2025-11-17,0.15787035624977008
2025-11-18,0.15963423145335776
2025-11-19,0.158145472052709
2025-11-20,0.15805672739054694
2025-11-21,0.1593031599483621
2025-11-24,0.16249310673479941
2025-11-25,0.15991421507471001
2025-11-26,0.16233659060045336
2025-11-28,0.16231144749076426
2025-12-01,0.16512945657790232
2025-12-02,0.16516376204032732
2025-12-03,0.16518346894709024
2025-12-04,0.16613594757139408
2025-12-05,0.16270803363313407
2025-12-08,0.16191191575776998
2025-12-09,0.1623428310808624
2025-12-10,0.1608701497938742
2025-12-11,0.1605657884467635
2025-12-12,0.15961425525172393
2025-12-15,0.1596195983128686
2025-12-16,0.1584747574659483
2025-12-17,0.16143370639206306
2025-12-18,0.16319795765763595
2025-12-19,0.16455719755717296
2025-12-22,0.1645730246623157
2025-12-23,0.16485950971206648
2025-12-24,0.1658161679594174
2025-12-26,0.16657981646713324
2025-12-29,0.1656273744150332
2025-12-30,0.16640372040829257
2025-12-31,0.16661074893916028
2026-01-02,0.16939763305226796
2026-01-05,0.17260725816231742
2026-01-06,0.16983778371284525
2026-01-07,0.16829693946597796
2026-01-08,0.16894560826906319
2026-01-09,0.1725499315163481
2026-01-12,0.16970739169620755
2026-01-13,0.16930959246424873
2026-01-14,0.1708073230138836
2026-01-15,0.16607329525558462
2026-01-16,0.16483142090071232
2026-01-20,0.1641844396650636
2026-01-21,0.1661251497632559
2026-01-22,0.16428079854675562
2026-01-23,0.16605394364921522
2026-01-26,0.16760498243461627
2026-01-27,0.1684708076234474
2026-01-28,0.16354822549840364
2026-01-29,0.16038134233795232
2026-01-30,0.16078562396527124
2026-02-02,0.16141390751494172
2026-02-03,0.15994386870200344
2026-02-04,0.16206418475246964
2026-02-05,0.1699177670132855
2026-02-06,0.17157524800261523
2026-02-09,0.1715519563843991
2026-02-10,0.16989481295234896
2026-02-11,0.1699178997076826
2026-02-12,0.16826430082748933
2026-02-13,0.16694749474380738
2026-02-17,0.1656323627513818
2026-02-18,0.16491446469434298
2026-02-19,0.1639301823359495
2026-02-20,0.1639694328367496
2026-02-23,0.16148929813326843
2026-02-24,0.16208932179946853
2026-02-25,0.1609325461107403
2026-02-26,0.16117722802498388
2026-02-27,0.16497434998838864
2026-03-02,0.16321832652003665
2026-03-03,0.16256529411529513
2026-03-04,0.16778598898476105
2026-03-05,0.1676426776763312
2026-03-06,0.17038600158218828
2026-03-09,0.16947049827228666
2026-03-10,0.17114584801834237
2026-03-11,0.17302654533684167
2026-03-12,0.17339390151569262
2026-03-13,0.17154699562166734
2026-03-16,0.17220782668201537
2026-03-17,0.1722627125820968
2026-03-18,0.17231544527619122
2026-03-19,0.17226415268859438
2026-03-20,0.17178351295584263
2026-03-23,0.17203550039765786
2026-03-24,0.17179816164232647
2026-03-25,0.1732408661343363
2026-03-26,0.17188371899809693
2026-03-27,0.1741016599996062
2026-03-30,0.17522432798341683
2026-03-31,0.17931172701275033
2026-04-01,0.17663262753824588
2026-04-02,0.1772721443529598
2026-04-06,0.17872012563323936
2026-04-07,0.17834716355377284
2026-04-08,0.1784170258084579
2026-04-09,0.1808455064030952
2026-04-10,0.1803956063778288
2026-04-13,0.17890724854436255
2026-04-14,0.18237361715792702
2026-04-15,0.1821461616225741
2026-04-16,0.18580041883360546
2026-04-17,0.18499305004402256
2026-04-20,0.18541923436293903
2026-04-21,0.1861905510971211
2026-04-22,0.1869708253052864
2026-04-23,0.18511462903986375
2026-04-24,0.18786990952191188
2026-04-27,0.18654314358173685
2026-04-28,0.18879249490408334
2026-04-29,0.19088325299371717
2026-04-30,0.18693899519582755
2026-05-01,0.18653900584617605
2026-05-04,0.18620578315035083
2026-05-05,0.18557514907966416
2026-05-06,0.18759383337947122
2026-05-07,0.18749161250056154
2026-05-08,0.1899991169193254
2026-05-11,0.18817554621210986
2026-05-12,0.18799740360808379
2026-05-13,0.18979134021501845
2026-05-14,0.19077907961422486
2026-05-15,0.19112128943707174
2026-05-18,0.19159001021329713
2026-05-19,0.1941647253758455
2026-05-20,0.19083804048795455
2026-05-21,0.1911326501556187
2026-05-22,0.18698821599010346
2026-05-26,0.1839942441053139
2026-05-27,0.18545375981943876
2026-05-28,0.18568760070265747
2026-05-29,0.1821458981437723
2026-06-01,0.1858476000692297
2026-06-02,0.18484818458664498
2026-06-03,0.18896555942156323
2026-06-04,0.1899748372631065
2026-06-05,0.18962522771319917
2026-06-08,0.19274632152160753
2026-06-09,0.19274470842950372
2026-06-10,0.19453001596300287
2026-06-11,0.19307951885672597
2026-06-12,0.19394465216973725
2026-06-15,0.192779480237951
2026-06-16,0.1914672356603462
2026-06-17,0.19257885617551004
2026-06-18,0.1951729827814272
2026-06-22,0.193160152888695
2026-06-23,0.19403212503587547
2026-06-24,0.1963614929561131
2026-06-25,0.19457751578531532
2026-06-26,0.1924264502702651
2026-06-29,0.19781899609715037
2026-06-30,0.19570010763388168
2026-07-01,0.1955375017360718
2026-07-02,0.20172932612518704
2026-07-06,0.20907151486078562
2026-07-07,0.20735371530004507
2026-07-08,0.20786021077646658
2026-07-09,0.21081972955836475
2026-07-10,0.20954336236513718
2026-07-13,0.209605248730182
2026-07-14,0.20881409778396948
2026-07-15,0.20704629858307538
2026-07-16,0.21075310091651886
2026-07-17,0.21229099057429124
2026-07-20,0.21428851733765122
2026-07-21,0.21564818172594466
2026-07-22,0.21745487582734005
2026-07-23,0.21828949441039205
2026-07-24,0.2208791515283981
2026-07-27,0.22271098298430908
2026-07-28,0.2295710801596323
2026-07-29,0.2414963743170164
2026-07-30,0.23966065865738836
2026-07-31,0.23758904369962514
2026-08-03,0.23431183844724912
2026-08-04,0.2371148171343978
2026-08-05,0.235066337352906
2026-08-06,0.2335640070620681
2026-08-07,0.23299588037063257
2026-08-10,0.23116367288223197
2026-08-11,0.23239875284986042
2026-08-12,0.2358660723199671
2026-08-13,0.23761887822809266
2026-08-14,0.23482423276084036
