ticker,avg_dollar_volume,n_bars
MU,47453609958.44372,62
NVDA,30473202324.596184,62
SNDK,21791727620.830513,62
AAPL,17224158184.540485,62
MSFT,16702126406.226078,62
TSLA,16409159394.055372,62
AMD,15082520423.980467,62
INTC,13511868412.253784,62
AMZN,12485053260.79409,62
GOOGL,11762273780.090431,62
META,10895556988.457365,62
MRVL,10444597937.434214,62
AVGO,10334778701.835928,62
GOOG,7968435721.790043,62
PLTR,5990534152.728025,62
AMAT,5289392212.000004,62
ORCL,5072946420.645486,62
WDC,4760191217.50316,62
LITE,4471755205.353669,62
STX,4183916699.405793,62
LRCX,3921557283.2069645,62
QCOM,3535813571.3534694,62
DELL,3501052834.031185,62
LLY,3425942614.1231413,62
NFLX,3266131968.655063,62
CAT,2969714079.0653353,62
JPM,2940226145.6828947,62
NOW,2937465648.0117674,62
CSCO,2890933501.4538794,62
GEV,2876735582.6683784,62
IBM,2833715666.634246,62
KLAC,2820663738.1617393,62
V,2792668915.616386,62
WMT,2749850658.6194067,62
APP,2739700731.0005436,62
GLW,2610598725.1737533,62
CRM,2596785723.1895447,62
TXN,2530205596.873671,62
HOOD,2488604182.263934,62
UNH,2436558669.9938865,62
BRK-B,2396192737.599576,62
XOM,2366863103.54282,62
PANW,2347268599.472907,62
COST,2283890107.8959804,62
GS,2246366481.6964426,62
COHR,2085457698.161759,62
CRWD,2052685355.4822614,62
BAC,2004039811.070387,62
JNJ,1991081667.1142087,62
SMCI,1928241491.0382426,62
ADI,1886275894.6471677,62
VRT,1874550458.2118127,62
MA,1831232626.0067356,62
INTU,1637688529.1608257,62
CVX,1635826613.786685,62
TER,1625211798.4493132,62
C,1623326740.31676,62
ABBV,1614890710.345709,61
GE,1529370072.9584231,62
HD,1511615865.9396265,62
UBER,1488202750.9233782,62
ADBE,1481468183.4222856,62
KO,1463240725.9674811,62
ANET,1440645057.3647776,62
T,1439579472.15183,62
MPWR,1336184195.2134655,62
BA,1320400125.1022093,62
DDOG,1306699221.8634083,62
APH,1304351583.7607968,62
COIN,1300204885.9558845,62
BKNG,1293419141.0176184,62
PG,1292929664.8832998,62
CIEN,1278457803.780291,62
WFC,1277995745.6538908,62
ACN,1260974746.9873245,62
HPE,1259627155.648613,62
MCD,1258975774.0808794,62
MRK,1253820058.1443417,62
MS,1247519222.2626224,62
VZ,1238192164.817761,62
PEP,1237552856.333382,62
ISRG,1217765578.2034104,62
ON,1202741691.4231086,62
NXPI,1186045522.611409,62
LIN,1172094726.5637305,62
TMO,1155603007.768397,62
ABT,1134283170.3977768,62
HON,1074594382.8670032,62
NEE,1058416312.0621097,62
AZO,1057827282.5136247,62
DIS,1049472505.541943,62
PFE,1045167613.0834488,62
MCHP,1027149501.4519722,62
NKE,1010641788.4839027,62
RTX,999407768.1791736,62
AXP,997749872.6323774,62
GILD,997451134.2057874,62
BSX,990616579.5809407,62
ETN,981150149.7715119,62
AMGN,979750364.0876524,62
SCHW,961248494.9301935,62
TMUS,955392498.2633283,62
SPGI,943641367.9857266,62
CEG,929009086.390563,62
DHR,927420689.0622538,62
RDDT,920832410.1484729,62
PM,912225688.9336125,62
ECHO,912204292.0089476,62
TJX,911372829.6469904,62
FLEX,905589563.5079538,62
FTNT,897301123.3945047,62
MCK,894728376.8623598,62
FIX,893031587.6622354,62
COF,890770620.4455467,62
FCX,890531137.4142001,62
SNPS,879615074.6542654,62
CDNS,877513729.5114332,62
PWR,839241976.9942745,62
F,838934956.6923172,62
SYK,837340786.5134455,62
CMCSA,831809960.5241007,62
UNP,825616340.4255528,62
CME,825241136.5219854,62
DASH,823795674.4589775,62
VLO,818209742.5630631,62
NEM,816181221.3470213,62
CVS,814526760.6862345,62
BLK,807940050.7841048,62
COP,803508772.8848981,62
PYPL,786958604.2561808,62
WELL,786044834.8536092,62
SBUX,776482578.9088095,62
WDAY,765932672.2873442,62
SHW,762004303.574839,62
RCL,759993664.6065743,62
MDT,753673442.495986,62
DE,747089049.1702172,62
VRTX,745645504.3178928,62
BMY,727741435.6057259,62
HWM,721349472.507526,62
SLB,716850682.1072179,62
CVNA,710725593.3513149,62
VST,709011877.5560194,62
HONA,698409757.8034867,43
HLT,688403477.9776151,61
CMI,687658700.3648328,62
ORLY,686891023.7598542,62
ROST,683524969.3355438,62
PGR,675267842.4670558,62
LMT,667050613.8424289,62
REGN,663305091.1905596,62
CMG,657804861.1614904,62
TRV,656931231.9237493,62
MPC,656834903.8952736,62
LOW,652650607.0080173,62
PH,649060272.0145934,62
ICE,648143974.0932957,62
HCA,644781602.2491947,62
EQIX,639166548.9561019,62
BX,636300045.1939121,62
ADP,632227122.5356071,62
TGT,627305420.9972382,62
AEP,626843654.8104563,62
ABNB,626571115.0543213,62
PLD,625329758.9466957,62
FDX,623167350.4533943,62
GM,622198366.1826103,62
FSLR,621410848.4648428,62
CCL,620164695.8098012,62
CB,615332552.3681641,62
TT,615269508.5020003,62
TTWO,613543037.984122,62
CSX,611261651.4300562,62
ELV,608275291.9958299,62
MMM,600468620.3792202,62
MAR,599989076.9367341,62
DAL,598670244.512152,62
WBD,598523758.5807154,62
UAL,592282415.5403383,62
JCI,590550046.4589518,62
MO,588496133.7091876,62
ADSK,581097704.5786949,62
FERG,570403469.3882358,62
DVN,566744972.69097,62
UPS,564504660.1046039,62
AMT,563781048.0101554,62
AKAM,555277894.3862177,62
DLR,550658073.421626,62
MDLZ,550604860.4298376,62
CTSH,548957523.2324477,62
BNY,548750224.3304344,62
AXON,548083296.6563071,62
SO,544133874.2506704,62
NTAP,541850635.6482475,62
OXY,537239886.3329488,62
ZTS,533387400.4738223,62
MNST,532726411.4471989,62
URI,530715781.33485854,62
APO,524956668.95360637,62
TEL,523208232.49819356,62
HUM,520428751.3870239,62
KEYS,519784449.901093,61
BKR,518713780.89520854,62
TDG,517193832.6437673,62
NOC,513137201.74855876,62
CAH,511176472.3806566,62
WMB,509859974.9692486,62
AON,509302339.2331031,62
USB,499028843.32647634,62
DUK,491294104.0949914,62
PSX,490529700.90249485,61
CRH,486434201.6385601,62
CI,485949111.056617,62
WM,480858312.835718,62
EOG,475242177.808454,62
PNC,472278043.4916835,62
KR,469841977.761404,62
HPQ,466453943.46806616,62
COR,464095344.19304633,62
D,455204113.4358929,62
KKR,454825940.5893387,62
JBL,453623962.9702168,62
CL,451264594.34875983,62
KMB,450128072.7762653,62
MRSH,449624189.923711,62
EBAY,449204925.9706805,62
MCO,447553337.98360515,62
IBKR,446634307.3813531,62
CHTR,441493784.8107123,62
KDP,439605391.8724429,62
MSI,438531484.2484997,62
CARR,438484565.2173027,61
TFC,438077261.8199502,62
XEL,432948642.53017056,62
ALL,431943898.66712016,62
FISV,431845226.7504723,62
XYZ,430623962.57784486,61
HAL,429360035.1942585,62
DXCM,426612504.33363146,62
CTAS,426528097.64532274,62
EW,426249223.52212477,62
FANG,424620217.87658197,62
MSCI,421945312.5112226,62
GD,421893864.3612277,62
PCAR,420915236.7274007,62
SPG,419609565.60240716,62
VEEV,419493102.17760146,62
MRNA,419040342.85795766,62
EXPE,418641696.38514364,62
VRSK,417475321.97755384,62
EMR,416401468.1760234,62
LHX,415465061.20649767,62
LYV,414345499.3677447,62
CASY,413193255.77028334,62
TTD,412764084.3901757,62
ODFL,410115076.3972621,62
ECL,409898732.07522976,62
GWW,406465905.5890483,62
LULU,405716332.2935412,62
CBOE,404226119.4120838,62
HBAN,403519074.89866287,62
FICO,396497802.5932066,62
EXC,394464637.4553373,62
TSCO,394425242.77184397,62
TPR,386010240.07733256,62
DLTR,385468679.20160604,62
ITW,383813008.8168483,62
STT,383248129.4413905,62
YUM,382493404.5781043,62
AJG,381090424.2129172,62
NSC,380168313.0719585,62
NUE,379260492.5943436,62
ROK,379024557.17005575,62
EQT,377988851.971614,62
SWKS,375944359.4048223,62
KVUE,373654966.6731096,62
FAST,373234872.11595964,62
CPRT,370225270.147259,62
APD,369119734.6256379,62
NRG,367969773.61884576,62
IDXX,367855881.1508671,62
FITB,367236898.93281996,62
O,363574711.0670151,62
ROP,363454429.5870381,62
BDX,363206150.34726053,62
DHI,361102367.5160808,62
ULTA,358701373.3433877,62
DOW,358049182.42851996,62
GIS,356637652.52198863,62
FOXA,352653906.4178467,61
CCI,352441005.0068763,62
EME,351256670.6415976,62
NDAQ,350274956.89921224,62
KHC,348374077.09235835,62
HSY,348006771.6470042,62
PCG,347936057.7076112,62
DG,345425620.17775506,62
ETR,344628657.16220486,62
WAT,343696149.7520693,62
PAYX,343467342.4027597,62
MLM,342447555.2828881,62
MET,339163613.23351705,62
CTVA,338381508.61242324,61
NCLH,338143022.5991757,62
VTR,337192312.71591187,62
SRE,335768564.7909103,62
IR,335345046.4049793,61
OKE,332104644.58373284,62
VMC,331602773.79657376,62
EXE,331477647.78798836,61
RSG,331322681.3016338,62
PSA,330455336.03756815,62
ALB,329730919.7480848,62
GEHC,327859306.31028473,61
PPL,324342929.81947005,62
TECH,323043476.1489499,62
CHRW,321829597.0743979,62
TRGP,319311699.1405856,62
BBY,317096591.57027584,62
CNC,316827577.6563337,62
KMI,315726005.03569573,62
RMD,314048056.0958616,62
AMP,313452460.96024054,62
LYB,307896480.6247465,62
IQV,306915873.71350896,61
HUBB,303632657.2091655,63
A,302651577.4396835,62
CFG,302337377.8241392,61
RF,301911312.1551791,62
STZ,301582413.54367656,62
STLD,301356666.053772,62
CF,299271636.07671183,62
ARES,297725789.154503,61
AWK,295681606.8881127,62
AIG,293495397.5709115,62
ADM,293150773.34341234,62
OMC,291207539.09178704,62
Q,289764617.82661813,61
CBRE,288317830.12009895,62
AFL,287495814.05811924,62
DPZ,287391761.5189091,62
EFX,285420709.0232357,62
SYY,283540253.6592791,62
GPN,281121270.166274,62
LUV,279360718.2706279,62
FDXF,278108992.52577347,55
AME,277379546.3681867,62
JBHT,274712167.8181802,62
RL,273513444.70288676,62
CNP,273147638.2881657,62
SYF,272445091.9334161,61
DRI,271734566.6011933,62
CDW,271362470.6781231,61
FFIV,271076788.68723226,62
FIS,269675855.2617658,62
OTIS,266134072.83130082,61
VICI,265183931.17401984,62
EL,263601142.59536496,62
TKO,262879609.406502,62
ED,262810658.13634318,62
CMS,260830054.14326575,62
WAB,259869301.06361142,62
TYL,259191139.14534047,62
MTB,257939608.99365333,62
WST,256420451.14588583,62
ZBRA,256412508.72632918,62
WEC,253157941.68319702,62
KEY,248556656.60073987,62
WSM,248543425.5383399,62
MTD,248180208.22793284,62
CLX,247156710.41865194,62
GNRC,246391029.3604697,62
ATO,244261058.04280928,62
SW,243088884.956809,62
BIIB,241064941.79832706,62
IT,240815982.6506707,62
LII,240762514.22901767,62
PODD,240630350.68989414,62
DECK,239903050.915835,62
HIG,239810526.39293057,62
TDY,237302122.02542213,62
FDS,236048719.91660824,62
VRSN,235466969.0300234,62
TROW,232313010.27811113,62
PTC,230941972.1093824,62
GRMN,230482143.70599562,62
DOV,229929955.53254157,62
PEG,229566260.42359874,62
HST,229222862.06098372,62
ROL,228534264.26464203,62
CPAY,227860236.65997905,62
LEN,227340777.77073768,62
LVS,225122423.97290507,62
CSGP,223848985.71050707,62
PPG,223774432.31923503,62
GDDY,222873092.50239387,61
XYL,221512274.4345019,62
PHM,220467387.52709666,62
RJF,220373493.55877292,62
NI,219745427.6226659,62
IRM,218095628.45351925,62
ZBH,217502886.2640627,62
APTV,215580279.02537316,62
EXPD,213234357.6803638,62
FE,210584530.31167677,62
PRU,209945082.12078464,62
BR,209853833.892207,62
IP,207888453.1780089,62
INCY,205948451.23758623,62
DD,205867788.73630106,62
DTE,204199271.6529354,62
NVR,203461901.76017514,62
GPC,202135447.40018538,62
ACGL,202110505.68372664,62
JKHY,202034517.53322232,62
APA,200045688.7873342,62
EIX,198062731.43331465,62
PNR,196744390.94837558,62
MKC,196479205.2085569,62
DGX,196089741.25029042,62
TSN,195881823.6689783,62
CRL,195640448.35527483,62
NTRS,195220442.03909597,62
LDOS,194160382.97667965,62
AEE,192870972.94424734,62
HAS,192082207.87349823,62
MOS,192012648.72100893,62
SBAC,191862146.83914185,62
VLTO,191543456.37683555,61
COO,190559228.76983765,62
MAS,187382439.64027897,62
CHD,187103709.4527706,62
DVA,186779404.120636,62
BG,186716031.45210513,62
LNT,186422128.42850223,62
LH,186416366.8397719,62
BLDR,185893069.12406182,62
ES,184078724.8595576,62
BRO,182753058.54959795,62
WTW,181836648.09503862,62
FTV,180559603.05175155,61
ALGN,177356702.8260508,62
MGM,176653356.5876684,62
ALLE,174315340.62087262,61
STE,173605887.9349493,62
SJM,173122382.70902327,62
EVRG,172268940.57841146,62
EXR,172179466.373419,62
VTRS,169951319.00732902,62
TRMB,162054559.34488234,62
RVTY,160882754.25490102,62
GEN,159789799.57135722,62
UDR,158935125.4265816,62
BAX,157944265.67647687,62
UHS,156895431.69270176,62
TPL,156652520.71060672,62
AMCR,156251818.5044627,62
IEX,156064286.0173133,62
PKG,155607811.92924747,62
SWK,155320605.57697666,62
IFF,154257908.16955566,62
BALL,153913058.5612574,62
HII,152078582.9577046,62
PFG,152071478.47293732,62
DOC,150615312.41295108,62
INVH,150455860.259153,61
WYNN,148527911.46755832,62
IVZ,147301340.41126928,62
BEN,146433237.9288058,62
WRB,146375683.26544607,62
EG,143997646.41890988,62
TXT,141242477.0771888,62
J,140479026.39197072,62
CINF,140209273.86966828,62
SNA,139892236.71057916,62
MAA,139226618.80074778,62
ESS,134419937.51205936,62
WY,133487762.00574444,62
NWSA,130131835.78069405,61
TAP,128270694.53493549,62
AVY,127014747.94198313,62
PNW,126873215.7962799,62
SOLV,126724896.65945084,61
KIM,120807776.28750648,62
CPT,120717428.17465259,62
AES,117838616.82134597,62
REG,115192451.30306368,62
HRL,114806681.6399359,62
NDSN,114517448.84505734,62
FRT,113760673.48529446,62
HSIC,113472161.54383998,62
GL,111851390.27404785,62
AIZ,107058241.93317044,62
AOS,103169816.83844289,62
L,94652596.86139014,62
BXP,94247989.20962426,62
ARE,93703408.76847544,62
PSKY,93635043.19123991,62
FOX,89313365.90239727,61
BF-B,70512782.3212439,62
ERIE,57935729.235618345,62
NWS,46762680.210076004,61
