,cash_basis,mtm_rf,rf_index,spy_control,universe_control
2021-08-11,1.0,1.0,1.0,1.0,1.0
2021-08-12,1.0,1.0,1.0,1.0,1.0
2021-08-13,1.0,1.0,1.0,1.0,1.0
2021-08-16,1.0,1.0,1.0,1.0,1.0
2021-08-17,1.0,1.0,1.0,1.0,1.0
2021-08-18,1.0,1.0,1.0,1.0,1.0
2021-08-19,1.0,1.0,1.0,1.0,1.0
2021-08-20,1.0,1.0,1.0,1.0,1.0
2021-08-23,1.0,1.0,1.0,1.0,1.0
2021-08-24,1.0,1.0,1.0,1.0,1.0
2021-08-25,1.0,1.0,1.0,1.0,1.0
2021-08-26,1.0,1.0,1.0,1.0,1.0
2021-08-27,1.0,1.0,1.0,1.0,1.0
2021-08-30,1.0,1.0,1.0,1.0,1.0
2021-08-31,1.0,1.0,1.0,1.0,1.0
2021-09-01,1.0,1.0,1.0,1.0,1.0
2021-09-02,1.0,1.0,1.0,1.0,1.0
2021-09-03,1.0,1.0,1.0,1.0,1.0
2021-09-07,1.0,1.0,1.0,1.0,1.0
2021-09-08,1.0,1.0,1.0,1.0,1.0
2021-09-09,1.0,1.0,1.0,1.0,1.0
2021-09-10,1.0,1.0,1.0,1.0,1.0
2021-09-13,1.0,1.0,1.0,1.0,1.0
2021-09-14,1.0,1.0,1.0,1.0,1.0
2021-09-15,1.0,1.0,1.0,1.0,1.0
2021-09-16,1.0,1.0,1.0,1.0,1.0
2021-09-17,1.0,1.0,1.0,1.0,1.0
2021-09-20,1.0,1.0,1.0,1.0,1.0
2021-09-21,1.0,1.0,1.0,1.0,1.0
2021-09-22,1.0,1.0,1.0,1.0,1.0
2021-09-23,1.0,0.9999796555503554,1.0,0.9999796555503554,0.9999796555503554
2021-09-24,1.0,0.9995324211558346,1.0,1.0000466819630336,0.9999923034576562
2021-09-27,1.0,0.9989725031371584,1.0,0.9999300805086107,1.000052337230303
2021-09-28,1.0,0.9977506528880098,1.0,0.9991111211390782,0.9993936314467492
2021-09-29,1.0,0.9976699892990294,1.0,0.9991781445635081,0.9994394134963913
2021-09-30,1.0,0.9972417459079305,1.0,0.9986906327470312,0.9988838437621181
2021-10-01,1.0,0.9978277613171033,1.0,0.9991588673727729,0.9993467802846842
2021-10-04,1.0,0.9971907466674305,1.0,0.9986447242861317,0.999034873441235
2021-10-05,1.0,0.9978586015425814,1.0,0.9990541950061526,0.9993719701298287
2021-10-06,1.0,0.997866903470149,1.0,0.9992194570982953,0.9994624476292072
2021-10-07,1.0,0.9979926554530476,1.0,0.9995646715119488,0.9998329794830155
2021-10-08,1.0,0.997866903470149,1.0,0.9994912203651083,0.9997391040217677
2021-10-11,1.0,0.9980223198015278,1.0,0.9992001799075603,0.9995103380767584
2021-10-12,1.0,0.9981634722336706,1.0,0.9991019442280958,0.9995349079583912
2021-10-13,1.0,0.9985751432312264,1.0,0.999245162011441,0.9996726482185209
2021-10-14,1.0,0.9996157213357576,1.0,0.9999036501250456,1.0003602970856142
2021-10-15,1.0,1.0004445450682928,1.0,1.000419862043615,1.0006023370097852
2021-10-18,1.0,1.0003834885155696,1.0,1.0006220760808884,1.000651490549781
2021-10-19,1.0,1.0011314055645697,1.0,1.0011334638419598,1.0010705617201172
2021-10-20,1.0,1.0014880399835744,1.0,1.0015387052621059,1.0018106310891388
2021-10-21,1.0005699897237124,1.001821853678422,1.0,1.001767700255801,1.0019575540783179
2021-10-22,1.0005699897237124,1.0027091252867721,1.0,1.0016407179391813,1.0022257667159349
2021-10-25,1.0005699897237124,1.0032864568453155,1.0,1.00241039240573,1.0026139113115387
2021-10-26,1.0005699897237124,1.0033617145846114,1.0,1.002525114574754,1.0023927371984218
2021-10-27,1.0005699897237124,1.003713476216572,1.0,1.0019835312062888,1.000846300609242
2021-10-28,1.0005699897237124,1.0048732413076498,1.0,1.0023267469157464,1.001234724829588
2021-10-29,1.0005699897237124,1.0100368407024252,1.0,1.002559583001883,1.0009774684983777
2021-11-01,1.0005699897237124,1.0151348526517567,1.0,1.0027823089029102,1.0019225339162563
2021-11-02,1.0005699897237124,1.018842641686852,1.0,1.0033067163991032,1.0022713699548902
2021-11-03,1.0005699897237124,1.0202227593789162,1.0,1.0041018160228765,1.003088787457706
2021-11-04,1.0005699897237124,1.0232223936367413,1.0,1.0047192469815849,1.0030646931422116
2021-11-05,1.0005699897237124,1.0236708878568184,1.0,1.0051760043874491,1.0041170777803365
2021-11-08,1.0005699897237124,1.0242961489280342,1.0,1.005288785126752,1.0043664680561386
2021-11-09,1.0005699897237124,1.025894258246645,1.0,1.0048517849976755,1.0043826988269986
2021-11-10,1.0005699897237124,1.023773639104837,1.0,1.0037916644014797,1.0034478207005544
2021-11-11,1.002933829105671,1.034043067660847,1.0,1.0038197380610236,1.0038343424053877
2021-11-12,1.002933829105671,1.0371110078147963,1.0,1.0045917460256686,1.004383830275501
2021-11-15,1.002933829105671,1.0295999351612626,1.0,1.0046270246086122,1.004560043947595
2021-11-16,1.0047055782257366,1.03426076168864,1.0,1.005017324425452,1.0047700363540646
2021-11-17,1.0047055782257366,1.0279814302581987,1.0,1.0048522523379235,1.004413472100066
2021-11-18,1.010553753382992,1.023217832990648,1.0,1.0050476731902394,1.0041536429611115
2021-11-19,1.016833942562561,1.028059048100845,1.0,1.004921822928468,1.0038217148493471
2021-11-22,1.016833942562561,1.029526108736344,1.0,1.0049439847599932,1.0038210715243092
2021-11-23,1.0146417350339993,1.0358030161486285,1.0,1.0049085601190948,1.0037712001416748
2021-11-24,1.0131772555618335,1.035281713738,1.0,1.0049762148038444,1.003783359776747
2021-11-26,1.0286625005010304,1.0292151892001447,1.0,1.0018849876399674,1.000422388377436
2021-11-29,1.0286625005010304,1.029681050399468,1.0,1.0023978097641801,1.0007697880768593
2021-11-30,1.0286625005010304,1.0291197110756873,1.0,1.0015743830122037,0.9996971845504695
2021-12-01,1.0286625005010304,1.0285051756648211,1.0,1.0011134701383038,0.9991404737892443
2021-12-02,1.0286625005010304,1.0301639777918459,1.0,1.0017341904247377,1.0000767219722924
2021-12-03,1.0286625005010304,1.0297457730567667,1.0,1.001236076980224,0.9997867787118623
2021-12-06,1.0286625005010304,1.02984949033684,1.0,1.0019081580147546,1.0005650913157138
2021-12-07,1.0286625005010304,1.0305582709194974,1.0,1.00309586860678,1.0015862347419484
2021-12-08,1.0286625005010304,1.0301508857125352,1.0,1.0032510654413047,1.0017781041662261
2021-12-09,1.0286625005010304,1.0299509847490873,1.0,1.002854333629318,1.0013143538117286
2021-12-10,1.0286625005010304,1.03057262349751,1.0,1.0034037611378366,1.00163413374105
2021-12-13,1.0286625005010304,1.0299437352241823,1.0,1.0028818746618444,1.0012232966184191
2021-12-14,1.0286625005010304,1.028916706327917,1.0,1.0024801120592692,1.000860446962831
2021-12-15,1.0286625005010304,1.0308808128516316,1.0,1.003386228730797,1.0015338865110253
2021-12-16,1.03205151316239,1.0301101932054069,1.0,1.0028016154037012,1.0012772186853798
2021-12-17,1.0324929673086454,1.028456358307444,1.0,1.001362601471812,1.0002508138042292
2021-12-20,1.0324929673086454,1.0268250182166738,1.0,0.9997511232759412,0.998222514009759
2021-12-21,1.0314683529423605,1.0294148085806996,1.0,1.0024044904826057,1.0013222021150476
2021-12-22,1.0309363243234868,1.0303619890257296,1.0,1.0037350272732424,1.0023701826957987
2021-12-23,1.0309363243234868,1.031682002396887,1.0,1.0044806101594443,1.0032262284906308
2021-12-27,1.0309363243234868,1.0330115080261717,1.0,1.0061870433677775,1.0047990214924565
2021-12-28,1.0309363243234868,1.0313152896075355,1.0,1.0060871048955535,1.0048622034104078
2021-12-29,1.0309363243234868,1.0312757311922902,1.0,1.0062434031481386,1.0051940227169907
2021-12-30,1.0308909839704934,1.0316488482677195,1.0,1.005897063804358,1.004977412733262
2021-12-31,1.0308909839704934,1.0310162189444108,1.0,1.0056306262554597,1.0049810006720756
2022-01-03,1.0308909839704934,1.0305257985239196,1.0,1.0062412189063055,1.0050532457581522
2022-01-04,1.0308909839704934,1.0286352212933632,1.0,1.0062056871784752,1.0057578690865898
2022-01-05,1.0308909839704934,1.0214211238888113,1.0,1.004169648600041,1.0038392401983594
2022-01-06,1.0308909839704934,1.0213646075337715,1.0,1.004071954352018,1.004112584882571
2022-01-07,1.0308909839704934,1.0207411027253537,1.0,1.0036611934635482,1.0037672943143379
2022-01-10,1.0308909839704934,1.0234994880868127,1.0,1.0035324107540249,1.0033802352307177
2022-01-11,1.0308909839704934,1.0242396754112668,1.0,1.0044738359092324,1.0044122944061777
2022-01-12,1.0308909839704934,1.0246918062515864,1.0,1.0047558068867748,1.0045323945885336
2022-01-13,1.0218243223481724,1.0218243223481722,1.0,1.0032632424110877,1.0037138280337576
2022-01-14,1.0218243223481724,1.0218243223481722,1.0,1.0032632424110877,1.0037138280337576
2022-01-18,1.0218243223481724,1.0218243223481722,1.0,1.0032632424110877,1.0037138280337576
2022-01-19,1.0218243223481724,1.0218243223481722,1.0,1.0032632424110877,1.0037138280337576
2022-01-20,1.0218243223481724,1.0218243223481722,1.0,1.0032632424110877,1.0037138280337576
2022-01-21,1.0218243223481724,1.0218243223481722,1.0,1.0032632424110877,1.0037138280337576
2022-01-24,1.0218243223481724,1.0218243223481722,1.0,1.0032632424110877,1.0037138280337576
2022-01-25,1.0218243223481724,1.0218243223481722,1.0,1.0032632424110877,1.0037138280337576
2022-01-26,1.0218243223481724,1.021736432827649,1.0,1.0031753528905645,1.0036259385132345
2022-01-27,1.0218243223481724,1.0236930474249601,1.0,1.0020895552109257,1.0022714358820166
2022-01-28,1.0218243223481724,1.044475489100741,1.0,1.017252827099632,1.0142227080875135
2022-01-31,1.0218243223481724,1.066204041084735,1.0,1.0285226843727506,1.0262688874269161
2022-02-01,1.0218243223481724,1.0664710567804145,1.0,1.0328266692417727,1.0312384721855683
2022-02-02,1.0218243223481724,1.0701170993928257,1.0,1.0390561693626705,1.0354256841302452
2022-02-03,1.0218243223481724,1.054445633098239,1.0,1.0238362781783057,1.0247767743984748
2022-02-04,1.0218243223481724,1.060541340615356,1.0,1.0268095029595816,1.0249210562413638
2022-02-07,1.0218243223481724,1.057598707978311,1.0,1.0247707491163882,1.025214911289565
2022-02-08,1.0218243223481724,1.0678261297197722,1.0,1.0299808263957417,1.030788268352751
2022-02-09,1.0218243223481724,1.0829456989441009,1.0,1.03932526025688,1.0420760818021721
2022-02-10,1.0218243223481724,1.0694658341603631,1.0,1.0276873086820577,1.0315478244239227
2022-02-11,1.0218243223481724,1.0490418544277125,1.0,1.015143218776956,1.0225314611977605
2022-02-14,1.0218243223481724,1.0452570265516739,1.0,1.013104648613554,1.0179048811024503
2022-02-15,1.0218243223481724,1.0666696897347108,1.0,1.0231283762627539,1.0281777370706626
2022-02-16,1.0218243223481724,1.0703543783151481,1.0,1.0238362781783057,1.0296690506930968
2022-02-17,1.0218243223481724,1.0525385201116335,1.0,1.0103295224871618,1.0175984013375379
2022-02-18,1.0218243223481724,1.0461285583091722,1.0,1.0063227774403611,1.0144688417877743
2022-02-22,1.0218243223481724,1.0362413691411967,1.0,0.9997251370978116,1.0078457556538807
2022-02-23,1.021652500963882,1.0165755185389453,1.0,0.9888511789547783,0.9967478981135393
2022-02-24,1.0345504691233616,1.0345504691233616,1.0,0.9950495671631223,1.002291282554201
2022-02-25,1.0345504691233616,1.0345504691233616,1.0,0.9950495671631223,1.002291282554201
2022-02-28,1.0345504691233616,1.0345504691233616,1.0,0.9950495671631223,1.002291282554201
2022-03-01,1.0345504691233616,1.0345504691233616,1.0,0.9950495671631223,1.002291282554201
2022-03-02,1.0345504691233616,1.0345504691233616,1.0,0.9950495671631223,1.002291282554201
2022-03-03,1.0345504691233616,1.0345504691233616,1.0,0.9950495671631223,1.002291282554201
2022-03-04,1.0345504691233616,1.0345035745791158,1.0,0.9950026726188765,1.0022443880099552
2022-03-07,1.0345504691233616,1.0310533943809792,1.0,0.9922378589493841,0.9993823150317185
2022-03-08,1.0345504691233616,1.0351480353113085,1.0,0.9915477377397094,0.9989367504216582
2022-03-09,1.0345504691233616,1.0382267249249848,1.0,0.9939696657778848,1.0011730135680463
2022-03-10,1.0345504691233616,1.0363468809002478,1.0,0.9934990904411276,1.0008602332560095
2022-03-11,1.0345504691233616,1.0332291623596999,1.0,0.9910095863187678,0.9986503895325969
2022-03-14,1.0345504691233616,1.0255481989883144,1.0,0.9895968907492346,0.9974149473257252
2022-03-15,1.0345504691233616,1.0358433629353219,1.0,0.9938166346387484,1.00086979661647
2022-03-16,1.0345504691233616,1.0405383171642035,1.0,0.9981652110867252,1.0053802238411746
2022-03-17,1.0345504691233616,1.0488188101172373,1.0,1.0006731475781423,1.0081014113500653
2022-03-18,1.0345504691233616,1.0534537695436301,1.0,1.0028961659114197,1.0101194783085854
2022-03-21,1.0345504691233616,1.0504333020935739,1.0,1.0028361375807733,1.0096301805646555
2022-03-22,1.0345504691233616,1.0585506550059574,1.0,1.0052364499318895,1.0113143676797476
2022-03-23,1.0345504691233616,1.0566046234359794,1.0,1.0025638310435676,1.0085464021791786
2022-03-24,1.0345504691233616,1.0652724432350702,1.0,1.0056519020979438,1.0110975247494116
2022-03-25,1.0345504691233616,1.0652833950389182,1.0,1.0066673987705377,1.012313670969174
2022-03-28,1.0345504691233616,1.065435517552353,1.0,1.008153749191324,1.0130620402725539
2022-03-29,1.0345504691233616,1.0683711919251753,1.0,1.010757160876959,1.016474314534153
2022-03-30,1.0345504691233616,1.0653877365430842,1.0,1.0094416568760902,1.014959057758233
2022-03-31,1.0345504691233616,1.0649623538112214,1.0,1.0061827244768013,1.0121284947373395
2022-04-01,1.0445923146452019,1.0644874486126419,1.0,1.006724306234792,1.01297740060108
2022-04-04,1.0445923146452019,1.065126524075414,1.0,1.0076706399739963,1.0132198996356825
2022-04-05,1.0445923146452019,1.060214282249238,1.0,1.0062633078426608,1.0119353785210667
2022-04-06,1.0445923146452019,1.055480758753868,1.0,1.0051633184877404,1.0112718280184891
2022-04-07,1.0585686402973684,1.0585686402973684,1.0,1.0056573623086318,1.0115513446669757
2022-04-08,1.0585686402973684,1.0585686402973684,1.0,1.0056573623086318,1.0115513446669757
2022-04-11,1.0585686402973684,1.0585686402973684,1.0,1.0056573623086318,1.0115513446669757
2022-04-12,1.0585686402973684,1.0585686402973684,1.0,1.0056573623086318,1.0115513446669757
2022-04-13,1.0585686402973684,1.0585471043009704,1.0,1.0056358263122338,1.011529808670578
2022-04-14,1.0585686402973684,1.058109739569706,1.0,1.0050613834268607,1.011169058003209
2022-04-18,1.0585686402973684,1.0609673623466565,1.0,1.0051102111970585,1.010826812592695
2022-04-19,1.0585686402973684,1.0627805588046844,1.0,1.0070283986572905,1.0131051107701392
2022-04-20,1.0585686402973684,1.063205677401867,1.0,1.0069388752302573,1.013812974372142
2022-04-21,1.0585686402973684,1.0621569282416117,1.0,1.0051346250821571,1.011867223435182
2022-04-22,1.0585686402973684,1.058792293870253,1.0,1.0018734370838183,1.008526896328586
2022-04-25,1.0585686402973684,1.058629056724921,1.0,1.002543586386898,1.0089394322521776
2022-04-26,1.0585686402973684,1.0560129441510522,1.0,0.9991765493272571,1.00603142000993
2022-04-27,1.0585686402973684,1.0544611500365688,1.0,0.9994267071863697,1.0061646166927454
2022-04-28,1.0585686402973684,1.056055538841258,1.0,1.00551814360948,1.0106775578250942
2022-04-29,1.0585686402973684,1.0368749851936634,1.0,0.9836813727500301,0.9920538328020534
2022-05-02,1.0585686402973684,1.0484799784397782,1.0,0.9872695984926526,0.994269819962099
2022-05-03,1.0585686402973684,1.0525797277615265,1.0,0.9900981776055603,0.9984277960989136
2022-05-04,1.0585686402973684,1.0776964271745495,1.0,1.0089755086666792,1.0163433079336865
2022-05-05,1.0585686402973684,1.0465840280366854,1.0,0.9862721202519923,0.9952198918191355
2022-05-06,1.0585686402973684,1.0389768648955122,1.0,0.9825948037421479,0.9887592899566086
2022-05-09,1.0585686402973684,1.0103725573478726,1.0,0.9629880167762435,0.9684111723760493
2022-05-10,1.0585686402973684,1.001306138677604,1.0,0.9643577322157758,0.9679873314711723
2022-05-11,1.0554278279086833,0.9895329642768274,1.0,0.9549000109603974,0.9594992523838428
2022-05-12,1.0495305240405985,0.9929663865477074,1.0,0.9542953144264156,0.9626402384454479
2022-05-13,1.0495305240405985,1.0115331365180273,1.0,0.9657148780763484,0.975434955104673
2022-05-16,1.0495305240405985,1.0035838415652503,1.0,0.9637303576925847,0.9727680897413252
2022-05-17,1.0495305240405985,1.0154872314764625,1.0,0.9737498730138591,0.983517393681034
2022-05-18,1.0495305240405985,0.9926999783582853,1.0,0.9537108423713104,0.9640082283617021
2022-05-19,1.0495305240405985,0.9941077331200623,1.0,0.9507511977536532,0.963835899190222
2022-05-20,1.0495305240405985,0.998181977468917,1.0,0.9509913523984805,0.9641495512081941
2022-05-23,1.0495305240405985,1.0023756375331832,1.0,0.9612813080298116,0.9717086686727778
2022-05-24,1.0495305240405985,0.9866612487135227,1.0,0.9570043920432255,0.9667659960514609
2022-05-25,1.02719733559149,0.9969139459767853,1.0,0.9618010200944891,0.9740952311891615
2022-05-26,1.0036449111687882,1.0113762591001993,1.0,0.9722838195510615,0.985923238372129
2022-05-27,1.0021963964087097,1.0245322123450205,1.0,0.9805287624198804,0.9943874373531294
2022-05-31,1.0020690446149025,1.0167631181140135,1.0,0.9776010314607315,0.989163269476242
2022-06-01,1.0020690446149025,1.010024960259755,1.0,0.9735449483240284,0.9837717200926891
2022-06-02,1.0020690446149025,1.031353275341831,1.0,0.9830171392983639,0.9938046686252299
2022-06-03,1.0020690446149025,1.0153937476848627,1.0,0.9746987135407649,0.9874151554221712
2022-06-06,1.0020690446149025,1.0159012182696727,1.0,0.9762165838777981,0.9892428423135109
2022-06-07,1.0020690446149025,1.0221933027463996,1.0,0.9810134028167657,0.9942350635767996
2022-06-08,1.0020690446149025,1.0152491138676933,1.0,0.9755243797188733,0.986859338987824
2022-06-09,1.0020690446149025,1.0039374284338938,1.0,0.96364775208472,0.9752888034439235
2022-06-10,1.0020690446149025,0.9855310490507835,1.0,0.9495124005160184,0.9618960719986404
2022-06-13,1.0020690446149025,0.9650066367732467,1.0,0.9315394760008919,0.9421868081192513
2022-06-14,1.0020690446149025,0.9654498379986828,1.0,0.930167200593877,0.9396878237901642
2022-06-15,1.0020690446149025,0.9751106152095026,1.0,0.9366398925663163,0.945082930942721
2022-06-16,1.0048910288572779,0.9548543733051754,1.0,0.9213637250032427,0.9281203356802532
2022-06-17,1.0048910288572779,0.9588694547883683,1.0,0.9221198721103367,0.9295842680579341
2022-06-21,1.0048910288572779,0.9694406261211254,1.0,0.9340871311152238,0.9382765740006243
2022-06-22,1.0027769517770069,0.9677319878817304,1.0,0.9331549985273064,0.9373604189746965
2022-06-23,0.9923982034466776,0.9735729502154375,1.0,0.9369178316484584,0.9406881348257419
2022-06-24,0.974341774247449,0.9817922108141516,1.0,0.9459516762327803,0.9501439375910183
2022-06-27,0.974341774247449,0.9799400200521393,1.0,0.9455424203127698,0.9500889066940715
2022-06-28,0.974341774247449,0.9756395905581303,1.0,0.9433615819785485,0.9483923281332814
2022-06-29,0.974341774247449,0.9764389564712156,1.0,0.9432764094920193,0.9477425556722942
2022-06-30,0.974341774247449,0.9757593543465204,1.0,0.9424277176585883,0.9470003907398787
2022-07-01,0.974341774247449,0.9764333890275395,1.0,0.9435236148526307,0.9482341152269684
2022-07-05,0.974341774247449,0.9786643699574599,1.0,0.9437213897523099,0.9480429813969432
2022-07-06,0.974341774247449,0.9804302185929664,1.0,0.9440757150778106,0.9480494021872379
2022-07-07,0.974341774247449,0.9826751393818619,1.0,0.945652308029765,0.9497721917304462
2022-07-08,0.974341774247449,0.9822712744676266,1.0,0.9455644031617639,0.9494117961413244
2022-07-11,0.974341774247449,0.9808006618453172,1.0,0.9443448856020991,0.9483460112800626
2022-07-12,0.974341774247449,0.9783997761342661,1.0,0.9434110124394806,0.9478260815314155
2022-07-13,0.974341774247449,0.9773970837781657,1.0,0.9428616976517233,0.947329998686118
2022-07-14,0.974341774247449,0.9776811764040966,1.0,0.9426089833148759,0.9464995827529642
2022-07-15,0.9795500981758469,0.979550098175847,1.0,0.9445391999937001,0.9485116988044336
2022-07-18,0.9795500981758469,0.979550098175847,1.0,0.9445391999937001,0.9485116988044336
2022-07-19,0.9795500981758469,0.979550098175847,1.0,0.9445391999937001,0.9485116988044336
2022-07-20,0.9795500981758469,0.979550098175847,1.0,0.9445391999937001,0.9485116988044336
2022-07-21,0.9795500981758469,0.979550098175847,1.0,0.9445391999937001,0.9485116988044336
2022-07-22,0.9795500981758469,0.979550098175847,1.0,0.9445391999937001,0.9485116988044336
2022-07-25,0.9795500981758469,0.979550098175847,1.0,0.9445391999937001,0.9485116988044336
2022-07-26,0.9795500981758469,0.979550098175847,1.0,0.9445391999937001,0.9485116988044336
2022-07-27,0.9795500981758469,0.9795011206709383,1.0,0.9444902224887913,0.9484627212995248
2022-07-28,0.9795500981758469,0.9775694790853883,1.0,0.9432126388042962,0.9468374768797235
2022-07-29,0.9795500981758469,0.9796292140755385,1.0,0.9431125213240986,0.9467373292015732
2022-08-01,0.9795500981758469,0.9717524547049076,1.0001,0.9434474065484811,0.9469807420184124
2022-08-02,0.9795500981758469,0.9784114409463217,1.00020001,0.9440931839155005,0.9474979142861248
2022-08-03,0.9795500981758469,0.9784918277080434,1.0003000300009999,0.9428407644377484,0.9465495887037715
2022-08-04,0.9795500981758469,0.9842587364983678,1.000400060004,0.942979426717255,0.9467551712469713
2022-08-05,0.9795500981758469,0.9861515389046731,1.0005001000100002,0.9432057285913278,0.9466262146872623
2022-08-08,0.9795500981758469,0.9862848771020892,1.0006001500200012,0.9433861712491584,0.9464381554759101
2022-08-09,0.9795500981758469,0.9877238702742938,1.0007002100350033,0.9438086193875005,0.9470883864434012
2022-08-10,0.9795500981758469,0.98925344951318,1.0008002800560067,0.9420866622881705,0.9450925554179397
2022-08-11,0.9795500981758469,0.9862096315217806,1.0009003600840123,0.9421666122890925,0.944860508096851
2022-08-12,0.9795500981758469,0.9850106517198273,1.0010004501200207,0.9407633295946348,0.9434439340137614
2022-08-15,0.9795500981758469,0.9831701760430939,1.0011005501650327,0.9404757581577057,0.9433576222184916
2022-08-16,0.9795500981758469,0.9808164629228464,1.0012006602200492,0.9403799747629649,0.9431647400296135
2022-08-17,0.9795500981758469,0.9831121118764871,1.0013007802860712,0.941095672510617,0.9441279777143997
2022-08-18,0.9795500981758469,0.9811612010044098,1.0014009103640997,0.9409165697181174,0.9438260293689495
2022-08-19,0.9795500981758469,0.9842693180533716,1.001501050455136,0.9421956011275019,0.9451965258103494
2022-08-22,0.9795500981758469,0.9869652871466426,1.0016012005601815,0.9441091231758924,0.9471368859210095
2022-08-23,0.9795500981758469,0.9863135841518529,1.0017013606802376,0.9443980433039508,0.9473269422631193
2022-08-24,0.9747368448180888,0.9836346004331221,1.0018015308163057,0.9441525194930317,0.9468825956594644
2022-08-25,0.981262404508497,0.9831617136519497,1.0019017109693873,0.944365004959593,0.9471143859986062
2022-08-26,0.985516196957552,0.9936628212873972,1.0020019011404842,0.9496545051643456,0.9522298164732449
2022-08-29,0.985516196957552,0.993896425330702,1.0021021013305982,0.9497243656726426,0.9523026883838794
2022-08-30,0.985516196957552,0.9939018440471041,1.0022023115407312,0.9497826861363857,0.9523611564967926
2022-08-31,0.985516196957552,0.9938003685731842,1.0023025317718852,0.9498503355438189,0.9524317294739109
2022-09-01,0.985516196957552,0.9972552439364808,1.0024027620250624,0.9499464675926124,0.9525196678551263
2022-09-02,0.985516196957552,0.9981752767485141,1.0025030023012649,0.9499864409310279,0.9525685231968786
2022-09-06,0.985516196957552,0.9978726231455047,1.002603252601495,0.9499091921300883,0.9525205044200185
2022-09-07,0.985516196957552,0.9998815825439985,1.0027035129267552,0.9507575441818057,0.9535299411119134
2022-09-08,0.985516196957552,1.0013931313834181,1.0028037832780479,0.9511244801717765,0.95402053033284
2022-09-09,0.985516196957552,1.003004174080883,1.0029040636563757,0.9518855582399937,0.9547831015061696
2022-09-12,0.985516196957552,1.0038827246582045,1.0030043540627414,0.9524450722905641,0.9552920809358085
2022-09-13,0.985516196957552,1.00420218978485,1.0031046544981477,0.9505827987055139,0.953616579528653
2022-09-14,0.985516196957552,1.005424276133196,1.0032049649635975,0.9508300359728749,0.9537384569275763
2022-09-15,0.985516196957552,1.0029373753178554,1.003305285460094,0.9503768010488569,0.953428830033087
2022-09-16,0.985516196957552,0.9986216539050937,1.00340561598864,0.9493749658748487,0.9519016856243322
2022-09-19,0.985516196957552,0.9965423418631597,1.0035059565502389,0.9505344555959677,0.9531179759085148
2022-09-20,0.985516196957552,0.9939201185065429,1.0036063071458938,0.9489895778782296,0.9509402882039459
2022-09-21,0.985516196957552,0.9918357918399456,1.0037066677766084,0.9466317080019397,0.9487983868427405
2022-09-22,1.0065574908675516,0.9917341046805003,1.0038070384433861,0.9454733037086247,0.9466472698525596
2022-09-23,0.9967574059949561,0.9889872161640455,1.0039074191472306,0.9404388839544344,0.9414070155616375
2022-09-26,0.9967574059949561,0.9881454506753875,1.0040078098891454,0.9372374895901375,0.9367725694845195
2022-09-27,0.9967574059949561,0.987719081232331,1.0041082106701342,0.9364648464659079,0.9361885383954209
2022-09-28,0.9967574059949561,0.9933836023209959,1.0042086214912012,0.9429332588305589,0.9441331774689931
2022-09-29,0.9967574059949561,0.9877714582516712,1.0043090423533503,0.9360576189256016,0.9377961978300772
2022-09-30,0.9925118559276194,0.9845496260350143,1.0044094732575857,0.931076155298222,0.9342107547457071
2022-10-03,0.9925118559276194,0.991898995039254,1.0045099142049114,0.9386235367601518,0.9426209100886347
2022-10-04,0.9925118559276194,1.0004800723788148,1.0046103651963318,0.9477023776865633,0.9530351297236489
2022-10-05,0.9925118559276194,1.0000875845981476,1.0047108262328515,0.9470684738595267,0.9518962826333618
2022-10-06,0.9925118559276194,0.999080361868033,1.0048112973154748,0.9440461568078923,0.9487263832573345
2022-10-07,0.9925118559276194,0.9892667679421568,1.0049117784452064,0.9358499578952579,0.9411141279441387
2022-10-10,0.9925118559276194,0.9872568361360134,1.005012269623051,0.9337162450543538,0.939295505137828
2022-10-11,0.9925118559276194,0.9863940423271366,1.0051127708500134,0.9319714205877557,0.9378584118796456
2022-10-12,0.9925118559276194,0.9849889983322601,1.0052132821270983,0.9310994768765185,0.9363835062044046
2022-10-13,0.9878280160827935,0.9909513045176398,1.0053138034553109,0.938593611279413,0.942965669398729
2022-10-14,0.9878280160827935,0.9862844372446944,1.0054143348356563,0.9340970033854324,0.9381871013887548
2022-10-17,0.9878280160827935,0.9939551423787646,1.00551487626914,0.9426029298162624,0.9464530272423196
2022-10-18,0.9878280160827935,0.9984104024315799,1.0056154277567668,0.9465792134110679,0.9513814883707694
2022-10-19,0.9878280160827935,0.9951033532638179,1.0057159892995424,0.943529333143506,0.9463522713288275
2022-10-20,0.9879666887185619,0.9902954846611717,1.0058165608984724,0.9390816602673344,0.9412191718937588
2022-10-21,0.9903832870935299,1.004549109764372,1.005917142554562,0.9511315342562497,0.9532107051078169
2022-10-24,0.9903832870935299,1.0073449059370967,1.0060177342688175,0.9561582605890533,0.9573134981797895
2022-10-25,0.9903832870935299,1.0132371371535653,1.0061183360422443,0.9627768228085233,0.9660214730376662
2022-10-26,0.9903832870935299,1.0164686066886783,1.0062189478758485,0.9595480126367778,0.9664863798115362
2022-10-27,0.9903832870935299,1.015727006085929,1.0063195697706362,0.958081732754148,0.966856236380256
2022-10-28,0.9903832870935299,1.0182268284876415,1.0064202017276132,0.9645650721019121,0.9729311766572828
2022-10-31,0.9903832870935299,1.0205721961803198,1.006520843747786,0.9626168440429304,0.9716048458256051
2022-11-01,0.9903832870935299,1.0244574999243492,1.0066214958321607,0.961465577878863,0.9725413950196334
2022-11-02,0.9903832870935299,1.018344438791902,1.0067221579817438,0.9546507754903508,0.9656310396787262
2022-11-03,0.9903832870935299,1.0128689881427653,1.006822830197542,0.9519561155957744,0.9643518758543067
2022-11-04,0.9903832870935299,1.0140999356727138,1.0069235124805618,0.9558073482818197,0.9685569575848275
2022-11-07,0.9903832870935299,1.0135396571236182,1.0070242048318099,0.9584202920854754,0.9706283948268536
2022-11-08,0.9903832870935299,1.0133204328628906,1.007124907252293,0.9599302790142323,0.9721280625396694
2022-11-09,0.9903832870935299,1.0101632164384753,1.0072256197430183,0.9543821557370451,0.96693439743051
2022-11-10,0.9903832870935299,1.0207941775080491,1.0073263423049925,0.9690622040193491,0.9829226948800844
2022-11-11,1.011780062113261,1.0236999329832643,1.007427074939223,0.9717703126017397,0.9859398522010719
2022-11-14,1.011780062113261,1.0242025044402874,1.0075278176467168,0.9707093460032473,0.9843568614362004
2022-11-15,1.028038384097584,1.0229822343365844,1.0076285704284815,0.9718566967844564,0.985921881082048
2022-11-16,1.0379881868491663,1.024474281333765,1.0077293332855244,0.9716128973380361,0.9855017261863876
2022-11-17,1.04432288699829,1.0243876596032373,1.0078301062188528,0.9718444628958895,0.9859183313096943
2022-11-18,1.04432288699829,1.0254559668726981,1.0079308892294747,0.9709269459533882,0.9844260723496355
2022-11-21,1.04432288699829,1.0282967038538235,1.0080316823183977,0.9718343177694577,0.9849300044855004
2022-11-22,1.0447901232609829,1.0244308765353356,1.0081324854866296,0.9689244403398772,0.9820990391259431
2022-11-23,1.0197341031122953,1.019565959276836,1.0082332987351783,0.9674657927326931,0.9807848351552375
2022-11-25,1.0169626355407302,1.0204761183029998,1.008334122065052,0.9675571176341291,0.9806572877861074
2022-11-28,1.0169626355407302,1.022703016937354,1.0084349554772585,0.9688781414145955,0.9820565520671497
2022-11-29,1.0169626355407302,1.0237066475343093,1.008535798972806,0.9691041585814945,0.9819317665706375
2022-11-30,1.0169626355407302,1.0176270584666898,1.0086366525527033,0.9668251139380224,0.9800657655985962
2022-12-01,1.0169626355407302,1.0168118201791414,1.008838379883214,0.9670744577596228,0.9802166594831342
2022-12-02,1.0169626355407302,1.018252542444402,1.0090401475591906,0.9673519995065283,0.9804823114963942
2022-12-05,1.0169626355407302,1.0200627877083701,1.0092419555887024,0.9690930868810057,0.982421153596013
2022-12-06,1.0169626355407302,1.023611257144181,1.0094438039798201,0.9705043734565911,0.9836176649892291
2022-12-07,1.0169626355407302,1.0233049871507798,1.009645692740616,0.9708388243748367,0.9840166919544182
2022-12-08,1.0169626355407302,1.0182294808658459,1.009847621879164,0.9703798129352719,0.9835306269880487
2022-12-09,1.0169626355407302,1.019275684513119,1.01004959140354,0.9711987437985073,0.9843567938933646
2022-12-12,1.0169626355407302,1.0167106014136615,1.0102516013218206,0.9701916552329413,0.9833471940495465
2022-12-13,1.0169626355407302,1.0141590230451298,1.010453651642085,0.9697450723553085,0.9829375722157926
2022-12-14,1.0169626355407302,1.0164330813451445,1.0106557423724134,0.9704812534235819,0.983660158986984
2022-12-15,1.0107461811264076,1.0205570169522078,1.010857873520888,0.9727039065151853,0.9857865342272093
2022-12-16,1.0107461811264076,1.0209042905831944,1.0110600450955922,0.9729423871339747,0.9860235797669491
2022-12-19,1.0107461811264076,1.018152960800459,1.0112622571046113,0.9723331120599716,0.9853066401096036
2022-12-20,1.0107461811264076,1.0211558437615444,1.0114645095560322,0.9726310881220938,0.9856249030464883
2022-12-21,1.0107461811264076,1.022545497193771,1.0116668024579434,0.9741731716785885,0.9871620671005531
2022-12-22,1.0107461811264076,1.0215919005441623,1.0118691358184349,0.9730200393921197,0.9862670298538869
2022-12-23,1.0107461811264076,1.0223046129317694,1.0120715096455986,0.9737198689205643,0.9870095660538082
2022-12-27,1.0107461811264076,1.021899413771899,1.0122739239475276,0.9735292949680994,0.9871150017441573
2022-12-28,1.0107461811264076,1.020527786869746,1.012476378732317,0.9725614813663251,0.9860569841848628
2022-12-29,1.0107461811264076,1.0229838508566453,1.0126788740080634,0.9743658991659028,0.9879164908720034
2022-12-30,1.012192964003145,1.0227240934821809,1.0128814097828651,0.974291654280552,0.9877318023074325
2023-01-03,1.012192964003145,1.0233452700446997,1.0130839860648218,0.9740433856803741,0.9877243167761808
2023-01-04,1.012192964003145,1.0243976857387092,1.0132866028620346,0.9749851808362415,0.9893629905950426
2023-01-05,1.012192964003145,1.0211309923350818,1.013489260182607,0.9740123891334069,0.9883241734443058
2023-01-06,1.012192964003145,1.0228867267457777,1.0136919580346435,0.9764607302080527,0.9909674043620607
2023-01-09,1.012192964003145,1.0255250654060457,1.0138946964262505,0.9765760087219023,0.9913204824442454
2023-01-10,1.012192964003145,1.025124585032484,1.0140974753655358,0.9774602624252556,0.9922422748567987
2023-01-11,1.012192964003145,1.026974126428796,1.014300294860609,0.9789251730782652,0.993735941501149
2023-01-12,1.012192964003145,1.0277903244158373,1.014503154919581,0.9794746378721333,0.9944653921401885
2023-01-13,1.015299455792377,1.027730159548479,1.014706055550565,0.9800188984828032,0.994911687566008
2023-01-17,1.015299455792377,1.0279332194396376,1.0149089967616751,0.9802125540030183,0.995108299598242
2023-01-18,1.015299455792377,1.0281362793307958,1.0151119785610274,0.9804062095232334,0.9953049116304759
2023-01-19,1.015299455792377,1.0283393392219542,1.0153150009567395,0.9805998650434485,0.9955015236627098
2023-01-20,1.015299455792377,1.0285423991131128,1.0155180639569308,0.9807935205636636,0.9956981356949438
2023-01-23,1.015299455792377,1.0287454590042713,1.0157211675697222,0.9809871760838788,0.9958947477271778
2023-01-24,1.015299455792377,1.0289485188954297,1.0159243118032362,0.9811808316040939,0.9960913597594118
2023-01-25,1.015299455792377,1.0291515787865881,1.0161274966655969,0.981374487124309,0.9962879717916455
2023-01-26,1.015299455792377,1.0293546386777468,1.01633072216493,0.9815681426445239,0.9964845838238795
2023-01-27,1.015299455792377,1.0295576985689052,1.016533988309363,0.981761798164739,0.9966811958561135
2023-01-30,1.015299455792377,1.0297607584600637,1.0167372951070248,0.9819554536849541,0.9968778078883475
2023-01-31,1.015299455792377,1.029963818351222,1.016940642566046,0.9821491092051692,0.9970744199205814
2023-02-01,1.015299455792377,1.0301668782423807,1.0171440306945594,0.9823427647253843,0.9972710319528153
2023-02-02,1.015299455792377,1.0303561524716531,1.0173474595006984,0.9825226345837134,0.9974538583231631
2023-02-03,1.015299455792377,1.0311413659338382,1.0175509289925986,0.9823067297413192,0.9972280773953945
2023-02-06,1.015299455792377,1.0350699920372721,1.017754439178397,0.9836847530301878,0.9988460104164388
2023-02-07,1.015299455792377,1.0260764539584795,1.0179579900662328,0.9813423127732012,0.9972676198446103
2023-02-08,1.015299455792377,1.0424661883000066,1.018161581664246,0.9836737642638411,0.9991617053847722
2023-02-09,1.015299455792377,1.0514375438616084,1.0183652139805788,0.9854922080167795,1.0009832613911223
2023-02-10,1.015299455792377,1.055143509639708,1.018568887023375,0.9854489525607257,1.0008703464838014
2023-02-13,1.015299455792377,1.056389921487588,1.0187726008007796,0.9845501772332921,1.0000825126230806
2023-02-14,1.015299455792377,1.0557098592767074,1.0189763553209397,0.9847602572179912,1.000292783782863
2023-02-15,1.015299455792377,1.0492709573125993,1.0191801505920037,0.984629501664288,0.9997668911313788
2023-02-16,1.015299455792377,1.0504801938158352,1.0193839866221222,0.9860303301571869,1.0009047683778503
2023-02-17,1.015299455792377,1.0541556764029976,1.0195878634194466,0.9862284632680554,1.0011057553221998
2023-02-21,1.015299455792377,1.0586007951006569,1.0197917809921304,0.9867388438260768,1.001638574565139
2023-02-22,1.015299455792377,1.057733595689323,1.0199957393483288,0.9868808879456161,1.0017787353784444
2023-02-23,1.015299455792377,1.0555359428068218,1.0201997384961985,0.9865539894181033,1.0015223634764157
2023-02-24,1.015299455792377,1.0613590004544824,1.0204037784438977,0.9876805051603065,1.0024931110109734
2023-02-27,1.015299455792377,1.0611708662561627,1.0206078591995864,0.9875150333385158,1.0025216924709028
2023-02-28,1.015299455792377,1.0575130736194038,1.0208119807714262,0.9881055923943178,1.0029497184713465
2023-03-01,1.015299455792377,1.0591285791363123,1.0210161431675804,0.9887112203553305,1.0033627242759195
2023-03-02,1.0140526945807151,1.056757584542014,1.021220346396214,0.9879483944917665,1.0025457701448612
2023-03-03,1.0358303411163021,1.0522018273152622,1.0214245904654933,0.985634297944572,1.0005797032831933
2023-03-06,1.0358303411163021,1.0541168734554935,1.0216288753835863,0.9858935025256453,1.0000241110064307
2023-03-07,1.0358303411163021,1.0545612416481724,1.021833201158663,0.9833534719573009,0.9975000917645069
2023-03-08,1.0358303411163021,1.0533680255964246,1.0220375677988947,0.9837728226281401,0.9981073955981914
2023-03-09,1.0348075125587628,1.0523907388635507,1.0222419753124543,0.9807030258067795,0.9947131780565652
2023-03-10,1.0348075125587628,1.0558487721389942,1.0224464237075168,0.9798220620956672,0.9933625939296038
2023-03-13,1.0348075125587628,1.0581508015543897,1.0226509129922583,0.9798548500130217,0.9928692906096348
2023-03-14,1.0348075125587628,1.060544686474152,1.0228554431748567,0.9814321892704448,0.9942426232140587
2023-03-15,1.0348075125587628,1.064892108411997,1.0230600142634916,0.981040632237966,0.9931844534109201
2023-03-16,1.0334873041706059,1.0655081429600572,1.0232646262663443,0.9826472259485333,0.9945315607762539
2023-03-17,1.0334873041706059,1.0701580776226796,1.0234692791915976,0.981383170367354,0.9927128338298639
2023-03-20,1.0334873041706059,1.0713600442662168,1.0236739730474358,0.9826800374078092,0.9944233249480938
2023-03-21,1.0334873041706059,1.0724533652351087,1.0238787078420453,0.9844114710502974,0.996279647383846
2023-03-22,1.0431724190758025,1.070140424336853,1.0240834835836137,0.982441823545201,0.9937825992747089
2023-03-23,1.0431724190758025,1.072576012557631,1.0242883002803305,0.9830960910553816,0.9933394333809841
2023-03-24,1.0431724190758025,1.0761434000904861,1.0244931579403864,0.9846900040035557,0.9949447692541467
2023-03-27,1.0433730174227427,1.0756220957414477,1.0246980565719745,0.985235339560282,0.996430904810309
2023-03-28,1.0433730174227427,1.0745022966758102,1.024902996183289,0.9848158328632282,0.9970224442665802
2023-03-29,1.0433730174227427,1.0778604789126358,1.0251079767825255,0.988555083761124,1.000949480542157
2023-03-30,1.0433730174227427,1.079748753840687,1.025312998377882,0.9897431411133671,1.0020086425667947
2023-03-31,1.0479769540847361,1.086094679576507,1.0255180609775574,0.9923846858888479,1.0048438384126828
2023-04-03,1.0479769540847361,1.0857809998529377,1.0257231645897529,0.9928408492560813,1.005060581719408
2023-04-04,1.0479769540847361,1.0902276025390838,1.0259283092226708,0.9925769864598957,1.0044327375075506
2023-04-05,1.0479769540847361,1.0894848737873084,1.0261334948845153,0.9925400737579784,1.0043578134175635
2023-04-06,1.0479769540847361,1.0875204346132963,1.0263387215834923,0.9930019434368935,1.0045212148672789
2023-04-10,1.04984028684418,1.0805105850552903,1.026543989327809,0.9932393503395378,1.0052196910719189
2023-04-11,1.04984028684418,1.0793199850719046,1.0267492981256745,0.9934224941799761,1.0057389983320342
2023-04-12,1.04984028684418,1.0809028737508046,1.0269546479852996,0.9933444802870034,1.0056515716880277
2023-04-13,1.0571956991670974,1.0825850987824608,1.0271600389148965,0.9942739736454176,1.0062759072154812
2023-04-14,1.0571956991670974,1.082599227875697,1.0273654709226794,0.9945788203969738,1.006640499299481
2023-04-17,1.0571956991670974,1.0829882478585318,1.0275709440168639,0.9945968885256823,1.0065302235658329
2023-04-18,1.0571956991670974,1.0839150342179371,1.0277764582056672,0.9947542808234425,1.0066496748320992
2023-04-19,1.0571956991670974,1.0856317766889,1.0279820134973083,0.9949508286134436,1.0068817802392402
2023-04-20,1.0576855826697373,1.084323341753371,1.0281876099000078,0.9952997854676486,1.007229642525733
2023-04-21,1.0576855826697373,1.0847842313388267,1.0283932474219877,0.9953961502037794,1.007460189691386
2023-04-24,1.0576855826697373,1.0854013007554169,1.028598926071472,0.9954639606878772,1.0074817522277726
2023-04-25,1.0576855826697373,1.0868057615153925,1.0288046458566864,0.9973401131540419,1.0095159122188988
2023-04-26,1.0604464057521827,1.0826881111922653,1.0290104067858576,0.9978602141234808,1.0104679299460293
2023-04-27,1.0604464057521827,1.085874753177691,1.0292162088672148,0.9988966239105255,1.0113586148733502
2023-04-28,1.0604464057521827,1.0847125474154713,1.0294220521089883,1.0003524300550246,1.013093675227897
2023-05-01,1.0604464057521827,1.0854964717886575,1.02962793651941,1.0003252857132583,1.0132255088453652
2023-05-02,1.0604464057521827,1.0852544109773472,1.029833862106714,0.9986987587583548,1.0112172516819973
2023-05-03,1.0604464057521827,1.0836318019285345,1.0300398288791353,0.9977687934467421,1.0105942858263752
2023-05-04,1.0604464057521827,1.083254283043764,1.030245836844911,0.9968127168532943,1.0095104722133825
2023-05-05,1.0604464057521827,1.0899102528524043,1.03045188601228,0.9997139463104023,1.0123971480624456
2023-05-08,1.0604464057521827,1.087348608619649,1.0306579763894825,0.9998935147645761,1.0124560473129374
2023-05-09,1.0604464057521827,1.084951729013191,1.0308641079847605,0.9988571551097631,1.0118115182842853
2023-05-10,1.0604464057521827,1.09411182047381,1.0310702808063574,1.0001832067569665,1.0120434300751027
2023-05-11,1.0604464057521827,1.0899856638114043,1.0312764948625186,0.9998371561048999,1.0109775307911943
2023-05-12,1.0604464057521827,1.0836951332913498,1.0314827501614912,0.9996050746325563,1.0110102558244392
2023-05-15,1.0604464057521827,1.0928344552880356,1.0316890467115234,1.0006144079672998,1.0128971121286163
2023-05-16,1.0604464057521827,1.088587099983064,1.0318953845208656,0.9989763497235058,1.0093747409222078
2023-05-17,1.0604464057521827,1.0990308885583864,1.0321017635977698,1.0022404880541482,1.0130215391922561
2023-05-18,1.06019667638193,1.102670364377817,1.0323081839504893,1.0047680660062597,1.0152805784909869
2023-05-19,1.06019667638193,1.0960063302033862,1.0325146455872793,1.0043364725206099,1.0141336820394686
2023-05-22,1.06019667638193,1.1038643363026548,1.0327211485163967,1.0045969308473626,1.0151858389666495
2023-05-23,1.06019667638193,1.0975734015077019,1.0329276927461,1.0005361600536666,1.0113309462182698
2023-05-24,1.0592473768436947,1.091367739908016,1.033134278284649,0.9979372093146752,1.0075140764760442
2023-05-25,1.0697639008448505,1.096659313893061,1.033340905140306,1.0004919558441348,1.0080782264182506
2023-05-26,1.0697639008448505,1.0982209539127348,1.033547573321334,1.0029868247586855,1.010046907152451
2023-05-30,1.0697639008448505,1.1065619204624217,1.0337542828359982,1.0031989463358357,1.0101077843127428
2023-05-31,1.0697639008448505,1.1075198113750762,1.0339610336925653,1.0025756681247404,1.009139351407693
2023-06-01,1.0697639008448505,1.1102133541690384,1.034167825899304,1.0040661311294,1.0104927618848107
2023-06-02,1.0811414969575557,1.1125839533791124,1.0343746594644838,1.0062378368599902,1.0135636029572408
2023-06-05,1.0811414969575557,1.1126001323933719,1.0345815343963767,1.0063537162589786,1.0136201733977113
2023-06-06,1.0811414969575557,1.112337955330664,1.0347884507032559,1.0066070125368796,1.0140118069755888
2023-06-07,1.0811414969575557,1.1129228315274082,1.0349954083933965,1.0066710795019942,1.0144327309664982
2023-06-08,1.0811414969575557,1.1122050223555862,1.0352024074750752,1.0070539337844768,1.0146983082155565
2023-06-09,1.0811414969575557,1.1126151854149884,1.03540944795657,1.00729461924985,1.0148173363833886
2023-06-12,1.0811414969575557,1.1137983927424682,1.0356165298461615,1.0077810468772201,1.015225776634445
2023-06-13,1.0811414969575557,1.1144159451844058,1.0358236531521308,1.008185733076898,1.0157408759437199
2023-06-14,1.0811414969575557,1.1144256333120193,1.036030817882761,1.0084066417633841,1.0158935273277558
2023-06-15,1.0869713935310554,1.1159680678658668,1.0362380240463376,1.0089878652901423,1.0164698572379616
2023-06-16,1.0869713935310554,1.116659600959114,1.0364452716511467,1.009340166213785,1.016715905965766
2023-06-20,1.0869713935310554,1.1172156558984896,1.036652560705477,1.0097734354250052,1.0173036728525362
2023-06-21,1.0869713935310554,1.117439698346339,1.0368598912176181,1.0102025905527252,1.0175540509716172
2023-06-22,1.0869713935310554,1.1172638562475585,1.0370672631958617,1.0102354762311947,1.0179047667346934
2023-06-23,1.0854529288889267,1.1174378674721148,1.0372746766485008,1.0107523734637407,1.018466638326398
2023-06-26,1.0854529288889267,1.1176549580578927,1.0374821315838305,1.0109486046012004,1.0186643337357697
2023-06-27,1.0854529288889267,1.1178720486436704,1.0376896280101473,1.0111448357386599,1.0188620291451411
2023-06-28,1.0854529288889267,1.118089139229448,1.0378971659357492,1.0113410668761196,1.0190597245545125
2023-06-29,1.0854529288889267,1.118306229815226,1.0381047453689363,1.011537298013579,1.0192574199638842
2023-06-30,1.0854529288889267,1.1185233204010039,1.03831236631801,1.0117335291510388,1.0194551153732556
2023-07-03,1.0854529288889267,1.1187404109867816,1.0385200287912737,1.0119297602884985,1.0196528107826273
2023-07-05,1.0854529288889267,1.1189575015725595,1.038727732797032,1.012125991425958,1.0198505061919987
2023-07-06,1.0854529288889267,1.1191745921583371,1.0389354783435913,1.0123222225634176,1.0200482016013703
2023-07-07,1.0854529288889267,1.119391682744115,1.03914326543926,1.0125184537008771,1.020245897010742
2023-07-10,1.0854529288889267,1.1196087733298927,1.0393510940923478,1.0127146848383368,1.0204435924201134
2023-07-11,1.0854529288889267,1.1198258639156704,1.0395589643111662,1.0129109159757963,1.020641287829485
2023-07-12,1.0854529288889267,1.1200429545014483,1.0397668761040284,1.013107147113256,1.0208389832388565
2023-07-13,1.0854529288889267,1.120260045087226,1.0399748294792492,1.0133033782507157,1.021036678648228
2023-07-14,1.0854529288889267,1.1204771356730039,1.040182824445145,1.0134996093881754,1.0212343740575995
2023-07-17,1.0854529288889267,1.1206942262587818,1.040390861010034,1.0136958405256349,1.021432069466971
2023-07-18,1.0854529288889267,1.1209113168445595,1.0405989391822361,1.0138920716630944,1.0216297648763426
2023-07-19,1.0854529288889267,1.1211284074303371,1.0408070589700726,1.014088302800554,1.021827460285714
2023-07-20,1.0854529288889267,1.1213372768165781,1.0410152203818666,1.0142763127384768,1.0220169344955488
2023-07-21,1.0854529288889267,1.121727821901146,1.041223423425943,1.014469253751882,1.0222400332074362
2023-07-24,1.0854529288889267,1.1220285333633528,1.0414316681106282,1.0147356462682684,1.0224709235798126
2023-07-25,1.0854529288889267,1.1223702558624287,1.0416399544442503,1.0149736766538384,1.022696370384673
2023-07-26,1.0854529288889267,1.122616281605105,1.0418482824351392,1.015169164419111,1.022916707419471
2023-07-27,1.0854529288889267,1.1229248062423245,1.0420566520916261,1.0152522898605791,1.022973747147588
2023-07-28,1.0854529288889267,1.1232056374573882,1.0422650634220445,1.015596206824861,1.0232652550422334
2023-07-31,1.0854529288889267,1.1228530760203972,1.042473516434729,1.015855237534104,1.0235923748330105
2023-08-01,1.0854529288889267,1.1232086925007607,1.042682011138016,1.0159385156097136,1.0236753757474655
2023-08-02,1.0854529288889267,1.1229358717761597,1.0428905475402435,1.0156154474464514,1.023567937230485
2023-08-03,1.0854529288889267,1.123326145457636,1.0430991256497515,1.0157003319567064,1.0236417801275957
2023-08-04,1.0854529288889267,1.123147728664883,1.0433077454748814,1.0157255536374696,1.023655049242489
2023-08-07,1.0854529288889267,1.1241485353340737,1.0435164070239764,1.0162288875563652,1.0241853558017486
2023-08-08,1.0854529288889267,1.1240573967051448,1.0437251103053813,1.0162597585748638,1.024171383326964
2023-08-09,1.0854529288889267,1.1240909756283552,1.0439338553274424,1.0162067783019848,1.0242288266801838
2023-08-10,1.0854529288889267,1.1242852712636615,1.0441426420985078,1.01640857243438,1.0243920577353174
2023-08-11,1.0854529288889267,1.123973994139019,1.0443514706269275,1.016576506295665,1.0245766001257157
2023-08-14,1.0854529288889267,1.1246679523805512,1.0445603409210529,1.0169637325327683,1.024805551202146
2023-08-15,1.0854529288889267,1.1245367990412294,1.0447692529892372,1.0167317688793143,1.0245269905716698
2023-08-16,1.0854529288889267,1.1243045311793942,1.044978206839835,1.0166485206798508,1.0244325301620458
2023-08-17,1.0859859816636679,1.1248556414406579,1.045187202481203,1.0163501259608074,1.0240857241458594
2023-08-18,1.0859859816636679,1.1300454843113208,1.0453962399216992,1.016587658368375,1.0245555807398792
2023-08-21,1.0859859816636679,1.1330877722805888,1.0456053191696835,1.0177070738337077,1.0248281804420059
2023-08-22,1.0859859816636679,1.1393197418379466,1.0458144402335174,1.0174108928933552,1.0244967426874205
2023-08-23,1.0859859816636679,1.1449736442510698,1.0460236031215642,1.019453074096378,1.026267081481255
2023-08-24,1.0859859816636679,1.139914790793055,1.0462328078421885,1.0172500189342646,1.024620081559835
2023-08-25,1.0848593799970243,1.1393076494288819,1.046442054403757,1.0185827730689536,1.025705027363337
2023-08-28,1.0848593799970243,1.1394120225191606,1.0466513428146376,1.0198243565848846,1.0271068836857673
2023-08-29,1.0848593799970243,1.1450748345417452,1.0468606730832004,1.0224627145602794,1.029357046801903
2023-08-30,1.0848593799970243,1.1450025828740125,1.047070045217817,1.023340580771982,1.030067709162641
2023-08-31,1.0848593799970243,1.1501939305060607,1.0472794592268606,1.0232082279428014,1.029750909834319
2023-09-01,1.0848593799970243,1.1487172515858601,1.047488915118706,1.0238254179939323,1.0308904612879777
2023-09-05,1.0848593799970243,1.1477566879550347,1.0476984129017297,1.02287905600411,1.0282548796520525
2023-09-06,1.0848593799970243,1.145890656597774,1.04790795258431,1.0213330388938087,1.027765435074521
2023-09-07,1.0848593799970243,1.1395324495496746,1.0481175341748268,1.0207117216138946,1.0270460100842456
2023-09-08,1.0848593799970243,1.139740481652197,1.0483271576816617,1.0212336705471305,1.027351648646254
2023-09-11,1.0848593799970243,1.1396030944556321,1.048536823113198,1.023022193206079,1.0282204263265973
2023-09-12,1.0848593799970243,1.1359790094891313,1.0487465304778205,1.0217899658441298,1.0277928908656413
2023-09-13,1.0846858785390026,1.133636645190716,1.048956279783916,1.0222216907258055,1.0271145027352404
2023-09-14,1.0893701471574566,1.137799148527437,1.0491660710398727,1.0243189009983233,1.0298358795038813
2023-09-15,1.0893701471574566,1.1344804287019512,1.0493759042540807,1.0230512414026773,1.028918544396519
2023-09-18,1.0892726480553927,1.1354805530957364,1.0495857794349315,1.0232873386775292,1.0289492458632963
2023-09-19,1.0892726480553927,1.1347134941504715,1.0497956965908184,1.023261779865367,1.0288891521476002
2023-09-20,1.0892726480553927,1.1337055407873557,1.0500056557301365,1.0225425743994225,1.0286156358102128
2023-09-21,1.0892726480553927,1.132836298940111,1.0502156568612826,1.0211230489909815,1.0270899873580457
2023-09-22,1.0887992792799344,1.1332214819357664,1.050425699992655,1.0210805766290605,1.0269713754945065
2023-09-25,1.0887992792799344,1.13215351556292,1.0506357851326533,1.0215767460745673,1.0273616449218912
2023-09-26,1.0887992792799344,1.132624034774434,1.0508459122896798,1.0206521484819056,1.026490344521401
2023-09-27,1.0887992792799344,1.134053109977569,1.0510560814721377,1.0208627883145303,1.0267989095118644
2023-09-28,1.0897846083257499,1.1352512245073045,1.0512662926884322,1.0214121755349053,1.0275073843759304
2023-09-29,1.0897846083257499,1.137108011084804,1.05147654594697,1.0214019169521453,1.0274575124814247
2023-10-02,1.0897846083257499,1.1376103776961455,1.0516868412561593,1.0215510173898794,1.026832291831193
2023-10-03,1.0897846083257499,1.1372828604188705,1.0518971786244105,1.0206835377151284,1.026009677526249
2023-10-04,1.0897846083257499,1.138309771519307,1.0521075580601353,1.021426097574586,1.0266950068066583
2023-10-05,1.0897846083257499,1.1385824943029257,1.0523179795717474,1.0215770424186599,1.0266322636393788
2023-10-06,1.0897846083257499,1.1394450015861821,1.0525284431676618,1.022680441009342,1.027545553653779
2023-10-09,1.0897846083257499,1.1396002738454065,1.0527389488562953,1.0233644077219424,1.0283139481961345
2023-10-10,1.0897846083257499,1.1398834185440667,1.0529494966460664,1.0239567785560626,1.0291244509328157
2023-10-11,1.0897846083257499,1.1404813656401676,1.0531600865453956,1.0244630578215317,1.029485991655699
2023-10-12,1.0897846083257499,1.1385400329035544,1.0533707185627046,1.024156057964234,1.0286396469975618
2023-10-13,1.0897846083257499,1.138071047842647,1.053581392706417,1.0239324057596608,1.0285474578689393
2023-10-16,1.0897846083257499,1.139467891095866,1.0537921089849582,1.0251146161558335,1.0299107717179046
2023-10-17,1.0897846083257499,1.140507914069999,1.0540028674067552,1.0252326407645578,1.0304763550509017
2023-10-18,1.0897846083257499,1.136722879523278,1.0542136679802365,1.022649138399968,1.0272665773891307
2023-10-19,1.0897846083257499,1.1354719374837803,1.0544245107138326,1.0209287513189784,1.0249264439452996
2023-10-20,1.0897846083257499,1.1346899025017902,1.0546353956159753,1.0162728665066536,1.0203962078022617
2023-10-23,1.0897846083257499,1.1317568669991014,1.0548463226950984,1.0157254442759778,1.0185191703154535
2023-10-24,1.0897846083257499,1.137570967179571,1.0550572919596373,1.0187105552908264,1.0215678020205792
2023-10-25,1.0897846083257499,1.1325771873200057,1.0552683034180292,1.012589859146425,1.0162138292799685
2023-10-26,1.087744934845105,1.1312343982005977,1.0554793570787129,1.004967691193347,1.0150800602612364
2023-10-27,1.087744934845105,1.1226233676048776,1.0556904529501285,1.0024188151423694,1.0092316299312325
2023-10-30,1.087744934845105,1.1353071885540307,1.0559015910407186,1.009373455809424,1.014009230379977
2023-10-31,1.087744934845105,1.1408583823034513,1.0561127713589267,1.0131041566217729,1.0195608245263104
2023-11-01,1.087744934845105,1.1467803012336284,1.0563239939131985,1.0194280062457548,1.0230573124946505
2023-11-02,1.087744934845105,1.1575005422155058,1.0565352587119812,1.0308538736092234,1.0365896341406908
2023-11-03,1.087744934845105,1.1686234723352502,1.0567465657637236,1.0364346322727005,1.0471007821731988
2023-11-06,1.087744934845105,1.1657808379956087,1.0569579150768764,1.0379083681997074,1.0437839565731328
2023-11-07,1.087744934845105,1.1668613812652937,1.0571693066598917,1.0397185800247064,1.0435960388666359
2023-11-08,1.087744934845105,1.16576994736515,1.0573807405212237,1.0402392495682686,1.0426207858555592
2023-11-09,1.087744934845105,1.1607364499184374,1.057592216669328,1.0355314455034987,1.0372999424003109
2023-11-10,1.0878470696761804,1.1712626814327494,1.0578037351126617,1.045087861590702,1.0445991794565979
2023-11-13,1.0878470696761804,1.170002493729125,1.0580152958596842,1.044590687490236,1.0439784678898112
2023-11-14,1.0980755897333874,1.1802088304105143,1.0582268989188561,1.0562207518877877,1.061097724050783
2023-11-15,1.0980755897333874,1.1869819440617437,1.05843854429864,1.0575868548171719,1.0634827354203051
2023-11-16,1.1150410780384583,1.188630055001503,1.0586502320074995,1.058350238926461,1.0615245132584934
2023-11-17,1.1150410780384583,1.1921488759966057,1.058861962053901,1.0589799378420897,1.0638113021654307
2023-11-20,1.1150410780384583,1.1943830489798084,1.0590737344463117,1.0622827238133328,1.0658970869316258
2023-11-21,1.1169921756633967,1.1937338890389266,1.059285549193201,1.06147560204233,1.0651706309957478
2023-11-22,1.1407342906854865,1.1961755441151494,1.0594974063030396,1.0629681570332783,1.0670984350130197
2023-11-24,1.1433291687255338,1.1972959828200995,1.0597093057843001,1.0631983738009034,1.0677192286016473
2023-11-27,1.1433291687255338,1.1975822398508469,1.059921247645457,1.0631787205419962,1.0676854384022065
2023-11-28,1.1433291687255338,1.19866412194433,1.060133231894986,1.0634698256711048,1.0677486339096551
2023-11-29,1.1433291687255338,1.1987870509550151,1.060345258541365,1.063572518416716,1.0683913649084684
2023-11-30,1.1433291687255338,1.1998930246118427,1.0605573275930733,1.0641915608917327,1.06943801451349
2023-12-01,1.1433291687255338,1.2023315244095982,1.060769439058592,1.0650332809738117,1.0713345982140916
2023-12-04,1.1433291687255338,1.2041401647197139,1.0609815929464037,1.0646245366776161,1.071481208773476
2023-12-05,1.1433291687255338,1.2041575215652909,1.061193789264993,1.0647835013244153,1.070735467804295
2023-12-06,1.1433291687255338,1.205314482720376,1.061406028022846,1.064514251093224,1.070878875152768
2023-12-07,1.1433291687255338,1.205543019394544,1.0616183092284504,1.0655443835588005,1.0717243999369523
2023-12-08,1.1433291687255338,1.2058458749609997,1.061830632890296,1.0661944081225114,1.0723819768585707
2023-12-11,1.1433291687255338,1.2101652626633699,1.062042999016874,1.0669097543302664,1.0737730039015927
2023-12-12,1.1547167158053733,1.2122010426417344,1.0622554076166775,1.0676874106784022,1.0742075196635965
2023-12-13,1.1547167158053733,1.2129081326578512,1.0624678586982008,1.0682489852158106,1.074931664296729
2023-12-14,1.1547167158053733,1.2135983571122415,1.0626803522699404,1.068533131994581,1.0754795496108218
2023-12-15,1.1547167158053733,1.214466911934807,1.0628928883403943,1.0686875217731913,1.075517161215151
2023-12-18,1.1547167158053733,1.2151698475502406,1.0631054669180624,1.0690363876674085,1.075761301759511
2023-12-19,1.1547167158053733,1.2153352950705811,1.063318088011446,1.0693983535458391,1.0761973676940382
2023-12-20,1.1547167158053733,1.2147499488590747,1.0635307516290482,1.0692220148371518,1.0759390662391266
2023-12-21,1.1547167158053733,1.2154453695769376,1.063743457779374,1.0696734134034345,1.07645694251309
2023-12-22,1.1547167158053733,1.215523592083562,1.0639562064709298,1.0699260091881009,1.076735749187392
2023-12-26,1.1547167158053733,1.2160245737989774,1.064168997712224,1.0702384189813428,1.0770937738102102
2023-12-27,1.1547167158053733,1.2160914119426827,1.0643818315117664,1.0704858858043156,1.077342207479005
2023-12-28,1.1547167158053733,1.2162126966612057,1.0645947078780686,1.0706946203704777,1.077585123625489
2023-12-29,1.1547167158053733,1.2162673086864606,1.0648076268196442,1.070814488153779,1.0776802292743377
2024-01-02,1.1547167158053733,1.215635585442825,1.0650205883450081,1.0708614437351298,1.0778224230183224
2024-01-03,1.1547167158053733,1.21511690539935,1.065233592462677,1.0708400447987165,1.0776601600604425
2024-01-04,1.1547167158053733,1.2150768036142643,1.0654466391811694,1.0709525074644892,1.0778361038654156
2024-01-05,1.157725072751642,1.2153012772838698,1.0656597285090057,1.0711794455213997,1.0780908463376788
2024-01-08,1.157725072751642,1.2155328222984203,1.0658728604547074,1.0713832539795614,1.078295925969631
2024-01-09,1.157725072751642,1.2157643673129706,1.0660860350267984,1.0715870624377233,1.0785010056015831
2024-01-10,1.157725072751642,1.2159959123275208,1.0662992522338037,1.071790870895885,1.0787060852335353
2024-01-11,1.157725072751642,1.216227457342071,1.0665125120842505,1.071994679354047,1.0789111648654874
2024-01-12,1.157725072751642,1.2164590023566215,1.0667258145866674,1.0721984878122086,1.0791162444974396
2024-01-16,1.157725072751642,1.2166905473711718,1.0669391597495848,1.0724022962703703,1.079321324129392
2024-01-17,1.157725072751642,1.2169220923857222,1.0671525475815347,1.072606104728532,1.079526403761344
2024-01-18,1.157725072751642,1.2171536374002725,1.067365978091051,1.072809913186694,1.0797314833932963
2024-01-19,1.157725072751642,1.2173851824148227,1.0675794512866692,1.0730137216448556,1.0799365630252484
2024-01-22,1.157725072751642,1.2176167274293732,1.0677929671769266,1.0732175301030176,1.0801416426572006
2024-01-23,1.157725072751642,1.2178482724439232,1.068006525770362,1.0734213385611793,1.0803467222891527
2024-01-24,1.157725072751642,1.2180798174584737,1.068220127075516,1.0736251470193412,1.080551801921105
2024-01-25,1.157725072751642,1.218311362473024,1.068433771100931,1.073828955477503,1.080756881553057
2024-01-26,1.157725072751642,1.2185429074875744,1.0686474578551513,1.0740327639356646,1.0809619611850092
2024-01-29,1.157725072751642,1.2187744525021247,1.0688611873467222,1.0742365723938265,1.0811670408169614
2024-01-30,1.157725072751642,1.219005997516675,1.0690749595841915,1.0744403808519882,1.0813721204489137
2024-01-31,1.157725072751642,1.2192375425312254,1.0692887745761084,1.0746441893101502,1.0815772000808657
2024-02-01,1.157725072751642,1.2194690875457757,1.0695026323310235,1.0748479977683119,1.081782279712818
2024-02-02,1.157725072751642,1.2196761444664512,1.0697165328574896,1.0750273181325989,1.0819628712508953
2024-02-05,1.157725072751642,1.2202178212482861,1.0699304761640611,1.075043000777928,1.0817320698647557
2024-02-06,1.157725072751642,1.2207159220671109,1.070144462259294,1.075378681678806,1.0822808228252943
2024-02-07,1.157725072751642,1.220930932522623,1.0703584911517459,1.0759808668695043,1.0827274021287387
2024-02-08,1.157725072751642,1.2211906100525478,1.0705725628499763,1.0761966683382447,1.0830639922971503
2024-02-09,1.157725072751642,1.2211948871228855,1.0707866773625463,1.076676005843568,1.0834083076624919
2024-02-12,1.157725072751642,1.2212484907087988,1.0710008346980189,1.076848221020814,1.083878532366968
2024-02-13,1.157725072751642,1.2209423597989817,1.0712150348649585,1.0763586278533652,1.083274924533626
2024-02-14,1.157725072751642,1.2210605869738804,1.0714292778719314,1.0769974692584838,1.0840195090217368
2024-02-15,1.157725072751642,1.2217830901173368,1.0716435637275057,1.0774905923450695,1.0847541669270249
2024-02-16,1.157725072751642,1.2206916164409136,1.071857892440251,1.0770049984041217,1.084382717719315
2024-02-20,1.157725072751642,1.2204243357844509,1.0720722640187392,1.0764530702504818,1.0840576323628297
2024-02-21,1.157725072751642,1.2212078506580948,1.072286678471543,1.0766918369051524,1.0844619405974059
2024-02-22,1.157725072751642,1.2208070861044886,1.0725011358072374,1.081970602118954,1.0878290992857083
2024-02-23,1.157725072751642,1.2200031293253273,1.0727156360343988,1.082299050446434,1.0887643351348029
2024-02-26,1.157725072751642,1.2184861595005378,1.0729301791616057,1.0815221150939494,1.0880654705350357
2024-02-27,1.157725072751642,1.218538670815601,1.073144765197438,1.082126466785867,1.0894876944738272
2024-02-28,1.157725072751642,1.2172526434897577,1.0733593941504773,1.0819597241084207,1.0898280533460654
2024-02-29,1.157725072751642,1.220300471250297,1.0735740660293074,1.0829855704717501,1.091514269450994
2024-03-01,1.1569258671450107,1.223075089057712,1.0737887808425133,1.0854090289010927,1.093323006353596
2024-03-04,1.1569258671450107,1.2242467873130702,1.0740035385986817,1.085364407123984,1.0942088409522372
2024-03-05,1.1569258671450107,1.2212766985766907,1.0742183393064013,1.083583634036527,1.093150148875977
2024-03-06,1.1569258671450107,1.222907174671121,1.0744331829742626,1.084724264997458,1.0947247716299227
2024-03-07,1.1569258671450107,1.2266037033411705,1.0746480696108573,1.0868108138253463,1.0963699114640135
2024-03-08,1.1569258671450107,1.2264161458695564,1.0748629992247796,1.0858012315924512,1.0961732390489896
2024-03-11,1.1569258671450107,1.2291565106385307,1.0750779718246246,1.085798379067877,1.0965172367099596
2024-03-12,1.1569258671450107,1.2296823752986468,1.0752929874189896,1.0880520654509294,1.0973853850645794
2024-03-13,1.1569258671450107,1.2295074218437432,1.0755080460164734,1.0879085877767536,1.097763988388821
2024-03-14,1.1580826023120026,1.2266589283879175,1.0757231476256768,1.0876597787109572,1.0961588943905687
2024-03-15,1.1580826023120026,1.2272731941922184,1.0759382922552019,1.0870616555709884,1.096095230731425
2024-03-18,1.1580826023120026,1.2271234826357869,1.076153479913653,1.088163447926479,1.0967398016698187
2024-03-19,1.1580826023120026,1.227536623449233,1.0763687106096356,1.0892100032131664,1.097765385566327
2024-03-20,1.1588721951820178,1.22967121707851,1.0765839843517575,1.090809051457551,1.099469204546253
2024-03-21,1.1588721951820178,1.2291934805374036,1.0767993011486279,1.0911313754195267,1.0999623928344935
2024-03-22,1.1588721951820178,1.2283447895772548,1.0770146610088576,1.091255011636093,1.0999232012539661
2024-03-25,1.158844162485234,1.2293396180491294,1.0772300639410592,1.0913406903477323,1.1000824947445162
2024-03-26,1.158844162485234,1.229597360985193,1.0774455099538474,1.091448191653553,1.1002149231972966
2024-03-27,1.158844162485234,1.229513507247822,1.0776609990558381,1.092047386876359,1.1011041417489074
2024-03-28,1.158844162485234,1.2297549853442433,1.0778765312556493,1.0922343672665316,1.1014683368026734
2024-04-01,1.158844162485234,1.2297371545914884,1.0780921065619005,1.0923464858790242,1.1014051583554822
2024-04-02,1.158844162485234,1.2296839208017813,1.078307724983213,1.0922358614464578,1.1011890678172882
2024-04-03,1.158844162485234,1.2296957551308803,1.0785233865282096,1.092484772838287,1.1014755002882024
2024-04-04,1.158844162485234,1.228970809744658,1.0787390912055153,1.0920950157063471,1.1011465467480783
2024-04-05,1.158844162485234,1.229002737136877,1.0789548390237564,1.0927866294795665,1.1017177290946636
2024-04-08,1.158844162485234,1.2291447018634298,1.079170629991561,1.093009659042593,1.1020254687862256
2024-04-09,1.158844162485234,1.230158356871966,1.0793864641175595,1.0932613425564326,1.1023414192967493
2024-04-10,1.158844162485234,1.2298706962256487,1.079602341410383,1.0929769521310058,1.1017916149830294
2024-04-11,1.158844162485234,1.2298117215607645,1.0798182618786651,1.0935317847116055,1.101998752296545
2024-04-12,1.1570401845747067,1.2290456155797105,1.080034225531041,1.0930531362529663,1.1014450474588753
2024-04-15,1.1570401845747067,1.2292770236166253,1.0802502323761471,1.093258798300742,1.1016522582045376
2024-04-16,1.1570401845747067,1.2295084316535403,1.0804662824226223,1.0934644603485177,1.1018594689501997
2024-04-17,1.1570401845747067,1.2297398396904553,1.0806823756791069,1.0936701223962935,1.1020666796958618
2024-04-18,1.1570401845747067,1.2299712477273703,1.0808985121542427,1.0938757844440692,1.102273890441524
2024-04-19,1.1570401845747067,1.2301938923642552,1.0811146918566736,1.0940726830918148,1.1024723377871561
2024-04-22,1.1570401845747067,1.2306877817074373,1.081330914795045,1.0944362458013095,1.102822221948029
2024-04-23,1.1570401845747067,1.2310220808722516,1.081547180978004,1.0948483002882514,1.1032135560504013
2024-04-24,1.1570401845747067,1.2313194528540894,1.0817634904141995,1.0949895130335345,1.1033934687337965
2024-04-25,1.1570401845747067,1.2306393352826757,1.0819798431122822,1.0946376375522167,1.1032881081327919
2024-04-26,1.1570401845747067,1.234378447612038,1.0821962390809046,1.0971322568009936,1.1040755175207766
2024-04-29,1.1570401845747067,1.2380626402909574,1.0824126783287207,1.0987410565848077,1.1069809538003494
2024-04-30,1.1570401845747067,1.2304025069303965,1.0826291608643863,1.0921478142393093,1.1006962598288113
2024-05-01,1.1570401845747067,1.2262323032152134,1.0828456866965592,1.0905784238274316,1.0991282566286826
2024-05-02,1.1570401845747067,1.2287315138940704,1.0830622558338985,1.0963618922283382,1.1044424924435134
2024-05-03,1.1570401845747067,1.2368973965047994,1.0832788682850651,1.1046756237781858,1.1092234674749073
2024-05-06,1.1570401845747067,1.2491830565848345,1.083495524058722,1.1116993310686356,1.1155260688491813
2024-05-07,1.1570401845747067,1.2472966705565482,1.0837122231635339,1.1125226124859586,1.1167831063261742
2024-05-08,1.1570401845747067,1.2462188859686336,1.0839289656081665,1.1126612531459192,1.1166318489389637
2024-05-09,1.1570401845747067,1.2444826825838344,1.0841457514012882,1.1166571765012248,1.122987599985158
2024-05-10,1.1570401845747067,1.2449602338413217,1.0843625805515684,1.1176119894802248,1.1243008383310111
2024-05-13,1.1570401845747067,1.2431334367822546,1.0845794530676787,1.1177770354725172,1.1236926782385643
2024-05-14,1.1570401845747067,1.2500826465883477,1.0847963689582922,1.1209962707322856,1.127089222604362
2024-05-15,1.1570401845747067,1.2671495597081543,1.085013328232084,1.1295997595461413,1.133739561649519
2024-05-16,1.1570401845747067,1.267393817188959,1.0852303308977302,1.1282376696463638,1.1322585818241282
2024-05-17,1.1580750221306728,1.2666966951226926,1.0854473769639097,1.1293054315282074,1.1337669867892248
2024-05-20,1.1580750221306728,1.2762155963825428,1.0856644664393025,1.1301633518844665,1.1340529648250246
2024-05-21,1.1580750221306728,1.2788708160546094,1.0858815993325903,1.1319053528846252,1.1335901413482359
2024-05-22,1.1642672361413424,1.280463788842356,1.0860987756524567,1.1299889755401091,1.131006715415467
2024-05-23,1.1717609503625706,1.2740452994458578,1.0863159954075872,1.125891746474777,1.12354337728369
2024-05-24,1.1764215815170243,1.2814054513604918,1.0865332586066687,1.1287822227914734,1.126775736599999
2024-05-28,1.1793386676777358,1.2865330348708985,1.08675056525839,1.129097428645242,1.125132395164881
2024-05-29,1.1959522549715471,1.2802487591407044,1.0869679153714416,1.1280350395965377,1.1234367831408205
2024-05-30,1.2025778955157786,1.2797173522410068,1.0871853089545158,1.1278370499008536,1.1237468368571577
2024-05-31,1.2025778955157786,1.2889968591833705,1.0874027460163067,1.1291200542956146,1.1252787842212562
2024-06-03,1.2025778955157786,1.2904158487970205,1.08762022656551,1.1294067147697116,1.1249188867695274
2024-06-04,1.2025778955157786,1.2896614558740824,1.087837750610823,1.1297301411811504,1.1247558637842057
2024-06-05,1.2025778955157786,1.2907990945790853,1.0880553181609451,1.13136293402098,1.125874707670095
2024-06-06,1.2025778955157786,1.2944315893178622,1.0882729292245774,1.1315278508244422,1.125717893529145
2024-06-07,1.2025778955157786,1.2917615319512439,1.0884905838104224,1.1315078347137082,1.1253593968360833
2024-06-10,1.2025778955157786,1.2920319058824872,1.0887082819271845,1.1321937203171806,1.1261764257035909
2024-06-11,1.2025778955157786,1.2918473720830093,1.0889260235835698,1.132769121808024,1.1257366707126972
2024-06-12,1.2025778955157786,1.2916113270734417,1.0891438087882865,1.134302077925715,1.1270494476259576
2024-06-13,1.2025778955157786,1.2877130221659243,1.0893616375500441,1.1348161292798402,1.1267752396373105
2024-06-14,1.2025778955157786,1.2881150986654184,1.089579509877554,1.1350724727483157,1.125823223073211
2024-06-17,1.2025778955157786,1.2872006420735074,1.0897974257795295,1.1369574496948893,1.1275511905383897
2024-06-18,1.2025778955157786,1.2880537703489616,1.0900153852646854,1.1376790249926605,1.1283522160915673
2024-06-20,1.2025778955157786,1.2941494195993677,1.0902333883417383,1.1372571345632594,1.1286395087928298
2024-06-21,1.2025778955157786,1.2983832935579045,1.0904514350194066,1.1371356269530306,1.129082713087303
2024-06-24,1.2025778955157786,1.2937607684003838,1.0906695253064105,1.136600243636445,1.1301766911200408
2024-06-25,1.2025778955157786,1.295427009118607,1.0908876592114718,1.1376024649420866,1.129223883091491
2024-06-26,1.2025778955157786,1.2968117000307031,1.091105836743314,1.1380430209001215,1.1285704296778638
2024-06-27,1.221666328314105,1.3044182603108223,1.0913240579106627,1.138517452285529,1.1291259444516277
2024-06-28,1.221666328314105,1.3054877905059337,1.0915423227222447,1.1383522209047223,1.1293463304983404
2024-07-01,1.221666328314105,1.3057583979413783,1.0917606311867891,1.1387347443731697,1.1289387095948518
2024-07-02,1.221666328314105,1.3062875856868472,1.0919789833130265,1.1395443389262963,1.1295442839606677
2024-07-03,1.221666328314105,1.306487492697195,1.092197379109689,1.1401496124752994,1.1298596565817625
2024-07-05,1.2201122767088524,1.307312644577452,1.092415818585511,1.1408642692814335,1.1299966037121107
2024-07-08,1.2201122767088524,1.3072730205047707,1.0926343017492282,1.141125614824884,1.1302840975260389
2024-07-09,1.2201122767088524,1.3066335231432098,1.092852828609578,1.1413778965773118,1.1303891814372784
2024-07-10,1.2201122767088524,1.3067308238882225,1.0930713991752998,1.1420787681764593,1.1310296625870861
2024-07-11,1.2201122767088524,1.3063204726310116,1.0932900134551349,1.1418444814416033,1.1317791607305903
2024-07-12,1.2232045860355134,1.306671323665564,1.093508671457826,1.142350113982342,1.1323803705218196
2024-07-15,1.2232045860355134,1.3069159645827713,1.0937273731921175,1.14256368613297,1.1325918183952155
2024-07-16,1.2232045860355134,1.3071606054999785,1.0939461186667558,1.1427772582835978,1.1328032662686112
2024-07-17,1.2232045860355134,1.3074052464171855,1.0941649078904891,1.1429908304342258,1.133014714142007
2024-07-18,1.2232045860355134,1.3076498873343925,1.0943837408720671,1.1432044025848536,1.1332261620154027
2024-07-19,1.2232045860355134,1.3078945282515997,1.0946026176202415,1.1434179747354816,1.1334376098887986
2024-07-22,1.2232045860355134,1.308139169168807,1.0948215381437656,1.1436315468861094,1.1336490577621943
2024-07-23,1.2232045860355134,1.308383810086014,1.0950405024513943,1.1438451190367374,1.1338605056355902
2024-07-24,1.2232045860355134,1.3086099219473615,1.0952595105518845,1.1440401621315057,1.1340534244531264
2024-07-25,1.2232045860355134,1.3087416947535013,1.0954785624539949,1.1442386293095235,1.134249767353912
2024-07-26,1.2232045860355134,1.3105142260100733,1.0956976581664857,1.1446992094241184,1.1347839986459785
2024-07-29,1.2232045860355134,1.3104520982669354,1.095916797698119,1.1449180282630442,1.135011128352407
2024-07-30,1.2232045860355134,1.3095906547062197,1.0961359810576585,1.145006472954854,1.1352756113101994
2024-07-31,1.2232045860355134,1.312165555662159,1.0963552082538701,1.1455733073848438,1.135625372935662
2024-08-01,1.2232045860355134,1.3108804299958263,1.0965744792955208,1.14563217964452,1.1356826297749818
2024-08-02,1.2232045860355134,1.2941690128655257,1.09679379419138,1.1405234833786382,1.1301831838889835
2024-08-05,1.2232045860355134,1.3034565974399115,1.097013152950218,1.1360327686837723,1.1264949471506354
2024-08-06,1.2232045860355134,1.306999963675681,1.097232555580808,1.1375401273846955,1.1284098903332844
2024-08-07,1.2232045860355134,1.305349119131162,1.097452002091924,1.1357503020361253,1.1261639435159259
2024-08-08,1.2232045860355134,1.3203801909837019,1.0976714924923425,1.1423985630441027,1.1324122024236518
2024-08-09,1.2232045860355134,1.3278788362151523,1.097891026790841,1.1441138114669565,1.1333286293823757
2024-08-12,1.2232045860355134,1.331617334458505,1.0981106049961993,1.1444117836496743,1.13193848376473
2024-08-13,1.2232045860355134,1.3415148420879457,1.0983302271171984,1.1505503417134488,1.1367245353175022
2024-08-14,1.2232045860355134,1.3469171755389313,1.0985498931626219,1.1518314483781125,1.1377840864052997
2024-08-15,1.2232045860355134,1.3604652464411058,1.0987696031412544,1.1583477968968605,1.1435059469871165
2024-08-16,1.2232045860355134,1.354374877692116,1.0989893570618825,1.1593048660049323,1.144525485531991
2024-08-19,1.2232045860355134,1.3583566806207612,1.0992091549332947,1.1630549254233147,1.147545777867248
2024-08-20,1.2232045860355134,1.3565746547910702,1.0994289967642814,1.162532420650556,1.146055889860011
2024-08-21,1.2243563662835262,1.360124806768073,1.0996488825636341,1.1639206854680944,1.1492201983967254
2024-08-22,1.2254436096723142,1.354865939570338,1.0998688123401468,1.1606573473014241,1.1476942958701446
2024-08-23,1.2254436096723142,1.363544402588466,1.1000887861026147,1.1650177442215273,1.1532093498146294
2024-08-26,1.2254436096723142,1.3549828031222357,1.1003088038598352,1.164156192981936,1.1529210101788758
2024-08-27,1.2254436096723142,1.3617407872169092,1.1005288656206071,1.164814447818762,1.1531598512704593
2024-08-28,1.2278003457915698,1.3560544961285077,1.1007489713937313,1.162558670777173,1.1516953814551452
2024-08-29,1.2281260017041702,1.3524203192953403,1.10096912118801,1.1626146701793996,1.1533215299671848
2024-08-30,1.2271489638712012,1.3448991915254216,1.1011893150122476,1.1640200489380128,1.1546355338185108
2024-09-03,1.2383132029682238,1.334020119302919,1.10140955287525,1.1582892155839992,1.150244262249223
2024-09-04,1.2383132029682238,1.334241531677907,1.101629834785825,1.1581877961230456,1.1502709576910302
2024-09-05,1.2464892144975135,1.3338549492440304,1.1018501607527822,1.158009578652582,1.149641886011178
2024-09-06,1.2464892144975135,1.3319846902290249,1.1020705307849328,1.1571473810190693,1.1490317649016726
2024-09-09,1.2464892144975135,1.3339475080868335,1.1022909448910898,1.1580468313953929,1.1499084464572156
2024-09-10,1.2464892144975135,1.3350141170459993,1.102511403080068,1.1585237106997721,1.1501484331373044
2024-09-11,1.2464892144975135,1.3374087229351723,1.102731905360684,1.1593747891338457,1.1506049913124692
2024-09-12,1.2464892144975135,1.3368150088216917,1.1029524517417562,1.1601153473197363,1.1512149070151323
2024-09-13,1.2464892144975135,1.3378230553040202,1.1031730422321044,1.1606543965118195,1.1520638487015877
2024-09-16,1.2464892144975135,1.3373406850831597,1.1033936768405508,1.1609528161535883,1.1527400065236084
2024-09-17,1.2464892144975135,1.3377700239582015,1.1036143555759188,1.1611821381592313,1.1531159546475969
2024-09-18,1.2457155419912695,1.3371282792276127,1.1038350784470339,1.161180186408269,1.153203160651992
2024-09-19,1.2457155419912695,1.3383715160313552,1.1040558454627232,1.1617799877049932,1.1537011052196977
2024-09-20,1.2457155419912695,1.3383131903972894,1.1042766566318156,1.161951170045069,1.1538463090535223
2024-09-23,1.2457155419912695,1.3379399626475497,1.104497511963142,1.162220168632792,1.154173321495376
2024-09-24,1.2457155419912695,1.3380015866881254,1.1047184114655346,1.1624976978840442,1.1544198596532484
2024-09-25,1.2457155419912695,1.3382401618616633,1.1049393551478277,1.1626576529990948,1.1544915187146088
2024-09-26,1.2457155419912695,1.3391206378602207,1.1051603430188572,1.1629159612384183,1.1548521225194173
2024-09-27,1.244118986455472,1.337062534693762,1.105381375087461,1.1629383630036296,1.155439518162653
2024-09-30,1.244118986455472,1.3382465766870613,1.1056024513624785,1.163495288817189,1.155759502089184
2024-10-01,1.244118986455472,1.3380992114493102,1.105823571852751,1.1628873832195588,1.1554661161233912
2024-10-02,1.244118986455472,1.3394168932754567,1.1060447365671215,1.1631229311073437,1.1556386571930335
2024-10-03,1.244118986455472,1.3408959699152962,1.106265945514435,1.1631577911266204,1.1554492921159503
2024-10-04,1.244118986455472,1.341379010676219,1.1064871987035378,1.164164655801622,1.1563790147960678
2024-10-07,1.244118986455472,1.3402380971097076,1.1067084961432785,1.1635504710789153,1.155857443522121
2024-10-08,1.244118986455472,1.341371724219931,1.1069298378425072,1.1645902743058354,1.1564073364622858
2024-10-09,1.244118986455472,1.34278776425918,1.1071512238100756,1.1654105815850913,1.1572558972824818
2024-10-10,1.244118986455472,1.3423780624618338,1.1073726540548376,1.165450148506836,1.1571181359882496
2024-10-11,1.244118986455472,1.342525371935713,1.1075941285856485,1.1661889248136734,1.1582615439521633
2024-10-14,1.244118986455472,1.3437335695607575,1.1078156474113656,1.1671299514462694,1.1590764395507054
2024-10-15,1.244118986455472,1.3449923900312704,1.1080372105408478,1.1666161155404953,1.1589036717651906
2024-10-16,1.244118986455472,1.3461347435634254,1.108258817982956,1.167209095055117,1.1597224256334449
2024-10-17,1.244118986455472,1.3470973296043645,1.1084804697465527,1.1674148488362006,1.159777599277379
2024-10-18,1.244118986455472,1.3477442531174837,1.1087021658405019,1.1679470405106647,1.1602306364814405
2024-10-21,1.244118986455472,1.3474150038333539,1.10892390627367,1.1679322209557061,1.15943219283727
2024-10-22,1.244118986455472,1.3465971610397,1.1091456910549247,1.168056840705179,1.15913704948687
2024-10-23,1.244118986455472,1.346449662795093,1.1093675201931357,1.16705011769353,1.1588581896372103
2024-10-24,1.2465250760511701,1.3445084512787717,1.1095893936971744,1.1676718496524086,1.1589826414453286
2024-10-25,1.2465250760511701,1.344525815624434,1.1098113115759138,1.1677850097747846,1.1583324875163241
2024-10-28,1.2465250760511701,1.3437537369201908,1.110033273838229,1.1685462257575185,1.1595410216271174
2024-10-29,1.2465250760511701,1.3438664538015923,1.1102552804929966,1.1690305814700297,1.1592489512263415
2024-10-30,1.2465250760511701,1.3425286101856089,1.1104773315490952,1.168483692468798,1.159194340168303
2024-10-31,1.2465250760511701,1.3408249106975685,1.110699427015405,1.1637739075640507,1.1564972579924087
2024-11-01,1.2465250760511701,1.3402656038834044,1.110921566900808,1.1650006646370663,1.1567151641198772
2024-11-04,1.2465250760511701,1.3383057024720797,1.111143751214188,1.1643263320579698,1.1571807111252363
2024-11-05,1.2465250760511701,1.339383263002657,1.1113659799644309,1.168808514876029,1.1621456453530636
2024-11-06,1.2465250760511701,1.3308596129694232,1.1115882531604238,1.178021243522027,1.1712584572777158
2024-11-07,1.2465250760511701,1.3343049027905711,1.1118105708110557,1.1810288083792477,1.172645084689999
2024-11-08,1.2465250760511701,1.3250638061216238,1.1120329329252179,1.1827724492652878,1.1751494294559317
2024-11-11,1.2465250760511701,1.2955258884661074,1.1122553395118029,1.1832394757177247,1.1773264001458101
2024-11-12,1.2465250760511701,1.2930288838806105,1.1124777905797052,1.1821633321918252,1.1746924241591086
2024-11-13,1.2465250760511701,1.2963641072853698,1.112700286137821,1.182452638607331,1.1747458745394528
2024-11-14,1.2465250760511701,1.3021833914142902,1.1129228261950486,1.180119208027927,1.1719836687426817
2024-11-15,1.2461482413015226,1.290728694574564,1.1131454107602876,1.17538835019102,1.169293281486732
2024-11-18,1.2461482413015226,1.2931420818336872,1.1133680398424397,1.1768863586883582,1.1713228841269052
2024-11-19,1.2461482413015226,1.2919134420321818,1.1135907134504082,1.1782397466061705,1.1713071401534436
2024-11-20,1.2392192963912985,1.289579327231058,1.1138134315930983,1.1784343078793322,1.172479660221933
2024-11-21,1.2370396970918967,1.301328438403488,1.1140361942794168,1.1797894622318188,1.175652215231927
2024-11-22,1.2370396970918967,1.3026037368448082,1.1142590015182727,1.1805025470132287,1.177342195942922
2024-11-25,1.2370396970918967,1.3003616887929867,1.1144818533185763,1.1812711942076322,1.1791511807545716
2024-11-26,1.2370396970918967,1.2997201626942771,1.11470474968924,1.1823800675223535,1.1792476637938947
2024-11-27,1.2295122762261133,1.295204897643233,1.1149276906391778,1.1818404618562421,1.1790855752698521
2024-11-29,1.1970986097518432,1.3001105341893306,1.1151506761773056,1.1827323073854867,1.1795929816066997
2024-12-02,1.1970986097518432,1.300349953911281,1.115373706312541,1.1829506754769001,1.179810629094207
2024-12-03,1.1970986097518432,1.3005893736332315,1.1155967810538034,1.1831690435683138,1.1800282765817145
2024-12-04,1.1970986097518432,1.3008287933551816,1.1158199004100142,1.1833874116597274,1.1802459240692216
2024-12-05,1.1970986097518432,1.301068213077132,1.1160430643900963,1.183605779751141,1.180463571556729
2024-12-06,1.1970986097518432,1.3013076327990825,1.1162662730029742,1.1838241478425546,1.1806812190442364
2024-12-09,1.1970986097518432,1.3015470525210326,1.1164895262575747,1.184042515933968,1.180898866531744
2024-12-10,1.1970986097518432,1.301786472242983,1.1167128241628261,1.1842608840253817,1.181116514019251
2024-12-11,1.1970986097518432,1.3020258919649335,1.1169361667276587,1.1844792521167953,1.1813341615067585
2024-12-12,1.1970986097518432,1.3022562448851147,1.1171595539610042,1.1846885534064395,1.1815427421924967
2024-12-13,1.1970986097518432,1.3013800117625456,1.1173829858717963,1.1849105213471975,1.1818184456656127
2024-12-16,1.1970986097518432,1.3013145486511573,1.1176064624689706,1.1850514740915257,1.182090485424715
2024-12-17,1.1970986097518432,1.3021973267570224,1.1178299837614643,1.185344839998683,1.1824459378302594
2024-12-18,1.1970986097518432,1.3033419825189896,1.1180535497582165,1.1861036166612642,1.1831977601360555
2024-12-19,1.1970986097518432,1.303169068411922,1.118277160468168,1.1863163405706294,1.1834640195952688
2024-12-20,1.1970986097518432,1.3027158291519527,1.1185008159002616,1.1865870195091495,1.1837470566370896
2024-12-23,1.1970986097518432,1.3024436808876307,1.1187245160634416,1.186829580980602,1.1839688052295896
2024-12-24,1.1970986097518432,1.3027834008274355,1.1189482609666543,1.1870969181657187,1.184224288762357
2024-12-26,1.1970986097518432,1.302836870903601,1.1191720506188476,1.187311150257388,1.1844424178783592
2024-12-27,1.1970986097518432,1.3031988365309477,1.1193958850289714,1.1874739333497213,1.1846156698860597
2024-12-30,1.1970986097518432,1.303566552949764,1.119619764205977,1.1876330391398637,1.1847793075818795
2024-12-31,1.1970986097518432,1.3038024466381728,1.1198436881588183,1.1878297421206796,1.1849961520097783
2025-01-02,1.1970986097518432,1.3041962311320712,1.12006765689645,1.1880321133450726,1.1852013845559626
2025-01-03,1.1970986097518432,1.3046533164277232,1.1202916704278294,1.1883051638950348,1.185466929230383
2025-01-06,1.1970986097518432,1.3045484789452444,1.120515728761915,1.1885466706052263,1.1856829600009693
2025-01-07,1.1970986097518432,1.3056359371256376,1.1207398319076673,1.1887062591477109,1.1858747284919864
2025-01-08,1.1970986097518432,1.3058869476246349,1.120963979874049,1.1889271911030994,1.1860979638293045
2025-01-10,1.1975677430958207,1.3056330215485838,1.1211881726700237,1.1890597416418023,1.1862214580750865
2025-01-13,1.1975677430958207,1.3058291146690182,1.1214124103045577,1.1893081412814328,1.1865978739666005
2025-01-14,1.1975677430958207,1.306055175523934,1.1216366927866186,1.1895527221137945,1.1869910951058316
2025-01-15,1.1975677430958207,1.3063345792491612,1.121861020125176,1.1901711193761528,1.1874564774510394
2025-01-16,1.1963407846850376,1.3067022998075601,1.122085392329201,1.1903348547802397,1.1878505592589372
2025-01-17,1.1963407846850376,1.3069415679644971,1.1223098094076667,1.1905534034874972,1.188068522613875
2025-01-21,1.1963407846850376,1.3071808361214339,1.122534271369548,1.1907719521947546,1.1882864859688127
2025-01-22,1.1963407846850376,1.307420104278371,1.122758778223822,1.190990500902012,1.1885044493237507
2025-01-23,1.1963407846850376,1.307659372435308,1.1229833299794667,1.1912090496092695,1.1887224126786884
2025-01-24,1.1963407846850376,1.3078986405922448,1.1232079266454627,1.191427598316527,1.1889403760336263
2025-01-27,1.1963407846850376,1.308137908749182,1.1234325682307917,1.1916461470237847,1.189158339388564
2025-01-28,1.1963407846850376,1.308377176906119,1.123657254744438,1.191864695731042,1.1893763027435018
2025-01-29,1.1963407846850376,1.308616445063056,1.1238819861953868,1.1920832444382994,1.1895942660984398
2025-01-30,1.1963407846850376,1.308855713219993,1.1241067625926258,1.1923017931455568,1.1898122294533775
2025-01-31,1.1963407846850376,1.30909498137693,1.1243315839451442,1.1925203418528143,1.1900301928083152
2025-02-03,1.1963407846850376,1.309334249533867,1.1245564502619332,1.192738890560072,1.1902481561632532
2025-02-04,1.1963407846850376,1.309573517690804,1.1247813615519855,1.1929574392673292,1.190466119518191
2025-02-05,1.1963407846850376,1.3098127858477409,1.125006317824296,1.1931759879745867,1.1906840828731289
2025-02-06,1.1963407846850376,1.3100520540046778,1.1252313190878607,1.1933945366818444,1.1909020462280666
2025-02-07,1.1963407846850376,1.310291322161615,1.1254563653516783,1.1936130853891018,1.1911200095830043
2025-02-10,1.1963407846850376,1.310530590318552,1.1256814566247486,1.1938316340963593,1.1913379729379423
2025-02-11,1.1963407846850376,1.310769858475489,1.1259065929160736,1.1940501828036165,1.19155593629288
2025-02-12,1.1963407846850376,1.311009126632426,1.1261317742346568,1.194268731510874,1.191773899647818
2025-02-13,1.1963407846850376,1.3112483947893627,1.1263570005895038,1.1944872802181317,1.1919918630027557
2025-02-14,1.1963407846850376,1.3114876629463,1.1265822719896217,1.1947058289253891,1.1922098263576935
2025-02-18,1.1963407846850376,1.311726931103237,1.1268075884440196,1.1949243776326466,1.1924277897126314
2025-02-19,1.1963407846850376,1.3119661992601739,1.1270329499617084,1.195142926339904,1.1926457530675691
2025-02-20,1.1963407846850376,1.3122054674171109,1.1272583565517007,1.1953614750471615,1.1928637164225069
2025-02-21,1.1963407846850376,1.312444735574048,1.127483808223011,1.195580023754419,1.1930816797774448
2025-02-24,1.1963407846850376,1.312684003730985,1.1277093049846556,1.1957985724616764,1.1932996431323826
2025-02-25,1.1963407846850376,1.312923271887922,1.1279348468456525,1.1960171211689339,1.1935176064873205
2025-02-26,1.1963407846850376,1.313162540044859,1.1281604338150215,1.1962356698761913,1.1937355698422583
2025-02-27,1.1963407846850376,1.3133419911625617,1.1283860659017846,1.1963944015442147,1.1938937161579617
2025-02-28,1.1963407846850376,1.3147540743831938,1.128611743114965,1.1984559853423271,1.1955388576563888
2025-03-03,1.1963407846850376,1.3130262145836746,1.128837465463588,1.19652188707503,1.1942739782856597
2025-03-04,1.1963407846850376,1.310921054128873,1.1290632329566808,1.1953034896292074,1.192516552866204
2025-03-05,1.1963407846850376,1.3130146707091026,1.129289045603272,1.196765920420492,1.1939545395500102
2025-03-06,1.1963407846850376,1.310768572008618,1.1295149034123926,1.194784293348856,1.1923744239666652
2025-03-07,1.1963407846850376,1.307274225527215,1.129740806393075,1.1962614658876234,1.194563684187795
2025-03-10,1.1963407846850376,1.2926453061224321,1.1299667545543535,1.1889946408763632,1.1895926238539842
2025-03-11,1.1963407846850376,1.2981600751110955,1.1301927479052643,1.1869002292004367,1.1868511130554185
2025-03-12,1.1963407846850376,1.3067178780260333,1.1304187864548452,1.188491434499536,1.186535142656623
2025-03-13,1.1963407846850376,1.299262381788333,1.130644870212136,1.1850215155311068,1.183357885116347
2025-03-14,1.1963407846850376,1.305563378144562,1.1308709991861785,1.1916960587624708,1.1902225770953003
2025-03-17,1.1963407846850376,1.3094067618090506,1.1310971733860158,1.1943338925749518,1.1949323906244107
2025-03-18,1.1963407846850376,1.3030034540494273,1.131323392820693,1.1909765933283067,1.1927521717167142
2025-03-19,1.1963407846850376,1.3069745560844963,1.131549657499257,1.1946279233714918,1.1958844318059305
2025-03-20,1.1963407846850376,1.3073560364796832,1.1317759674307568,1.1937818001893703,1.1948487474466167
2025-03-21,1.1963407846850376,1.3096710394760414,1.1320023226242428,1.1940569005013677,1.1930388687367925
2025-03-24,1.1963407846850376,1.3174918125750938,1.1322287230887678,1.2021294426486377,1.200991132843108
2025-03-25,1.1963407846850376,1.318149053125313,1.1324551688333855,1.2033436747258346,1.199995956928407
2025-03-26,1.1963407846850376,1.3053384719504906,1.132681659867152,1.198069174193117,1.1983148034710265
2025-03-27,1.1892916032865684,1.2982300724518983,1.1329081961991254,1.1969755672333389,1.1964359410552687
2025-03-28,1.1892916032865684,1.2901165898486318,1.1331347778383651,1.190487860950185,1.191321916723325
2025-03-31,1.1892916032865684,1.2919399854179616,1.1333614047939329,1.1928086602902588,1.1937598996604615
2025-04-01,1.1892916032865684,1.2947315566286413,1.1335880770748916,1.193879326917893,1.1945774779582066
2025-04-02,1.1892916032865684,1.2980065187724283,1.1338147946903065,1.1960953727655685,1.1980021206484885
2025-04-03,1.1616440926256115,1.2734917351342976,1.1340415576492446,1.1800402266223917,1.1807715244692425
2025-04-04,1.151502572632637,1.2631883759518197,1.1342683659607744,1.1685197924967745,1.1692107145737465
2025-04-07,1.151502572632637,1.2621714915496969,1.1344952196339666,1.1684308614836112,1.1686071202771706
2025-04-08,1.151502572632637,1.2609540108989994,1.1347221186778933,1.1662367652299441,1.165905645691588
2025-04-09,1.151502572632637,1.2717000419637998,1.1349490631016288,1.1820989603350482,1.1789716975596807
2025-04-10,1.1478754493982462,1.2647138815806722,1.1351760529142492,1.1750374527652634,1.1734910333767865
2025-04-11,1.1478754493982462,1.2645679054790817,1.135403088124832,1.1772146043043712,1.1753650474879453
2025-04-14,1.1478754493982462,1.2669510649279794,1.135630168742457,1.1785047814939924,1.1769242652451946
2025-04-15,1.1478754493982462,1.2666682499593511,1.1358572947762056,1.178338419446597,1.1768194809350319
2025-04-16,1.1478754493982462,1.2642500775110728,1.1360844662351608,1.1743352439859518,1.1743443163902325
2025-04-17,1.1409368901253842,1.2641855816644803,1.136311683128408,1.1747295661935173,1.1758794882664978
2025-04-21,1.1409368901253842,1.2650814354708244,1.1365389454650336,1.1737106638400956,1.174966178195795
2025-04-22,1.1409368901253842,1.2670911566410574,1.1367662532541267,1.1752083878262052,1.1764897167737622
2025-04-23,1.1409368901253842,1.2678052831014506,1.1369936065047774,1.1761330750390544,1.1772559885126028
2025-04-24,1.1409368901253842,1.2783997602786703,1.1372210052260783,1.1801653360774,1.181077323074196
2025-04-25,1.1409368901253842,1.2848451120781164,1.1374484494271235,1.18283046561288,1.181024068003481
2025-04-28,1.1409368901253842,1.2883532656641095,1.137675939117009,1.1831265228496646,1.182653618839765
2025-04-29,1.1409368901253842,1.2893330486596524,1.1379034743048324,1.1862308144972922,1.1854364207513453
2025-04-30,1.1409368901253842,1.2907840116018088,1.1381310549996932,1.1865353726601942,1.186154509468626
2025-05-01,1.1409368901253842,1.300522171790455,1.1383586812106932,1.1900252540753526,1.1861112782235814
2025-05-02,1.1409368901253842,1.3153833031305953,1.1385863529469353,1.1975358237144695,1.1950935123567825
2025-05-05,1.1409368901253842,1.3092160122798038,1.1388140702175247,1.1940462044839983,1.1929229217935635
2025-05-06,1.1409368901253842,1.3017800324512858,1.1390418330315681,1.1889493703748388,1.1886096329464781
2025-05-07,1.1409368901253842,1.310527923612298,1.1392696413981744,1.1916242903285186,1.192651085826449
2025-05-08,1.1409368901253842,1.312277584108614,1.139497495326454,1.196016329840911,1.198519887986984
2025-05-09,1.1409368901253842,1.3119698507545745,1.1397253948255193,1.1953117005314673,1.1987078592683165
2025-05-12,1.1409368901253842,1.344402283305038,1.1399533399044843,1.215929491379588,1.2174074990211006
2025-05-13,1.149236446279502,1.3592129158645547,1.1401813305724653,1.2202311493334579,1.2197475002491454
2025-05-14,1.149236446279502,1.3572142055164529,1.1404093668385797,1.2210573472836563,1.2169632858318977
2025-05-15,1.1576344356096384,1.3573894717258825,1.1406374487119475,1.2239138071813522,1.2217028995767507
2025-05-16,1.1576344356096384,1.3591208074172,1.14086557620169,1.2277713236270675,1.227724816022142
2025-05-19,1.1576344356096384,1.3577992269626353,1.1410937493169302,1.2285275117693384,1.2278483320402125
2025-05-20,1.1576344356096384,1.356791143019509,1.1413219680667936,1.2266241583904844,1.226112809483119
2025-05-21,1.19874265384598,1.3459048648543575,1.141550232460407,1.2166580430779785,1.2132205970594148
2025-05-22,1.220610144744457,1.3447011845340149,1.1417785425068991,1.2169109249220287,1.212258049649622
2025-05-23,1.2187799269737982,1.3450552715877042,1.1420068982154006,1.215266511074597,1.2114000867694061
2025-05-27,1.2187799269737982,1.3463141301033306,1.1422352995950436,1.2183413325597354,1.2141953530139538
2025-05-28,1.2187799269737982,1.34484027042888,1.1424637466549625,1.217715474686698,1.2131651382276023
2025-05-29,1.2208219677462453,1.345795058288771,1.1426922394042935,1.2184568594280745,1.213857285999869
2025-05-30,1.2175213789940666,1.3455603917949046,1.1429207778521744,1.2184857091287122,1.2139325481034147
2025-06-02,1.2175213789940666,1.3458038960707037,1.1431493620077449,1.2187067036006984,1.2141525505366806
2025-06-03,1.2175213789940666,1.3460474003465026,1.1433779918801463,1.2189276980726846,1.2143725529699465
2025-06-04,1.2175213789940666,1.3462909046223015,1.1436066674785224,1.2191486925446706,1.2145925554032124
2025-06-05,1.2175213789940666,1.3465344088981004,1.143835388812018,1.2193696870166566,1.2148125578364786
2025-06-06,1.2175213789940666,1.346777913173899,1.1440641558897804,1.2195906814886428,1.2150325602697445
2025-06-09,1.2175213789940666,1.347021417449698,1.1442929687209584,1.219811675960629,1.2152525627030104
2025-06-10,1.2175213789940666,1.3472649217254968,1.1445218273147026,1.220032670432615,1.2154725651362763
2025-06-11,1.2175213789940666,1.3475084260012955,1.1447507316801655,1.220253664904601,1.2156925675695425
2025-06-12,1.2175213789940666,1.3477519302770944,1.1449796818265014,1.2204746593765872,1.2159125700028084
2025-06-13,1.2175213789940666,1.3479954345528933,1.1452086777628667,1.2206956538485734,1.2161325724360743
2025-06-16,1.2175213789940666,1.3482389388286922,1.1454377194984193,1.2209166483205594,1.2163525748693402
2025-06-17,1.2175213789940666,1.348482443104491,1.145666807042319,1.2211376427925453,1.2165725773026064
2025-06-18,1.2175213789940666,1.3487259473802897,1.1458959404037274,1.2213586372645315,1.2167925797358723
2025-06-20,1.2175213789940666,1.3489694516560886,1.146125119591808,1.2215796317365175,1.2170125821691384
2025-06-23,1.2175213789940666,1.3492129559318875,1.1463543446157265,1.2218006262085037,1.2172325846024041
2025-06-24,1.2175213789940666,1.3494564602076862,1.1465836154846496,1.2220216206804897,1.2174525870356703
2025-06-25,1.2175213789940666,1.349699964483485,1.1468129322077465,1.2222426151524757,1.2176725894689362
2025-06-26,1.2175213789940666,1.349943468759284,1.147042294794188,1.2224636096244619,1.2178925919022023
2025-06-27,1.2175213789940666,1.3501869730350828,1.147271703253147,1.222684604096448,1.2181125943354683
